Handle,Title,Description,SEO Title,SEO Description,Option1 Name,Option1 Value,Option2 Name,Option2 Value,Option3 Name,Option3 Value,SKU,Quantity,Regular Price,Sale Price,Cost,Images,Variant Image,Status,Collections,URL,Tax,Created,Updated,Length,Width,Height,Weight
إستيكر-كرومي-واستيتش-مجسم,إستيكر كرومي واستيتش مجسم,,إستيكر كرومي واستيتش مجسم,,استيكر,كرومي,,,,,,Available,30,25,,https://assets.wuiltstore.com/cmkn0pmmw077k01gnbo435ch4_IMG20251224170145_1086.webp https://assets.wuiltstore.com/cmkn0po9w077l01gn6zfr0eld_IMG20251224170241_7475.webp https://assets.wuiltstore.com/cmkn0ppwd077m01gngfwmc8wz_IMG20251224170159_6445.webp https://assets.wuiltstore.com/cmkn0pri2077n01gndjvkbhq8_IMG20251224170244_4463.webp https://assets.wuiltstore.com/cmkn0pt3n077o01gn6hrlbqj4_IMG20251224170304_9169.webp https://assets.wuiltstore.com/cmkn0punp077p01gn8kzk2yl6_IMG20251224170350_6482.webp https://assets.wuiltstore.com/cmkn0pwcz077q01gn3l7i96sn_IMG20251224170357_2387.webp https://assets.wuiltstore.com/cmkn0pxyk077r01gnf5gt5xdl_IMG20251224170310_5139.webp https://assets.wuiltstore.com/cmkn0pzju077s01gnel9odadq_IMG20251224170210_2768.webp https://assets.wuiltstore.com/cmkn0q0yj077t01gn062w5oi3_IMG20251224170111_6483.webp,,ACTIVE,استيكر,https://lolishop.wuiltstore.com/ar/product/all/إستيكر-كرومي-واستيتش-مجسم,Global,2026-01-20T22:59:33.812Z,2026-09-23T22:38:43.846Z,,,,
إستيكر-كرومي-واستيتش-مجسم,,,,,استيكر,استيتش,,,,,,Available,30,25,,,,,,https://lolishop.wuiltstore.com/ar/product/all/إستيكر-كرومي-واستيتش-مجسم,,,,,,,
إستيكر-كرومي-واستيتش-مجسم,,,,,استيكر,لابوبو الأصفر,,,,,,Available,30,25,,,,,,https://lolishop.wuiltstore.com/ar/product/all/إستيكر-كرومي-واستيتش-مجسم,,,,,,,
إستيكر-كرومي-واستيتش-مجسم,,,,,استيكر,لابوبو الأحمر,,,,,,Available,30,25,,,,,,https://lolishop.wuiltstore.com/ar/product/all/إستيكر-كرومي-واستيتش-مجسم,,,,,,,
إستيكر-كرومي-واستيتش-مجسم,,,,,استيكر,ميلودي,,,,,,Available,30,25,,,,,,https://lolishop.wuiltstore.com/ar/product/all/إستيكر-كرومي-واستيتش-مجسم,,,,,,,
⁨‫اسكوب-‫vip⁩,اسكوب vip,,اسكوب vip,,الاختيار,نص اسكوب,,,,,,Available,600,,,https://assets.wuiltstore.com/cmlizbvjs034501gn8f1v3jms_IMG20260212011511.webp https://assets.wuiltstore.com/cmlizbx6b034601gn179h152i_IMG20260212011506.webp https://assets.wuiltstore.com/cmlizbyrd034701gn2rqt5lx3_IMG20260212011454.webp https://assets.wuiltstore.com/cmlizc0ep034801gngzpp4es7_IMG20260212011450.webp https://assets.wuiltstore.com/cmlizc43j034a01gnfp129c0l_IMG20260212011436.webp https://assets.wuiltstore.com/cmlizc29f034901gne9e15wi5_IMG20260212011402.webp,,ACTIVE,,https://lolishop.wuiltstore.com/ar/product/all/⁨‫اسكوب-‫vip⁩,Global,2026-02-12T07:49:30.193Z,2026-09-23T22:38:43.846Z,,,,
⁨‫اسكوب-‫vip⁩,,,,,الاختيار,اسكوب,,,,,,Available,1200,,,,,,,https://lolishop.wuiltstore.com/ar/product/all/⁨‫اسكوب-‫vip⁩,,,,,,,
loose-leaf-metal-binder,دفتر loose leaf معدن,,كشكول loose leaf معدن,,,,,,,,,Available,150,,,https://assets.wuiltstore.com/cml8syhfm00cs01gn80nb53yg_IMG20260205005536.webp https://assets.wuiltstore.com/cml8syj2y00ct01gn4rd7ek33_IMG20260205005632.webp https://assets.wuiltstore.com/cml8sykos00cu01gnd297crlr_IMG20260205005615.webp https://assets.wuiltstore.com/cml8symf700cv01gn8vye2qhq_IMG20260205005603.webp https://assets.wuiltstore.com/cml8syo1p00cw01gn96tg7wi5_IMG20260205005558.webp https://assets.wuiltstore.com/cml8sypqp00cx01gn3z2h4184_IMG20260205005539.webp https://assets.wuiltstore.com/cml8syrfo00cy01gndo27fckz_IMG20260205005527.webp https://assets.wuiltstore.com/cml8syt7c00cz01gn5mfk4zmu_IMG20260205005525.webp https://assets.wuiltstore.com/cml8syuwv00d001gn34lgf7qq_IMG20260205005439.webp https://assets.wuiltstore.com/cml8syy4u00d201gngmyi7siy_IMG20260205005437.webp https://assets.wuiltstore.com/cml8sywin00d101gnhz2jga7j_IMG20260205004703.webp,,ACTIVE,دفاتر ونوت بوك,https://lolishop.wuiltstore.com/ar/product/all/loose-leaf-metal-binder,Global,2026-02-05T04:53:25.931Z,2026-09-23T22:38:43.846Z,,,,
كوب-أقلام-كيوووو,منظم أقلام كيوت,,كوب أقلام كيوووو,,كوب,اخضر,,,,,,Available,90,85,,https://assets.wuiltstore.com/cmlajq4n2001401gn4mqygn9h_IMG_20260206_090903_539.webp https://assets.wuiltstore.com/cmlajq93d001901gn7p1o7ov4_IMG_20260206_090903_316.webp https://assets.wuiltstore.com/cmlajq5nl001501gnb6jgbvro_IMG_20260206_090903_239.webp https://assets.wuiltstore.com/cmlajq6is001601gn3kog3ld3_IMG_20260206_090903_629.webp https://assets.wuiltstore.com/cmlajq7bt001701gn5t3xgy5l_IMG_20260206_090903_835.webp https://assets.wuiltstore.com/cmlajq84g001801gnc3aabhcn_IMG_20260206_090904_034.webp,https://assets.wuiltstore.com/cmlajq6is001601gn3kog3ld3_IMG_20260206_090903_629.webp,ACTIVE,منظمات مكتب,https://lolishop.wuiltstore.com/ar/product/all/كوب-أقلام-كيوووو,Global,2026-02-06T10:10:32.081Z,2026-09-23T22:38:43.846Z,,,,
كوب-أقلام-كيوووو,,,,,كوب,لبني,,,,,,Available,90,85,,,https://assets.wuiltstore.com/cmlajq5nl001501gnb6jgbvro_IMG_20260206_090903_239.webp,,,https://lolishop.wuiltstore.com/ar/product/all/كوب-أقلام-كيوووو,,,,,,,
كوب-أقلام-كيوووو,,,,,كوب,بينك,,,,,,Available,90,85,,,https://assets.wuiltstore.com/cmlajq7bt001701gn5t3xgy5l_IMG_20260206_090903_835.webp,,,https://lolishop.wuiltstore.com/ar/product/all/كوب-أقلام-كيوووو,,,,,,,
أجندة-الاديب-أستك,أجندة الاديب أستك,,أجندة الاديب أستك,,,,,,,,,Available,95,,,https://assets.wuiltstore.com/cmu5sqiu41qnf01lc42xj2g8k_1789569351320.webp https://assets.wuiltstore.com/cmu5sqi631qnb01lc9qs85067_1789569546060.webp https://assets.wuiltstore.com/cmu0c1tzs1gsz01lc9lz073ek_IMG20260913235409.webp https://assets.wuiltstore.com/cmu0c1ugd1gt101lcfsbf4mew_IMG20260913235407.webp https://assets.wuiltstore.com/cmu0c1uwv1gt301lce9ot96ia_IMG20260913235357.webp https://assets.wuiltstore.com/cmu0c1vww1gt501lc78t699ey_IMG20260913235351.webp https://assets.wuiltstore.com/cmu0c1wv81gt701lc0pk4767n_IMG20260913235333.webp https://assets.wuiltstore.com/cmu5sqida1qnc01lceiel3ugs_1789569466402.webp https://assets.wuiltstore.com/cmu5sqiiy1qnd01lc57fn3uff_1789569409674.webp https://assets.wuiltstore.com/cmu5sqio61qne01lcff87evqy_1789569283339.webp,,ACTIVE,"دفاتر ونوت بوك,الأكثر طلباً",https://lolishop.wuiltstore.com/ar/product/all/أجندة-الاديب-أستك,Global,2026-09-14T00:35:18.043Z,2026-09-23T22:38:15.182Z,,,,
توتي-باج-استيتش,توتي باج استيتش,,توتي باج استيتش,,,,,,,,,Available,280,,,https://assets.wuiltstore.com/cmu46t7g81nhp01lca2cu57um_1789567082393.webp https://assets.wuiltstore.com/cmu46t7n91nhq01lc32qr871g_1789567183383.webp https://assets.wuiltstore.com/cmu46t7te1nhr01lc4yy70r06_1789567141241.webp https://assets.wuiltstore.com/cmu46t85t1nht01lc2s7idn34_1789567035003.webp https://assets.wuiltstore.com/cmu46t7zn1nhs01lc7rg27r10_1789566975321.webp,,ACTIVE,"الأكثر طلباً,توكه وشنطة وشراب",https://lolishop.wuiltstore.com/ar/product/all/توتي-باج-استيتش,Global,2026-09-16T17:19:45.216Z,2026-09-23T22:38:15.182Z,,,,
قلم-سرنجة,قلم سرنجة,,قلم سرنجة,,,,,,,,,Available,25,,,https://assets.wuiltstore.com/cmu5sksbr1qn401lc8m894qvn_1789568984321.webp,,ACTIVE,"الأكثر طلباً,أقلام ",https://lolishop.wuiltstore.com/ar/product/all/قلم-سرنجة,Global,2026-09-14T12:22:38.798Z,2026-09-23T22:38:15.182Z,,,,
⁨‫قلم-عضمة-‫4-أشكال⁩,قلم عضمة 4 أشكال,,قلم عضمة 4 أشكال,,,,,,,,,Available,25,,,https://assets.wuiltstore.com/cmu5smcx41qna01lc6kfeb7tu_1789568923912.webp https://assets.wuiltstore.com/cmu118l5q1hc001lc1zvfh8po_IMG-20260913-WA0007.webp https://assets.wuiltstore.com/cmu118l9b1hc101lchrso02jz_IMG-20260913-WA0014.webp https://assets.wuiltstore.com/cmu118le61hc201lc9nvc447c_IMG-20260913-WA0015.webp https://assets.wuiltstore.com/cmu118ljs1hc301lc6vgmcwyu_IMG-20260913-WA0013.webp https://assets.wuiltstore.com/cmu118m3y1hc601lcgshcahzd_IMG-20260913-WA0011.webp https://assets.wuiltstore.com/cmu118l121hbz01lc0lqqf7pi_IMG-20260913-WA0010.webp,,ACTIVE,"الأكثر طلباً,أقلام ",https://lolishop.wuiltstore.com/ar/product/all/⁨‫قلم-عضمة-‫4-أشكال⁩,Global,2026-09-14T12:20:25.582Z,2026-09-23T22:38:15.182Z,,,,
mg,مقلمة m.g ,,مقلمة m.g ,,,,,,,,,Available,130,115,,https://assets.wuiltstore.com/cmkvawak60ra601gn4fpbgqf7_1000202189.webp https://assets.wuiltstore.com/cmkvawbv50ra701gnfzmad4sn_1000202191.webp https://assets.wuiltstore.com/cmkvawd230ra801gn74acd604_1000202194.webp https://assets.wuiltstore.com/cmkvawebb0ra901gn6v8z7l2s_1000202193.webp https://assets.wuiltstore.com/cmkvawfkc0raa01gnbalr1bao_1000202190.webp https://assets.wuiltstore.com/cmkvawi0z0rac01gn6cjr0zjy_1000202195.webp https://assets.wuiltstore.com/cmkvawgrx0rab01gn8hh169t4_1000202192.webp,,ACTIVE,عروض آخر قطع ,https://lolishop.wuiltstore.com/ar/product/all/mg,Global,2026-01-26T18:06:50.495Z,2026-09-23T22:30:40.937Z,,,,
دفاتر-بأسماء-المواد,دفاتر بأسماء المواد ,,دفاتر بأسماء المواد ,,,,,,,,,Available,80,,,https://assets.wuiltstore.com/cmu8j3fjx1u8601lcbpg348rg_1789579394018.webp https://assets.wuiltstore.com/cmty2uxo91dwa01lchx6e2ebi_IMG_20260912_103616_296.webp https://assets.wuiltstore.com/cmty2uyc21dwe01lc5ejtb5hq_IMG_20260912_103608_259.webp https://assets.wuiltstore.com/cmty2uymm1dwg01lc1re7he8w_IMG_20260912_103608_685.webp https://assets.wuiltstore.com/cmty2uyhe1dwf01lcewllbej9_IMG_20260912_103608_079.webp https://assets.wuiltstore.com/cmty2uxi61dw901lcc1uk5pcm_IMG_20260912_103616_046.webp https://assets.wuiltstore.com/cmu8j3e481u7y01lc1l89brts_1789587858158.webp https://assets.wuiltstore.com/cmu8j3ec51u7z01lc2x3c4duy_1789587755111.webp https://assets.wuiltstore.com/cmu8j3esz1u8101lc75bl6q8v_1789587141615.webp https://assets.wuiltstore.com/cmu8j3eui1u8201lc92leb72m_1789587086020.webp https://assets.wuiltstore.com/cmu8j3f0l1u8301lc0ki49jga_1789582235332.webp https://assets.wuiltstore.com/cmu8j3f6c1u8401lchqzmdy1b_1789582071623.webp https://assets.wuiltstore.com/cmu8j3fdk1u8501lc6zjbe7dw_1789579543240.webp https://assets.wuiltstore.com/cmu8j3fqc1u8701lcg7ps3z86_1789579480868.webp,,ACTIVE,دفاتر ونوت بوك,https://lolishop.wuiltstore.com/ar/product/all/دفاتر-بأسماء-المواد,Global,2026-09-12T10:42:28.496Z,2026-09-19T18:15:34.951Z,,,,
شنطة-استيتش-حضانه,شنطة استيتش حضانه,,شنطة استيتش حضانه,,,,,,,,,Available,290,,,https://assets.wuiltstore.com/cmu0cvjmg1gvt01lc4jw2bavy_IMG20260913235458.webp https://assets.wuiltstore.com/cmu0cvl1f1gvx01lcae1thnfp_IMG20260913235512.webp https://assets.wuiltstore.com/cmu0cvkki1gvv01lcdfp04w4f_IMG20260913235452.webp,,ACTIVE,توكه وشنطة وشراب,https://lolishop.wuiltstore.com/ar/product/all/شنطة-استيتش-حضانه,Global,2026-09-14T00:58:26.209Z,2026-09-14T00:58:26.251Z,,,,
فايلات-ورق-تحفة,فايلات ورق تحفة,,فايلات ورق تحفة,,,,,,,,,Available,25,,,https://assets.wuiltstore.com/cmu0crruv1gvh01lc54466zhz_IMG20260913235539.webp https://assets.wuiltstore.com/cmu0crsos1gvj01lc77ye3eqi_IMG20260913235634.webp https://assets.wuiltstore.com/cmu0cruc91gvn01lc8yxuboa4_IMG20260913235616.webp https://assets.wuiltstore.com/cmu0crtjh1gvl01lc6fsmcchr_IMG20260913235555.webp,,ACTIVE,منتجات أخري,https://lolishop.wuiltstore.com/ar/product/all/فايلات-ورق-تحفة,Global,2026-09-14T00:55:30.407Z,2026-09-14T00:55:30.452Z,,,,
كراسة-تلوين-واستيكر,كراسة تلوين واستيكر ,,كراسة تلوين واستيكر ,,,,,,,,,Available,20,,,https://assets.wuiltstore.com/cmu0co56g1guu01lcglbo8p81_IMG20260913235741.webp https://assets.wuiltstore.com/cmu0co6u21guw01lc1lzm8tmu_IMG20260913235849.webp https://assets.wuiltstore.com/cmu0co7r21guy01lcbqqveif2_IMG20260913235842.webp https://assets.wuiltstore.com/cmu0co9pk1gv001lc8lyo9v0o_IMG20260913235836.webp https://assets.wuiltstore.com/cmu0coak51gv201lcg58g52le_IMG20260913235831.webp https://assets.wuiltstore.com/cmu0cocfl1gv401lcfk1i3c6o_IMG20260913235821.webp https://assets.wuiltstore.com/cmu0coeh31gv601lcedvk5ck1_IMG20260913235808.webp https://assets.wuiltstore.com/cmu0cogd11gv801lc2q0w119k_IMG20260913235757.webp https://assets.wuiltstore.com/cmu0coi5v1gva01lcfubb2mjv_IMG20260913235728.webp https://assets.wuiltstore.com/cmu0cokz71gve01lcbvzo6uvc_IMG20260913235720.webp https://assets.wuiltstore.com/cmu0coj7v1gvc01lcc4aacwpz_IMG20260913235701.webp,,ACTIVE,رسم وتلوين ,https://lolishop.wuiltstore.com/ar/product/all/كراسة-تلوين-واستيكر,Global,2026-09-14T00:52:39.836Z,2026-09-14T00:52:39.908Z,,,,
⁨‫الوان-دومس-‫12-قلم-صغير⁩,الوان دومس 12 قلم صغير,,الوان دومس 12 قلم صغير,,,,,,,,,Available,25,,,https://assets.wuiltstore.com/cmu0chfrn1gul01lce5m1hnq6_IMG20260913235909.webp https://assets.wuiltstore.com/cmu0chegd1guj01lc0846h2rp_IMG20260913235907.webp,,ACTIVE,رسم وتلوين ,https://lolishop.wuiltstore.com/ar/product/all/⁨‫الوان-دومس-‫12-قلم-صغير⁩,Global,2026-09-14T00:47:25.780Z,2026-09-14T00:47:25.830Z,,,,
⁨‫دفتر-الأديب-‫100-ورقة-وسط⁩,دفتر الأديب 100 ورقة وسط,,دفتر الأديب 100 ورقة وسط,,,,,,,,,Available,70,,,https://assets.wuiltstore.com/cmu0ceq7r1gug01lchzora5i4_IMG20260913235938.webp https://assets.wuiltstore.com/cmu0ceoe31gue01lc6b8291a0_IMG20260913235947.webp,,ACTIVE,دفاتر ونوت بوك,https://lolishop.wuiltstore.com/ar/product/all/⁨‫دفتر-الأديب-‫100-ورقة-وسط⁩,Global,2026-09-14T00:45:19.772Z,2026-09-14T00:45:19.845Z,,,,
⁨‫دفتر-الأديب-‫80-ورقة-وسط⁩,دفتر الأديب 80 ورقة وسط,,دفتر الأديب 80 ورقة وسط,,,,,,,,,Available,65,,,https://assets.wuiltstore.com/cmu0cch321gtw01lccu497z51_IMG20260914000140.webp https://assets.wuiltstore.com/cmu0cchky1gty01lcgh25bklo_IMG20260914000231.webp https://assets.wuiltstore.com/cmu0ccif41gu001lc8xd5bc0g_IMG20260914000223.webp https://assets.wuiltstore.com/cmu0ccjpg1gu201lcghs559co_IMG20260914000213.webp https://assets.wuiltstore.com/cmu0cckk11gu401lcgtvy7zc3_IMG20260914000204.webp https://assets.wuiltstore.com/cmu0cclf31gu601lc0khmcykp_IMG20260914000153.webp https://assets.wuiltstore.com/cmu0ccnzz1gua01lc6zlegtnt_IMG20260914000130.webp https://assets.wuiltstore.com/cmu0ccm971gu801lc5u9ved3c_IMG20260913235957.webp,,ACTIVE,دفاتر ونوت بوك,https://lolishop.wuiltstore.com/ar/product/all/⁨‫دفتر-الأديب-‫80-ورقة-وسط⁩,Global,2026-09-14T00:43:36.439Z,2026-09-14T00:43:36.522Z,,,,
استيكي-نوت-قطة-1,استيكي نوت قطة ,,استيكي نوت قطة ,,,,,,,,,Available,35,,,https://assets.wuiltstore.com/cmt5x7g4z0fs001lc0gdq4h4d_1000419978.webp https://assets.wuiltstore.com/cmt5x7fzg0frz01lc2jbtbemz_1000419976.webp https://assets.wuiltstore.com/cmt5x7gao0fs101lc4nwm2lox_1000419977.webp,,ACTIVE,استيكي نوت وفواصل ,https://lolishop.wuiltstore.com/ar/product/all/استيكي-نوت-قطة-1,Global,2026-08-23T17:46:43.261Z,2026-08-26T21:26:55.192Z,,,,
كوريكتور-سائل-عادي-كبير,كوريكتور سائل عادي كبير ,,كوريكتور سائل عادي كبير ,,,,,,,,,Available,20,,,https://assets.wuiltstore.com/cmt5x4syh0fru01lc7u41dmkp_1000419975.webp https://assets.wuiltstore.com/cmt5x4t4h0frv01lc5g4oax6y_1000419972.webp https://assets.wuiltstore.com/cmt5x4tgs0frx01lcgdac51ax_1000419973.webp https://assets.wuiltstore.com/cmt5x4tbd0frw01lc3hj19qot_1000419974.webp,,ACTIVE,منتجات أخري,https://lolishop.wuiltstore.com/ar/product/all/كوريكتور-سائل-عادي-كبير,Global,2026-08-23T17:44:40.175Z,2026-08-23T17:44:40.215Z,,,,
أستيكة-فايبر-كاسيل,أستيكة فايبر كاسيل ,,أستيكة فايبر كاسيل ,,,,,,,,,Available,15,,,https://assets.wuiltstore.com/cmt5x37fy0frr01lcdh7pb2vu_1000419971.webp https://assets.wuiltstore.com/cmt5x37rj0frt01lc81rb7d7d_1000419969.webp https://assets.wuiltstore.com/cmt5x37m40frs01lccthmfx7f_1000419970.webp,,ACTIVE,أستيكة وبراية ,https://lolishop.wuiltstore.com/ar/product/all/أستيكة-فايبر-كاسيل,Global,2026-08-23T17:43:25.630Z,2026-08-23T17:43:25.681Z,,,,
⁨‫طقم-قلم-جيل-‫12-لون⁩,طقم قلم جيل 12 لون ,,طقم قلم جيل 12 لون ,,,,,,,,,Available,80,,,https://assets.wuiltstore.com/cmt5wyxnr0frh01lc8m7jcpi3_1000419951.webp https://assets.wuiltstore.com/cmt5wyxu00fri01lcg5wm8vpi_1000419950.webp https://assets.wuiltstore.com/cmt5wyxzm0frj01lca8br409t_1000419947.webp https://assets.wuiltstore.com/cmt5wyy5v0frk01lcbukkaop8_1000419948.webp https://assets.wuiltstore.com/cmt5wyyh20frm01lcenq6eq3i_1000419949.webp https://assets.wuiltstore.com/cmt5wyybs0frl01lca6g50lr0_1000419946.webp,,ACTIVE,أقلام ,https://lolishop.wuiltstore.com/ar/product/all/⁨‫طقم-قلم-جيل-‫12-لون⁩,Global,2026-08-23T17:40:06.322Z,2026-08-23T17:40:06.379Z,,,,
⁨‫طقم-قلم-فسفوري-هايلايتر-ف-علبة-فاكيوم-‫6-لون⁩,طقم قلم فسفوري هايلايتر ف علبة فاكيوم 6 لون ,,طقم قلم فسفوري هايلايتر ف علبة فاكيوم 6 لون ,,,,,,,,,Available,110,,,https://assets.wuiltstore.com/cmt5wxqle0fr801lceell6238_1000419945.webp https://assets.wuiltstore.com/cmt5wxqr40fr901lcfima6rwd_1000419944.webp https://assets.wuiltstore.com/cmt5wxqx70fra01lcdugyfjmb_1000419941.webp https://assets.wuiltstore.com/cmt5wxr2w0frb01lcdxcfcy66_1000419942.webp https://assets.wuiltstore.com/cmt5wxr8d0frc01lc5uj60bto_1000419943.webp https://assets.wuiltstore.com/cmt5wxrdx0frd01lchhlhfvyc_1000419940.webp https://assets.wuiltstore.com/cmt5wxrjy0fre01lc0vhfdhbz_1000419939.webp https://assets.wuiltstore.com/cmt5wxrvf0frg01lc2sadglid_1000419938.webp https://assets.wuiltstore.com/cmt5wxrpc0frf01lcdpq1b8i5_1000419937.webp,,ACTIVE,هايلايتر ,https://lolishop.wuiltstore.com/ar/product/all/⁨‫طقم-قلم-فسفوري-هايلايتر-ف-علبة-فاكيوم-‫6-لون⁩,Global,2026-08-23T17:39:10.508Z,2026-08-23T17:39:10.575Z,,,,
منبه-جرس-لوكس-كبير,منبه جرس لوكس كبير,,منبه جرس لوكس كبير,,أشكال,واحد,,,,,,Available,265,,,https://assets.wuiltstore.com/cmt5wvufs0fqv01lcgvtpa2iv_1000419936.webp https://assets.wuiltstore.com/cmt5wvumg0fqw01lcbzw0hvco_1000419935.webp https://assets.wuiltstore.com/cmt5wvuta0fqx01lc76bye3wv_1000419932.webp https://assets.wuiltstore.com/cmt5wvuz20fqy01lc6w937cdg_1000419933.webp https://assets.wuiltstore.com/cmt5wvvb20fr001lcgfpz7b3j_1000419934.webp https://assets.wuiltstore.com/cmt5wvv4z0fqz01lcav2t0uvz_1000419931.webp,https://assets.wuiltstore.com/cmt5wvufs0fqv01lcgvtpa2iv_1000419936.webp,ACTIVE,أباجورة ومنبه ,https://lolishop.wuiltstore.com/ar/product/all/منبه-جرس-لوكس-كبير,Global,2026-08-23T17:37:42.157Z,2026-08-23T17:37:58.958Z,,,,
منبه-جرس-لوكس-كبير,,,,,أشكال,تلاتة ,,,,,,Available,265,,,,https://assets.wuiltstore.com/cmt5wvumg0fqw01lcbzw0hvco_1000419935.webp,,,https://lolishop.wuiltstore.com/ar/product/all/منبه-جرس-لوكس-كبير,,,,,,,
منبه-جرس-لوكس-كبير,,,,,أشكال,اتنين ,,,,,,Available,265,,,,https://assets.wuiltstore.com/cmt5wvuta0fqx01lc76bye3wv_1000419932.webp,,,https://lolishop.wuiltstore.com/ar/product/all/منبه-جرس-لوكس-كبير,,,,,,,
⁨‫كشكول-الأديب-بريمو-حجم-وسط-عربي-مسطر-‫60-ورقة⁩,كشكول الأديب بريمو حجم وسط عربي مسطر 60 ورقة ,,كشكول الأديب بريمو حجم وسط عربي مسطر 60 ورقة ,,أشكال,اتنين ,,,,,,Available,19,,,https://assets.wuiltstore.com/cmt5wtvdn0fqr01lc1h9wetjl_1000419929.webp https://assets.wuiltstore.com/cmt5wtvj40fqs01lc4mlpbqpn_1000419930.webp https://assets.wuiltstore.com/cmt5wtvti0fqu01lc494q06j2_1000419927.webp https://assets.wuiltstore.com/cmt5wtvob0fqt01lcd98d7ffx_1000419928.webp,https://assets.wuiltstore.com/cmt5wtvj40fqs01lc4mlpbqpn_1000419930.webp,ACTIVE,دفاتر ونوت بوك,https://lolishop.wuiltstore.com/ar/product/all/⁨‫كشكول-الأديب-بريمو-حجم-وسط-عربي-مسطر-‫60-ورقة⁩,Global,2026-08-23T17:36:10.090Z,2026-08-23T17:36:22.014Z,,,,
⁨‫كشكول-الأديب-بريمو-حجم-وسط-عربي-مسطر-‫60-ورقة⁩,,,,,أشكال,واحد,,,,,,Available,19,,,,https://assets.wuiltstore.com/cmt5wtvdn0fqr01lc1h9wetjl_1000419929.webp,,,https://lolishop.wuiltstore.com/ar/product/all/⁨‫كشكول-الأديب-بريمو-حجم-وسط-عربي-مسطر-‫60-ورقة⁩,,,,,,,
⁨‫كراسة-الاديب-بريمو-حجم-وسط-عربي-مسطر-‫40-ورقة⁩,كراسة الاديب بريمو حجم وسط عربي مسطر 40 ورقة ,,كراسة الاديب بريمو حجم وسط عربي مسطر 40 ورقة ,,أشكال,تلاتة ,,,,,,Available,15,,,https://assets.wuiltstore.com/cmt5wpzh80fqk01lc33shhc5g_1000419566.webp https://assets.wuiltstore.com/cmt5wpzrs0fqm01lc3bww9m4a_1000419564.webp https://assets.wuiltstore.com/cmt5wpzmd0fql01lc9p20gubv_1000419565.webp,https://assets.wuiltstore.com/cmt5wpzmd0fql01lc9p20gubv_1000419565.webp,ACTIVE,دفاتر ونوت بوك,https://lolishop.wuiltstore.com/ar/product/all/⁨‫كراسة-الاديب-بريمو-حجم-وسط-عربي-مسطر-‫40-ورقة⁩,Global,2026-08-23T17:33:08.731Z,2026-08-23T17:33:25.602Z,,,,
⁨‫كراسة-الاديب-بريمو-حجم-وسط-عربي-مسطر-‫40-ورقة⁩,,,,,أشكال,اتنين ,,,,,,Available,15,,,,https://assets.wuiltstore.com/cmt5wpzrs0fqm01lc3bww9m4a_1000419564.webp,,,https://lolishop.wuiltstore.com/ar/product/all/⁨‫كراسة-الاديب-بريمو-حجم-وسط-عربي-مسطر-‫40-ورقة⁩,,,,,,,
⁨‫كراسة-الاديب-بريمو-حجم-وسط-عربي-مسطر-‫40-ورقة⁩,,,,,أشكال,واحد,,,,,,Available,15,,,,https://assets.wuiltstore.com/cmt5wpzh80fqk01lc33shhc5g_1000419566.webp,,,https://lolishop.wuiltstore.com/ar/product/all/⁨‫كراسة-الاديب-بريمو-حجم-وسط-عربي-مسطر-‫40-ورقة⁩,,,,,,,
⁨‫كراسة-الاديب-‫28-ورقة-عربي-مسطر-حجم-وسط⁩,كراسة الاديب 28 ورقة عربي مسطر حجم وسط ,,كراسة الاديب 28 ورقة عربي مسطر حجم وسط ,,أشكال,أربعة ,,,,,,Available,13,,,https://assets.wuiltstore.com/cmt5wmrkz0fqf01lceiuq11ng_1000419249.webp https://assets.wuiltstore.com/cmt5wmrqb0fqg01lcej6b204l_1000419250.webp https://assets.wuiltstore.com/cmt5wms150fqi01lc7igqc9fz_1000419251.webp https://assets.wuiltstore.com/cmt5wmrw70fqh01lc80i62u50_1000419248.webp,https://assets.wuiltstore.com/cmt5wmrw70fqh01lc80i62u50_1000419248.webp,ACTIVE,دفاتر ونوت بوك,https://lolishop.wuiltstore.com/ar/product/all/⁨‫كراسة-الاديب-‫28-ورقة-عربي-مسطر-حجم-وسط⁩,Global,2026-08-23T17:30:38.577Z,2026-08-23T17:31:09.312Z,,,,
⁨‫كراسة-الاديب-‫28-ورقة-عربي-مسطر-حجم-وسط⁩,,,,,أشكال,تلاتة ,,,,,,Available,13,,,,https://assets.wuiltstore.com/cmt5wms150fqi01lc7igqc9fz_1000419251.webp,,,https://lolishop.wuiltstore.com/ar/product/all/⁨‫كراسة-الاديب-‫28-ورقة-عربي-مسطر-حجم-وسط⁩,,,,,,,
⁨‫كراسة-الاديب-‫28-ورقة-عربي-مسطر-حجم-وسط⁩,,,,,أشكال,اتنين ,,,,,,Available,13,,,,https://assets.wuiltstore.com/cmt5wmrqb0fqg01lcej6b204l_1000419250.webp,,,https://lolishop.wuiltstore.com/ar/product/all/⁨‫كراسة-الاديب-‫28-ورقة-عربي-مسطر-حجم-وسط⁩,,,,,,,
⁨‫كراسة-الاديب-‫28-ورقة-عربي-مسطر-حجم-وسط⁩,,,,,أشكال,واحد,,,,,,Available,13,,,,https://assets.wuiltstore.com/cmt5wmrkz0fqf01lceiuq11ng_1000419249.webp,,,https://lolishop.wuiltstore.com/ar/product/all/⁨‫كراسة-الاديب-‫28-ورقة-عربي-مسطر-حجم-وسط⁩,,,,,,,
⁨‫مقلمة-كرومي-‫2-سوستة⁩,مقلمة كرومي 2 سوستة ,,مقلمة كرومي 2 سوستة ,,,,,,,,,Available,100,,,https://assets.wuiltstore.com/cmt5wk9ld0fq701lce48wbxfx_1000418605.webp https://assets.wuiltstore.com/cmt5wk9rs0fq801lc6u18bnms_1000418602.webp https://assets.wuiltstore.com/cmt5wk9yi0fq901lc8dov9i0y_1000418603.webp https://assets.wuiltstore.com/cmt5wka4r0fqa01lcawm54pxt_1000418604.webp https://assets.wuiltstore.com/cmt5wkafy0fqc01lc1jy60z11_1000418600.webp https://assets.wuiltstore.com/cmt5wkaae0fqb01lc1f0ahaqb_1000418601.webp,,ACTIVE,مقالم مدرسية,https://lolishop.wuiltstore.com/ar/product/all/⁨‫مقلمة-كرومي-‫2-سوستة⁩,Global,2026-08-23T17:28:41.937Z,2026-08-23T17:28:41.999Z,,,,
⁨‫مقلمة-استيتش-‫2-سوستة⁩,مقلمة استيتش 2 سوستة ,,مقلمة استيتش 2 سوستة ,,ألوان,بنك ,,,,,,Available,145,,,https://assets.wuiltstore.com/cmt5wia720fpv01lc78uy93j0_1000418163.webp https://assets.wuiltstore.com/cmt5wiamt0fpx01lcf7gt03q2_1000418167.webp https://assets.wuiltstore.com/cmt5wiatn0fpy01lc0o1l4zt5_1000418166.webp https://assets.wuiltstore.com/cmt5wib0n0fpz01lcgk6adira_1000418165.webp https://assets.wuiltstore.com/cmt5wib6v0fq001lcaqvheo8l_1000418168.webp https://assets.wuiltstore.com/cmt5wibda0fq101lc2f242vu1_1000418169.webp https://assets.wuiltstore.com/cmt5wibqf0fq301lc9xy2bv4p_1000418170.webp https://assets.wuiltstore.com/cmt5wiae50fpw01lc1ibyfzt7_1000418164.webp https://assets.wuiltstore.com/cmt5wibk30fq201lcg12p1409_1000418171.webp,https://assets.wuiltstore.com/cmt5wib0n0fpz01lcgk6adira_1000418165.webp,ACTIVE,مقالم مدرسية,https://lolishop.wuiltstore.com/ar/product/all/⁨‫مقلمة-استيتش-‫2-سوستة⁩,Global,2026-08-23T17:27:09.406Z,2026-08-23T17:27:29.759Z,,,,
⁨‫مقلمة-استيتش-‫2-سوستة⁩,,,,,ألوان,ازرق,,,,,,Available,145,,,,https://assets.wuiltstore.com/cmt5wiamt0fpx01lcf7gt03q2_1000418167.webp,,,https://lolishop.wuiltstore.com/ar/product/all/⁨‫مقلمة-استيتش-‫2-سوستة⁩,,,,,,,
⁨‫مقلمة-لاكي-‫2-سوستة⁩,مقلمة لاكي 2 سوستة ,,مقلمة لاكي 2 سوستة ,,,,,,,,,Available,135,,,https://assets.wuiltstore.com/cmt387f660ceg01lc3l92fm4r_1000416931.webp https://assets.wuiltstore.com/cmt387fcj0ceh01lc4mjv5btc_1000416928.webp https://assets.wuiltstore.com/cmt387fow0cej01lcg9uccal7_1000416929.webp https://assets.wuiltstore.com/cmt387fim0cei01lcawz2c1hs_1000416930.webp,,ACTIVE,مقالم مدرسية,https://lolishop.wuiltstore.com/ar/product/all/⁨‫مقلمة-لاكي-‫2-سوستة⁩,Global,2026-08-21T20:31:19.513Z,2026-08-21T20:31:19.586Z,,,,
⁨‫مقلمة-لوكس-‫2-سوستة⁩,مقلمة لوكس 2 سوستة ,,مقلمة لوكس 2 سوستة ,,,,,,,,,Available,145,,,https://assets.wuiltstore.com/cmt382adt0ce501lchh3v1bo7_1000416486.webp https://assets.wuiltstore.com/cmt382ake0ce601lcf0qffl1l_1000416483.webp https://assets.wuiltstore.com/cmt382ay10ce801lc5tsm16sl_1000416484.webp https://assets.wuiltstore.com/cmt382ar20ce701lc65b912pl_1000416485.webp,,ACTIVE,مقالم مدرسية,https://lolishop.wuiltstore.com/ar/product/all/⁨‫مقلمة-لوكس-‫2-سوستة⁩,Global,2026-08-21T20:27:20.024Z,2026-08-21T20:27:20.071Z,,,,
daily-pannar,Daily pannar,,Daily pannar,,بلانر,3,,,,,,Available,90,85,,https://assets.wuiltstore.com/cml8ehvxx005n01gncr92gva9_IMG20260204202921.webp https://assets.wuiltstore.com/cml8ehxnk005o01gn0j299j1u_IMG20260204203049.webp https://assets.wuiltstore.com/cml8ehze2005p01gnha4eaa94_IMG20260204203047.webp https://assets.wuiltstore.com/cml8ei13g005q01gnbyl6dg8r_IMG20260204202924.webp https://assets.wuiltstore.com/cml8ei2ss005r01gn8olfhbx8_IMG20260204202851.webp https://assets.wuiltstore.com/cml8ei4km005s01gn2trg0j5h_IMG20260204202714.webp https://assets.wuiltstore.com/cml8ei84f005u01gnc1ikfb0p_IMG20260204202606.webp https://assets.wuiltstore.com/cml8ei6a8005t01gnbw3q2c20_IMG20260204202541.webp,https://assets.wuiltstore.com/cml8ei2ss005r01gn8olfhbx8_IMG20260204202851.webp,ACTIVE,بلانر وتودوليست,https://lolishop.wuiltstore.com/ar/product/all/daily-pannar,Global,2026-02-04T22:08:36.990Z,2026-08-19T03:24:20.197Z,,,,
daily-pannar,,,,,بلانر,2,,,,,,Available,90,85,,,https://assets.wuiltstore.com/cml8ehxnk005o01gn0j299j1u_IMG20260204203049.webp,,,https://lolishop.wuiltstore.com/ar/product/all/daily-pannar,,,,,,,
daily-pannar,,,,,بلانر,1,,,,,,Available,90,85,,,https://assets.wuiltstore.com/cml8ehvxx005n01gncr92gva9_IMG20260204202921.webp,,,https://lolishop.wuiltstore.com/ar/product/all/daily-pannar,,,,,,,
⁨‫دفتر-‫a-‫cat-‫nammed-‫sunny⁩,دفتر A cat nammed sunny,,دفتر A cat nammed sunny,,دفتر,2,,,,,,Available,80,75,,https://assets.wuiltstore.com/cml8y3wyh00m601gn3zr06itm_IMG_20260205_061113_425.webp https://assets.wuiltstore.com/cml8y3xux00m701gnh7v27jpu_IMG_20260205_061112_549.webp https://assets.wuiltstore.com/cml8y3yrn00m801gn6zxngo9z_IMG_20260205_061113_407.webp https://assets.wuiltstore.com/cml8y3zoz00m901gn81dd5kha_IMG_20260205_061113_424.webp https://assets.wuiltstore.com/cml8y41k200mb01gndt0bhbmk_IMG_20260205_061113_382.webp https://assets.wuiltstore.com/cml8y42fx00mc01gnf7fdbb79_IMG_20260205_061112_977.webp https://assets.wuiltstore.com/cml8y40mo00ma01gnfzpb6l8d_IMG_20260205_061113_327.webp https://assets.wuiltstore.com/cml8y44gr00me01gnbmyrehq9_IMG_20260205_061113_383.webp https://assets.wuiltstore.com/cml8y43ce00md01gngikm5ft0_IMG_20260205_061113_223.webp,https://assets.wuiltstore.com/cml8y3xux00m701gnh7v27jpu_IMG_20260205_061112_549.webp,ACTIVE,دفاتر ونوت بوك,https://lolishop.wuiltstore.com/ar/product/all/⁨‫دفتر-‫a-‫cat-‫nammed-‫sunny⁩,Global,2026-02-05T07:17:37.741Z,2026-08-19T03:22:38.340Z,,,,
⁨‫دفتر-‫a-‫cat-‫nammed-‫sunny⁩,,,,,دفتر,1,,,,,,Available,80,75,,,https://assets.wuiltstore.com/cml8y3wyh00m601gn3zr06itm_IMG_20260205_061113_425.webp,,,https://lolishop.wuiltstore.com/ar/product/all/⁨‫دفتر-‫a-‫cat-‫nammed-‫sunny⁩,,,,,,,
⁨‫دفتر-‫a-‫cat-‫nammed-‫sunny⁩,,,,,دفتر,3,,,,,,Available,80,75,,,https://assets.wuiltstore.com/cml8y3yrn00m801gn6zxngo9z_IMG_20260205_061113_407.webp,,,https://lolishop.wuiltstore.com/ar/product/all/⁨‫دفتر-‫a-‫cat-‫nammed-‫sunny⁩,,,,,,,
⁨‫دفتر-‫a-‫cat-‫nammed-‫sunny⁩,,,,,دفتر,4,,,,,,Available,80,75,,,https://assets.wuiltstore.com/cml8y40mo00ma01gnfzpb6l8d_IMG_20260205_061113_327.webp,,,https://lolishop.wuiltstore.com/ar/product/all/⁨‫دفتر-‫a-‫cat-‫nammed-‫sunny⁩,,,,,,,
بريت-ام-اند-جي-حجم-كبير,بريت ام اند جي حجم كبير,,بريت ام اند جي حجم كبير,,ألوان,اخضر ,,,,,,Available,40,,,https://assets.wuiltstore.com/cmsykv61906sq01lcgf9912bi_1000415413.webp https://assets.wuiltstore.com/cmsykv67a06sr01lc6cae48yc_1000415412.webp https://assets.wuiltstore.com/cmsykv6io06st01lch2d97dyd_1000415411.webp https://assets.wuiltstore.com/cmsykv6cs06ss01lcg3z6agpf_1000415414.webp https://assets.wuiltstore.com/cmsykywj606sy01lcalnq1hf0_1000415417.webp https://assets.wuiltstore.com/cmsykywe206sx01lcg83w65x1_1000415416.webp,https://assets.wuiltstore.com/cmsykywe206sx01lcg83w65x1_1000415416.webp,ACTIVE,منتجات أخري,https://lolishop.wuiltstore.com/ar/product/all/بريت-ام-اند-جي-حجم-كبير,Global,2026-08-18T14:26:51.918Z,2026-08-18T14:30:22.558Z,,,,
بريت-ام-اند-جي-حجم-كبير,,,,,ألوان,ازرق,,,,,,Available,40,,,,https://assets.wuiltstore.com/cmsykywj606sy01lcalnq1hf0_1000415417.webp,,,https://lolishop.wuiltstore.com/ar/product/all/بريت-ام-اند-جي-حجم-كبير,,,,,,,
مروحة-شحن,مروحة شحن,,مروحة شحن,,أشكال,اربعة,,,,,,Available,120,,,https://assets.wuiltstore.com/cmsyksjtu06sa01lc8694787b_1000415398.webp https://assets.wuiltstore.com/cmsyksjzz06sb01lc748d4hyb_1000415410.webp https://assets.wuiltstore.com/cmsyksk5k06sc01lcd9ay78xt_1000415399.webp https://assets.wuiltstore.com/cmsykskbr06sd01lc8r5jcdrw_1000415400.webp https://assets.wuiltstore.com/cmsykskh806se01lc87i7hlm3_1000415409.webp https://assets.wuiltstore.com/cmsykskmp06sf01lcfc6o7t79_1000415408.webp https://assets.wuiltstore.com/cmsyksksp06sg01lc53d16xj9_1000415407.webp https://assets.wuiltstore.com/cmsyksky406sh01lcguxjdjwg_1000415404.webp https://assets.wuiltstore.com/cmsyksl3l06si01lc6gip76bl_1000415405.webp https://assets.wuiltstore.com/cmsyksl8u06sj01lcg4u01r3d_1000415406.webp https://assets.wuiltstore.com/cmsyksle606sk01lc6bpiegrs_1000415403.webp https://assets.wuiltstore.com/cmsykslq206sm01lcg5cf6bg3_1000415402.webp https://assets.wuiltstore.com/cmsykslkn06sl01lcdn6b90kj_1000415401.webp,https://assets.wuiltstore.com/cmsyksky406sh01lcguxjdjwg_1000415404.webp,ACTIVE,منتجات أخري,https://lolishop.wuiltstore.com/ar/product/all/مروحة-شحن,Global,2026-08-18T14:24:49.825Z,2026-08-18T14:25:11.070Z,,,,
مروحة-شحن,,,,,أشكال,تلاتة ,,,,,,Available,120,,,,https://assets.wuiltstore.com/cmsykskh806se01lc87i7hlm3_1000415409.webp,,,https://lolishop.wuiltstore.com/ar/product/all/مروحة-شحن,,,,,,,
مروحة-شحن,,,,,أشكال,اتنين ,,,,,,Available,120,,,,https://assets.wuiltstore.com/cmsykskbr06sd01lc8r5jcdrw_1000415400.webp,,,https://lolishop.wuiltstore.com/ar/product/all/مروحة-شحن,,,,,,,
مروحة-شحن,,,,,أشكال,واحد,,,,,,Available,120,,,,https://assets.wuiltstore.com/cmsyksjzz06sb01lc748d4hyb_1000415410.webp,,,https://lolishop.wuiltstore.com/ar/product/all/مروحة-شحن,,,,,,,
⁨‫لوحة-دايموند-بشكل-مختلف-مقاس-‫25-‫17⁩,لوحة دايموند بشكل مختلف مقاس 25 * 17   ,,لوحة دايموند بشكل مختلف مقاس 25 * 17   ,,أشكال,اربعه,,,,,,Available,35,,,https://assets.wuiltstore.com/cmsyknsvx06rs01lc60de3mnn_1000414495.webp https://assets.wuiltstore.com/cmsyknt2y06rt01lc66ow0tzr_1000414498.webp https://assets.wuiltstore.com/cmsyknt9w06ru01lchgo358wo_1000414497.webp https://assets.wuiltstore.com/cmsykntg306rv01lc11il357d_1000414496.webp https://assets.wuiltstore.com/cmsykntmi06rw01lc6ijx0s5h_1000414501.webp https://assets.wuiltstore.com/cmsykntuq06rx01lc3335bqwz_1000414500.webp https://assets.wuiltstore.com/cmsyknu7q06rz01lc4uo6h3w2_1000414499.webp https://assets.wuiltstore.com/cmsyknu1606ry01lc6c8e1xmu_1000414502.webp,https://assets.wuiltstore.com/cmsyknu1606ry01lc6c8e1xmu_1000414502.webp,ACTIVE,رسم وتلوين ,https://lolishop.wuiltstore.com/ar/product/all/⁨‫لوحة-دايموند-بشكل-مختلف-مقاس-‫25-‫17⁩,Global,2026-08-18T14:21:08.268Z,2026-08-18T14:22:11.143Z,,,,
⁨‫لوحة-دايموند-بشكل-مختلف-مقاس-‫25-‫17⁩,,,,,أشكال,خمسه,,,,,,Available,35,,,,https://assets.wuiltstore.com/cmsykntuq06rx01lc3335bqwz_1000414500.webp,,,https://lolishop.wuiltstore.com/ar/product/all/⁨‫لوحة-دايموند-بشكل-مختلف-مقاس-‫25-‫17⁩,,,,,,,
⁨‫لوحة-دايموند-بشكل-مختلف-مقاس-‫25-‫17⁩,,,,,أشكال,تلاتة ,,,,,,Available,35,,,,https://assets.wuiltstore.com/cmsykntg306rv01lc11il357d_1000414496.webp,,,https://lolishop.wuiltstore.com/ar/product/all/⁨‫لوحة-دايموند-بشكل-مختلف-مقاس-‫25-‫17⁩,,,,,,,
⁨‫لوحة-دايموند-بشكل-مختلف-مقاس-‫25-‫17⁩,,,,,أشكال,اتنين ,,,,,,Available,35,,,,https://assets.wuiltstore.com/cmsyknt2y06rt01lc66ow0tzr_1000414498.webp,,,https://lolishop.wuiltstore.com/ar/product/all/⁨‫لوحة-دايموند-بشكل-مختلف-مقاس-‫25-‫17⁩,,,,,,,
⁨‫لوحة-دايموند-بشكل-مختلف-مقاس-‫25-‫17⁩,,,,,أشكال,واحد,,,,,,Available,35,,,,https://assets.wuiltstore.com/cmsyknsvx06rs01lc60de3mnn_1000414495.webp,,,https://lolishop.wuiltstore.com/ar/product/all/⁨‫لوحة-دايموند-بشكل-مختلف-مقاس-‫25-‫17⁩,,,,,,,
daily-plannar,Daily plannar,,Daily plannar,,,,,,,,,Available,95,,,https://assets.wuiltstore.com/cmsyf3ttv06kp01lc32jpfh8m_IMG_20260818_114317_942.webp https://assets.wuiltstore.com/cmsyf3u0306kq01lchol34kw1_IMG_20260818_114317_801.webp https://assets.wuiltstore.com/cmsyf3ubp06ks01lcgdyl9opz_IMG_20260818_114317_774.webp https://assets.wuiltstore.com/cmsyf3u5t06kr01lc4toxbygr_IMG_20260818_114317_646.webp,,ACTIVE,بلانر وتودوليست,https://lolishop.wuiltstore.com/ar/product/all/daily-plannar,Global,2026-08-18T11:45:38.147Z,2026-08-18T11:45:38.397Z,,,,
مقلمة-شبك-ألوان,مقلمة شبك ألوان ,,مقلمة شبك ألوان ,,مقلمة,موف,,,,,,Available,45,,,https://assets.wuiltstore.com/cml9bikv901qj01gn0l5v3b32_IMG_20260205_123036_294.webp https://assets.wuiltstore.com/cml9bim3301qk01gn0jdfgv3p_IMG_20260205_123036_891.webp https://assets.wuiltstore.com/cml9binf901ql01gnhs1zdyks_IMG_20260205_123036_876.webp https://assets.wuiltstore.com/cml9biopa01qm01gngdyj6qjh_IMG_20260205_123036_238.webp https://assets.wuiltstore.com/cml9bipzd01qn01gn9gtk8mvv_IMG_20260205_123036_761.webp https://assets.wuiltstore.com/cml9bis3h01qp01gn8v0ieu0y_IMG_20260205_123036_725.webp https://assets.wuiltstore.com/cml9bir0y01qo01gn4w7vglmr_IMG_20260205_123036_622.webp,https://assets.wuiltstore.com/cml9bim3301qk01gn0jdfgv3p_IMG_20260205_123036_891.webp,ACTIVE,مقالم مدرسية,https://lolishop.wuiltstore.com/ar/product/all/مقلمة-شبك-ألوان,Global,2026-02-05T13:32:56.722Z,2026-08-18T11:30:21.215Z,,,,
مقلمة-شبك-ألوان,,,,,مقلمة,أبيض,,,,,,Available,45,,,,https://assets.wuiltstore.com/cml9bir0y01qo01gn4w7vglmr_IMG_20260205_123036_622.webp,,,https://lolishop.wuiltstore.com/ar/product/all/مقلمة-شبك-ألوان,,,,,,,
مقلمة-شبك-ألوان,,,,,مقلمة,بينك,,,,,,Available,45,,,,https://assets.wuiltstore.com/cml9bikv901qj01gn0l5v3b32_IMG_20260205_123036_294.webp,,,https://lolishop.wuiltstore.com/ar/product/all/مقلمة-شبك-ألوان,,,,,,,
مقلمة-شبك-ألوان,,,,,مقلمة,لبني,,,,,,Available,45,,,,https://assets.wuiltstore.com/cml9bis3h01qp01gn8v0ieu0y_IMG_20260205_123036_725.webp,,,https://lolishop.wuiltstore.com/ar/product/all/مقلمة-شبك-ألوان,,,,,,,
مقلمة-شبك-ألوان,,,,,مقلمة,اوف وايت,,,,,,Available,45,,,,https://assets.wuiltstore.com/cml9bipzd01qn01gn9gtk8mvv_IMG_20260205_123036_761.webp,,,https://lolishop.wuiltstore.com/ar/product/all/مقلمة-شبك-ألوان,,,,,,,
مقلمة-شبك-ألوان,,,,,مقلمة,بني,,,,,,Available,45,,,,https://assets.wuiltstore.com/cml9biopa01qm01gngdyj6qjh_IMG_20260205_123036_238.webp,,,https://lolishop.wuiltstore.com/ar/product/all/مقلمة-شبك-ألوان,,,,,,,
مقلمة-شبك-ألوان,,,,,مقلمة,اسود,,,,,,Available,45,,,,https://assets.wuiltstore.com/cml9binf901ql01gnhs1zdyks_IMG_20260205_123036_876.webp,,,https://lolishop.wuiltstore.com/ar/product/all/مقلمة-شبك-ألوان,,,,,,,
⁨‫مقلمة-كيتي-‫2-سوسته-كبيرة⁩,مقلمة كيتي 2 سوسته كبيرة,,مقلمة كيتي 2 سوسته كبيرة,,,,,,,,,Available,145,,,https://assets.wuiltstore.com/cmsw4x1s603nk01lc6wif1otu_1000413883.webp https://assets.wuiltstore.com/cmsw4x0q703ne01lc9cwua25b_1000413885.webp https://assets.wuiltstore.com/cmsw4x0wv03nf01lcf6rd8f72_1000413884.webp https://assets.wuiltstore.com/cmsw4x13a03ng01lccr0n9kdj_1000413887.webp https://assets.wuiltstore.com/cmsw4x19l03nh01lc6r1091at_1000413886.webp https://assets.wuiltstore.com/cmsw4x1fs03ni01lc8jh130cc_1000413881.webp https://assets.wuiltstore.com/cmsw4x1m403nj01lc3q9n5p8t_1000413882.webp,,ACTIVE,مقالم مدرسية,https://lolishop.wuiltstore.com/ar/product/all/⁨‫مقلمة-كيتي-‫2-سوسته-كبيرة⁩,Global,2026-08-16T21:24:52.104Z,2026-08-18T11:23:35.951Z,,,,
مقلمة-تحفة-وكبيييرة,مقلمة تحفة وكبيييرة,,مقلمة تحفة وكبيييرة,,,,,,,,,Available,145,,,https://assets.wuiltstore.com/cmsw4z90f03nm01lchm2cbbzz_1000413893.webp https://assets.wuiltstore.com/cmsw4z8ub03nl01lc66og3dpd_1000413894.webp https://assets.wuiltstore.com/cmsw4z9dh03no01lcea411i9a_1000413892.webp https://assets.wuiltstore.com/cmsw4z96u03nn01lcfoss0v20_1000413895.webp,,ACTIVE,مقالم مدرسية,https://lolishop.wuiltstore.com/ar/product/all/مقلمة-تحفة-وكبيييرة,Global,2026-08-16T21:26:35.928Z,2026-08-17T19:30:08.478Z,,,,
نوته-استاند-ألوان-حجم-وسط-كفر-مبطن,نوته استاند ألوان حجم وسط كفر مبطن,,نوته استاند ألوان حجم وسط كفر مبطن,,ألوان,أخضر ,,,,,,Available,70,,,https://assets.wuiltstore.com/cmsv4c2uc02nd01lc8tly6nan_1000413187.webp https://assets.wuiltstore.com/cmsv4c2zx02ne01lc6y1qhywf_1000413186.webp https://assets.wuiltstore.com/cmsv4c36j02nf01lc0so400qs_1000413189.webp https://assets.wuiltstore.com/cmsv4c3bz02ng01lc9a4hb7zx_1000413192.webp https://assets.wuiltstore.com/cmsv4c3hy02nh01lc4hjwhwnk_1000413193.webp https://assets.wuiltstore.com/cmsv4c3sy02nj01lc3gy0ct5d_1000413190.webp https://assets.wuiltstore.com/cmsv4c3n302ni01lc4cvpf2x8_1000413191.webp,https://assets.wuiltstore.com/cmsv4c3sy02nj01lc3gy0ct5d_1000413190.webp,ACTIVE,دفاتر ونوت بوك,https://lolishop.wuiltstore.com/ar/product/all/نوته-استاند-ألوان-حجم-وسط-كفر-مبطن,Global,2026-08-16T04:20:48.733Z,2026-08-17T19:29:25.888Z,,,,
نوته-استاند-ألوان-حجم-وسط-كفر-مبطن,,,,,ألوان,ازرق,,,,,,Available,70,,,,https://assets.wuiltstore.com/cmsv4c36j02nf01lc0so400qs_1000413189.webp,,,https://lolishop.wuiltstore.com/ar/product/all/نوته-استاند-ألوان-حجم-وسط-كفر-مبطن,,,,,,,
نوته-استاند-ألوان-حجم-وسط-كفر-مبطن,,,,,ألوان,بنك ,,,,,,Available,70,,,,https://assets.wuiltstore.com/cmsv4c2zx02ne01lc6y1qhywf_1000413186.webp,,,https://lolishop.wuiltstore.com/ar/product/all/نوته-استاند-ألوان-حجم-وسط-كفر-مبطن,,,,,,,
نوته-استاند-ألوان-حجم-وسط-كفر-مبطن,,,,,ألوان,موف ,,,,,,Available,70,,,,https://assets.wuiltstore.com/cmsv4c2uc02nd01lc8tly6nan_1000413187.webp,,,https://lolishop.wuiltstore.com/ar/product/all/نوته-استاند-ألوان-حجم-وسط-كفر-مبطن,,,,,,,
سلايم-دبدوب-ألوان,سلايم دبدوب ألوان ,,سلايم دبدوب ألوان ,,ألوان,اصفر ,,,,,,Available,15,,,https://assets.wuiltstore.com/cmsw51r6n03nv01lcbkp10tv5_1000413901.webp https://assets.wuiltstore.com/cmsw51rd903nw01lc4d3n47q5_1000413900.webp https://assets.wuiltstore.com/cmsw51rj203nx01lc7lxodsoo_1000413897.webp https://assets.wuiltstore.com/cmsw51rpt03ny01lc7l2v9efu_1000413899.webp https://assets.wuiltstore.com/cmsw51s1g03o001lcax0qa6gr_1000413896.webp https://assets.wuiltstore.com/cmsw51rv703nz01lcdncsenmb_1000413898.webp,https://assets.wuiltstore.com/cmsw51s1g03o001lcax0qa6gr_1000413896.webp,ACTIVE,ألعاب ,https://lolishop.wuiltstore.com/ar/product/all/سلايم-دبدوب-ألوان,Global,2026-08-16T21:28:32.826Z,2026-08-16T21:28:54.137Z,,,,
سلايم-دبدوب-ألوان,,,,,ألوان,برتقال ,,,,,,Available,15,,,,https://assets.wuiltstore.com/cmsw51rd903nw01lc4d3n47q5_1000413900.webp,,,https://lolishop.wuiltstore.com/ar/product/all/سلايم-دبدوب-ألوان,,,,,,,
سلايم-دبدوب-ألوان,,,,,ألوان,موف ,,,,,,Available,15,,,,https://assets.wuiltstore.com/cmsw51rpt03ny01lc7l2v9efu_1000413899.webp,,,https://lolishop.wuiltstore.com/ar/product/all/سلايم-دبدوب-ألوان,,,,,,,
سلايم-دبدوب-ألوان,,,,,ألوان,ازرق,,,,,,Available,15,,,,https://assets.wuiltstore.com/cmsw51rj203nx01lc7lxodsoo_1000413897.webp,,,https://lolishop.wuiltstore.com/ar/product/all/سلايم-دبدوب-ألوان,,,,,,,
سلايم-دبدوب-ألوان,,,,,ألوان,اخضر ,,,,,,Available,15,,,,https://assets.wuiltstore.com/cmsw51r6n03nv01lcbkp10tv5_1000413901.webp,,,https://lolishop.wuiltstore.com/ar/product/all/سلايم-دبدوب-ألوان,,,,,,,
⁨‫نوته-الأديب-أستيك-‫100-ورقة-حجم-‫10-‫14⁩,نوته الأديب أستيك 100 ورقة  حجم  10 * 14,,نوته الأديب أستيك 100 ورقة  حجم  10 * 14,,أشكال,ستة ,,,,,,Available,75,,,https://assets.wuiltstore.com/cmsv47uem02n401lc4gav7dun_1000413180.webp https://assets.wuiltstore.com/cmsv47u8c02n301lcct2i5324_1000413177.webp https://assets.wuiltstore.com/cmsv47ukk02n501lc7ubo2ver_1000413181.webp https://assets.wuiltstore.com/cmsv47ury02n601lcergf9xs2_1000413178.webp https://assets.wuiltstore.com/cmsv47v5t02n801lcdc0q0g9p_1000413179.webp https://assets.wuiltstore.com/cmsv47uzf02n701lch7aub2g7_1000413182.webp,https://assets.wuiltstore.com/cmsv47uzf02n701lch7aub2g7_1000413182.webp,ACTIVE,دفاتر ونوت بوك,https://lolishop.wuiltstore.com/ar/product/all/⁨‫نوته-الأديب-أستيك-‫100-ورقة-حجم-‫10-‫14⁩,Global,2026-08-16T04:17:31.092Z,2026-08-16T04:18:00.229Z,,,,
⁨‫نوته-الأديب-أستيك-‫100-ورقة-حجم-‫10-‫14⁩,,,,,أشكال,خمسة ,,,,,,Available,75,,,,https://assets.wuiltstore.com/cmsv47v5t02n801lcdc0q0g9p_1000413179.webp,,,https://lolishop.wuiltstore.com/ar/product/all/⁨‫نوته-الأديب-أستيك-‫100-ورقة-حجم-‫10-‫14⁩,,,,,,,
⁨‫نوته-الأديب-أستيك-‫100-ورقة-حجم-‫10-‫14⁩,,,,,أشكال,اربعة,,,,,,Available,75,,,,https://assets.wuiltstore.com/cmsv47ury02n601lcergf9xs2_1000413178.webp,,,https://lolishop.wuiltstore.com/ar/product/all/⁨‫نوته-الأديب-أستيك-‫100-ورقة-حجم-‫10-‫14⁩,,,,,,,
⁨‫نوته-الأديب-أستيك-‫100-ورقة-حجم-‫10-‫14⁩,,,,,أشكال,تلاتة ,,,,,,Available,75,,,,https://assets.wuiltstore.com/cmsv47ukk02n501lc7ubo2ver_1000413181.webp,,,https://lolishop.wuiltstore.com/ar/product/all/⁨‫نوته-الأديب-أستيك-‫100-ورقة-حجم-‫10-‫14⁩,,,,,,,
⁨‫نوته-الأديب-أستيك-‫100-ورقة-حجم-‫10-‫14⁩,,,,,أشكال,اتنين ,,,,,,Available,75,,,,https://assets.wuiltstore.com/cmsv47uem02n401lc4gav7dun_1000413180.webp,,,https://lolishop.wuiltstore.com/ar/product/all/⁨‫نوته-الأديب-أستيك-‫100-ورقة-حجم-‫10-‫14⁩,,,,,,,
⁨‫نوته-الأديب-أستيك-‫100-ورقة-حجم-‫10-‫14⁩,,,,,أشكال,واحد,,,,,,Available,75,,,,https://assets.wuiltstore.com/cmsv47u8c02n301lcct2i5324_1000413177.webp,,,https://lolishop.wuiltstore.com/ar/product/all/⁨‫نوته-الأديب-أستيك-‫100-ورقة-حجم-‫10-‫14⁩,,,,,,,
⁨‫طقم-جيل-‫12-لون⁩,طقم جيل 12 لون ,,طقم جيل 12 لون ,,,,,,,,,Available,115,,,https://assets.wuiltstore.com/cmstc8yzb00f901lcb1ul9eda_1000412150.webp https://assets.wuiltstore.com/cmstc8zc200fb01lc7h2xh5dr_1000412149.webp https://assets.wuiltstore.com/cmstc8z6300fa01lc6mso6qob_1000412148.webp,,ACTIVE,أقلام ,https://lolishop.wuiltstore.com/ar/product/all/⁨‫طقم-جيل-‫12-لون⁩,Global,2026-08-14T22:26:48.549Z,2026-08-14T22:26:48.594Z,,,,
ويكلي-بلانر-من-ياسين,ويكلي بلانر من ياسين  ,,ويكلي بلانر من ياسين  ,,أشكال,اتنين ,,,,,,Available,100,,,https://assets.wuiltstore.com/cmstc1vj500f001lcdooi3f1c_1000412142.webp https://assets.wuiltstore.com/cmstc1vpc00f101lccmktab1i_1000412141.webp https://assets.wuiltstore.com/cmstc1w1g00f301lcd22bhxz0_1000412140.webp https://assets.wuiltstore.com/cmstc1vvc00f201lch557en18_1000412143.webp,https://assets.wuiltstore.com/cmstc1w1g00f301lcd22bhxz0_1000412140.webp,ACTIVE,بلانر وتودوليست,https://lolishop.wuiltstore.com/ar/product/all/ويكلي-بلانر-من-ياسين,Global,2026-08-14T22:21:17.486Z,2026-08-14T22:21:32.074Z,,,,
ويكلي-بلانر-من-ياسين,,,,,أشكال,واحد,,,,,,Available,100,,,,https://assets.wuiltstore.com/cmstc1vj500f001lcdooi3f1c_1000412142.webp,,,https://lolishop.wuiltstore.com/ar/product/all/ويكلي-بلانر-من-ياسين,,,,,,,
باكدج-استيتش,باكدج استيتش ,,باكدج استيتش ,,الوان,أزرق,,,,,,Available,1000,,,https://assets.wuiltstore.com/cmso43dl90ria01in5h7g24ld_1000408454.webp https://assets.wuiltstore.com/cmso43ehf0ric01inbhthe2mk_1000408455.webp https://assets.wuiltstore.com/cmso43fbp0rie01in72i79g1i_1000408453.webp https://assets.wuiltstore.com/cmso43g7w0rig01in26dg0334_1000408459.webp https://assets.wuiltstore.com/cmso43h2c0rii01in5zvjd4nm_1000408451.webp https://assets.wuiltstore.com/cmso43hy40rik01indfob0vhv_1000408456.webp https://assets.wuiltstore.com/cmso43iud0rim01in4yib8sjq_1000408457.webp https://assets.wuiltstore.com/cmso43kll0riq01inbu1gh0gb_1000408458.webp https://assets.wuiltstore.com/cmso43jpr0rio01indthtd40o_1000408452.webp,https://assets.wuiltstore.com/cmso43g7w0rig01in26dg0334_1000408459.webp,ACTIVE,باكدجات,https://lolishop.wuiltstore.com/ar/product/all/باكدج-استيتش,Global,2026-08-11T06:39:38.615Z,2026-08-11T06:39:57.797Z,,,,
باكدج-استيتش,,,,,الوان,بينك,,,,,,Available,1000,,,,https://assets.wuiltstore.com/cmso43dl90ria01in5h7g24ld_1000408454.webp,,,https://lolishop.wuiltstore.com/ar/product/all/باكدج-استيتش,,,,,,,
منظم-مستورد-كرومي,منظم مستورد كرومي ,,منظم مستورد كرومي ,,ألوان,ازرق,,,,,,Available,140,,,https://assets.wuiltstore.com/cmkspj75z0jy401gnab761zyj_1000201958.webp https://assets.wuiltstore.com/cmkspj8bc0jy501gndci249ck_1000201959.webp https://assets.wuiltstore.com/cmkspj9l80jy601gngmed8qtb_1000201956.webp https://assets.wuiltstore.com/cmkspjao20jy701gn4wwt64ep_1000201955.webp https://assets.wuiltstore.com/cmkspjbe50jy801gnghnheslc_1000201954.webp https://assets.wuiltstore.com/cmkspjd0y0jya01gnbb5daw11_1000201952.webp https://assets.wuiltstore.com/cmkspjc8e0jy901gn5oor9zkd_1000201953.webp,https://assets.wuiltstore.com/cmkspj8bc0jy501gndci249ck_1000201959.webp,ACTIVE,منظمات مكتب,https://lolishop.wuiltstore.com/ar/product/all/منظم-مستورد-كرومي,Global,2026-01-24T22:33:10.665Z,2026-08-09T08:48:06.825Z,,,,
⁨‫دفاتر-زين-‫200-ورقة-وسط⁩,دفاتر زين 200 ورقة وسط,,دفاتر زين 200 ورقة وسط,,دفتر زين,2,,,,,,Available,95,,,https://assets.wuiltstore.com/cmlk92g6502pj01gnekeygl05_IMG_20260213_040735_451.webp https://assets.wuiltstore.com/cmlk92h5j02pk01gn7hhbcemp_IMG_20260213_040735_843.webp https://assets.wuiltstore.com/cmlk92j6w02pm01gna83ignyj_IMG_20260213_040735_734.webp https://assets.wuiltstore.com/cmlk92i7r02pl01gn4yseaj75_IMG_20260213_040735_413.webp,https://assets.wuiltstore.com/cmlk92h5j02pk01gn7hhbcemp_IMG_20260213_040735_843.webp,ACTIVE,دفاتر ونوت بوك,https://lolishop.wuiltstore.com/ar/product/all/⁨‫دفاتر-زين-‫200-ورقة-وسط⁩,Global,2026-02-13T05:09:53.066Z,2026-08-09T08:46:53.660Z,,,,
⁨‫دفاتر-زين-‫200-ورقة-وسط⁩,,,,,دفتر زين,3,,,,,,Available,95,,,,https://assets.wuiltstore.com/cmlk92j6w02pm01gna83ignyj_IMG_20260213_040735_734.webp,,,https://lolishop.wuiltstore.com/ar/product/all/⁨‫دفاتر-زين-‫200-ورقة-وسط⁩,,,,,,,
⁨‫دفاتر-زين-‫200-ورقة-وسط⁩,,,,,دفتر زين,1,,,,,,Available,95,,,,https://assets.wuiltstore.com/cmlk92g6502pj01gnekeygl05_IMG_20260213_040735_451.webp,,,https://lolishop.wuiltstore.com/ar/product/all/⁨‫دفاتر-زين-‫200-ورقة-وسط⁩,,,,,,,
لعبة-استيتش-العضاض,لعبة استيتش العضاض,,لعبة استيتش العضاض,,,,,,,,,Available,170,,,https://assets.wuiltstore.com/cmq2q8p6e0l0r01icg6qm2z0c_IMG_20260606_220801_861.webp https://assets.wuiltstore.com/cmq2q8pdv0l0s01ic4l6xdhya_IMG_20260606_220801_232.webp https://assets.wuiltstore.com/cmq2q8pkq0l0t01ic0ife7i7f_IMG_20260606_220801_864.webp https://assets.wuiltstore.com/cmq2q8prv0l0u01ic4kh2cwnb_IMG_20260606_220801_250.webp https://assets.wuiltstore.com/cmq2q8pz00l0v01ic6sht89px_IMG_20260606_220801_968.webp https://assets.wuiltstore.com/cmq2q8q6c0l0w01icag1wf6iy_IMG_20260606_220801_389.webp https://assets.wuiltstore.com/cmq2q8qdh0l0x01icg7gc2u9y_IMG_20260606_220801_549.webp https://assets.wuiltstore.com/cmq2q8qz80l0z01icdqp3bg53_IMG_20260606_220739_423.webp https://assets.wuiltstore.com/cmq2q8r8k0l1101icgk5cgn3p_IMG_20260606_220739_657.webp https://assets.wuiltstore.com/cmq2q8r0w0l1001ic0nr3d1or_IMG_20260606_220801_106.webp,,ACTIVE,ألعاب ,https://lolishop.wuiltstore.com/ar/product/all/لعبة-استيتش-العضاض,Global,2026-06-06T22:09:19.035Z,2026-06-06T22:09:19.099Z,,,,
مضرب-أيس-كوفي,مضرب أيس كوفي,,مضرب أيس كوفي,,,,,,,,,Available,270,,,https://assets.wuiltstore.com/cmq2pwlgi0kzs01icfhfp1fdd_IMG_20260606_215930_713.webp https://assets.wuiltstore.com/cmq2pwluj0kzu01ic2oxh7edh_IMG_20260606_215931_256.webp https://assets.wuiltstore.com/cmq2pwlni0kzt01ic94n8fiqk_IMG_20260606_215931_178.webp,,ACTIVE,مجات وزجاجة,https://lolishop.wuiltstore.com/ar/product/all/مضرب-أيس-كوفي,Global,2026-06-06T21:59:54.335Z,2026-06-06T21:59:54.382Z,,,,
فرشاة-شعر-كيتي,فرشاة شعر كيتي ,,فرشاة شعر كيتي ,,,,,,,,,Available,95,,,https://assets.wuiltstore.com/cmq2pohpq0kze01icdisea1d4_IMG_20260606_215236_009.webp https://assets.wuiltstore.com/cmq2pohxj0kzf01ic0vx098lx_IMG_20260606_215236_160.webp https://assets.wuiltstore.com/cmq2poi720kzg01ic6foxekwq_IMG_20260606_215235_723.webp https://assets.wuiltstore.com/cmq2poif30kzh01ic2dkvep81_IMG_20260606_215236_124.webp https://assets.wuiltstore.com/cmq2poimn0kzi01ic7b5je4ex_IMG_20260606_215235_743.webp https://assets.wuiltstore.com/cmq2poitq0kzj01ich8tz64ue_IMG_20260606_215236_012.webp https://assets.wuiltstore.com/cmq2poj830kzl01ic4nbibssf_IMG_20260606_215236_377.webp https://assets.wuiltstore.com/cmq2poj140kzk01ic98gzevi9_IMG_20260606_215236_105.webp,,ACTIVE,توكه وشنطة وشراب,https://lolishop.wuiltstore.com/ar/product/all/فرشاة-شعر-كيتي,Global,2026-06-06T21:53:36.218Z,2026-06-06T21:53:36.348Z,,,,
مج-قمر,مج قمر,,مج قمر,,,,,,,,,Available,130,,,https://assets.wuiltstore.com/cmq2plgf20kz801ic0086achl_IMG_20260606_215029_924.webp https://assets.wuiltstore.com/cmq2plgm10kz901ic5qmsd6mq_IMG_20260606_215029_819.webp https://assets.wuiltstore.com/cmq2plh060kzb01ice4laapgf_IMG_20260606_215029_662.webp https://assets.wuiltstore.com/cmq2plgsq0kza01icd3b3by5x_IMG_20260606_215030_236.webp,,ACTIVE,مجات وزجاجة,https://lolishop.wuiltstore.com/ar/product/all/مج-قمر,Global,2026-06-06T21:51:14.569Z,2026-06-06T21:51:14.648Z,,,,
محفظة-كرومي-واستيتش,محفظة كرومي واستيتش,,محفظة كرومي واستيتش,,,,,,,,,Available,95,,,https://assets.wuiltstore.com/cmq2p9b7y0kyb01ica6h1b3rf_IMG_20260606_214034_830.webp https://assets.wuiltstore.com/cmq2p9bgq0kyc01ic2j716jrg_IMG_20260606_214034_889.webp https://assets.wuiltstore.com/cmq2p9bnk0kyd01ica8hc612r_IMG_20260606_214034_987.webp https://assets.wuiltstore.com/cmq2p9bv90kye01icfllfdy30_IMG_20260606_214035_354.webp https://assets.wuiltstore.com/cmq2p9c2i0kyf01ic2i7e3y60_IMG_20260606_214034_998.webp https://assets.wuiltstore.com/cmq2p9cfy0kyh01ica8woc2g9_IMG_20260606_214035_156.webp https://assets.wuiltstore.com/cmq2p9c940kyg01ic98pt54k6_IMG_20260606_214034_567.webp,,ACTIVE,توكه وشنطة وشراب,https://lolishop.wuiltstore.com/ar/product/all/محفظة-كرومي-واستيتش,Global,2026-06-06T21:41:47.976Z,2026-06-06T21:41:48.124Z,,,,
قلم-كرومي-قصير,قلم كرومي قصير,,قلم كرومي قصير,,,,,,,,,Available,20,,,https://assets.wuiltstore.com/cmq2p4s4h0ky501ic7hylhav7_IMG_20260606_213655_340.webp https://assets.wuiltstore.com/cmq2p4sbw0ky601ic4bcyfwrc_IMG_20260606_213655_311.webp https://assets.wuiltstore.com/cmq2p4sim0ky701ic8kps04zd_IMG_20260606_213655_044.webp https://assets.wuiltstore.com/cmq2p4sx30ky901ic6rpda8ym_IMG_20260606_213655_140.webp https://assets.wuiltstore.com/cmq2p4spc0ky801icdtim5hah_IMG_20260606_213634_072.webp,,ACTIVE,أقلام ,https://lolishop.wuiltstore.com/ar/product/all/قلم-كرومي-قصير,Global,2026-06-06T21:38:16.615Z,2026-06-06T21:38:16.679Z,,,,
تشكيلة-اسكوشي,تشكيلة اسكوشي ,,تشكيلة اسكوشي ,,,,,,,,,Available,65,,,https://assets.wuiltstore.com/cmq2oxlif0kxf01icdvcv5xj6_IMG_20260606_212801_521.webp https://assets.wuiltstore.com/cmq2oxlp20kxg01ichm5g01we_IMG_20260606_212802_289.webp https://assets.wuiltstore.com/cmq2oxlvt0kxh01ic5poegghp_IMG_20260606_212801_654.webp https://assets.wuiltstore.com/cmq2oxm2y0kxi01ic5azbdpgh_IMG_20260606_212758_330.webp https://assets.wuiltstore.com/cmq2oxmh80kxk01ic8avp2pn8_IMG_20260606_212759_269.webp https://assets.wuiltstore.com/cmq2oxma50kxj01ic0497dtns_IMG_20260606_212759_001.webp,,ACTIVE,ألعاب ,https://lolishop.wuiltstore.com/ar/product/all/تشكيلة-اسكوشي,Global,2026-06-06T21:32:41.461Z,2026-06-06T21:32:41.527Z,,,,
لعبة-مائية-استيتش,لعبة مائية استيتش ,,لعبة مائية استيتش ,,,,,,,,,Available,65,,,https://assets.wuiltstore.com/cmq2onri70kwx01iccsi6gkhq_IMG_20260606_212202_065.webp https://assets.wuiltstore.com/cmq2onrpg0kwy01ic72rg44kw_IMG_20260606_212201_996.webp https://assets.wuiltstore.com/cmq2ons480kx001ic1wlf1fos_IMG_20260606_212201_769.webp https://assets.wuiltstore.com/cmq2onrwr0kwz01ic00oj8v4q_IMG_20260606_212202_271.webp,,ACTIVE,ألعاب ,https://lolishop.wuiltstore.com/ar/product/all/لعبة-مائية-استيتش,Global,2026-06-06T21:25:02.656Z,2026-06-06T21:25:58.929Z,,,,
جراب-الايربودز,جراب الايربودز ,,جراب الايربودز ,,,,,,,,,Available,160,,,https://assets.wuiltstore.com/cmog1qay903yy01kr04ym9ub5_IMG_20260426_203107_256.webp https://assets.wuiltstore.com/cmog1qayr040i01o7fqnmemm2_IMG_20260426_203107_534.webp https://assets.wuiltstore.com/cmog1qbx103yz01krbtb00exg_IMG_20260426_203106_669.webp https://assets.wuiltstore.com/cmog1qcua03z001krgfxzg8a5_IMG_20260426_203106_985.webp https://assets.wuiltstore.com/cmog1qdsi03z101kr9u5vae0h_IMG_20260426_203106_637.webp https://assets.wuiltstore.com/cmog1qay6042o01ndgy784yze_IMG_20260426_203106_784.webp,,ACTIVE,منتجات أخري,https://lolishop.wuiltstore.com/ar/product/all/جراب-الايربودز,Global,2026-04-26T20:32:31.418Z,2026-04-26T20:32:31.474Z,,,,
فراشات-للديكور,فراشات للديكور,,فراشات للديكور,,,,,,,,,Available,65,,,https://assets.wuiltstore.com/cmog1h8fw043601oc77p1f3ri_IMG_20260426_202414_979.webp https://assets.wuiltstore.com/cmog1h7dd03yt01kr6tmbf900_IMG_20260426_202415_080.webp https://assets.wuiltstore.com/cmog1h7dq043501oc84t1eqgi_IMG_20260426_202415_322.webp,,ACTIVE,منتجات أخري,https://lolishop.wuiltstore.com/ar/product/all/فراشات-للديكور,Global,2026-04-26T20:25:26.778Z,2026-04-26T20:25:26.834Z,,,,
مجموعة-التلوين,مجموعة التلوين,,مجموعة التلوين,,,,,,,,,Available,165,,,https://assets.wuiltstore.com/cmog19uy403yp01krbialaze9_IMG20260420002211.webp https://assets.wuiltstore.com/cmog19up7042801nd9niv6e17_IMG20260420002124.webp https://assets.wuiltstore.com/cmog19ymj03yr01kr3kj9fcd2_IMG20260420002210.webp https://assets.wuiltstore.com/cmog19uxa043a01off8ua2yyj_IMG20260420002126.webp,,ACTIVE,رسم وتلوين ,https://lolishop.wuiltstore.com/ar/product/all/مجموعة-التلوين,Global,2026-04-26T20:19:39.854Z,2026-04-26T20:19:39.900Z,,,,
⁨‫طقم-هايلايتر-جليتر-‫4-ألوان⁩,طقم هايلايتر جليتر 4 ألوان ,,طقم هايلايتر جليتر 4 ألوان ,,,,,,,,,Available,95,,,https://assets.wuiltstore.com/cmkuoz31r0pp901gn9u3o14cl_1000202979.webp https://assets.wuiltstore.com/cmkuoz48t0ppa01gne1o8d915_1000202978.webp https://assets.wuiltstore.com/cmkuoz58q0ppb01gnfjrlee6q_1000202977.webp https://assets.wuiltstore.com/cmkuoz6c10ppc01gnhjwtayu7_1000202976.webp https://assets.wuiltstore.com/cmkuoz7c80ppd01gnfemm1fi3_1000202975.webp https://assets.wuiltstore.com/cmkuoz8cx0ppe01gnegjk8g2y_1000202974.webp https://assets.wuiltstore.com/cmkuoz9a60ppf01gn3h6nbuu1_1000202973.webp https://assets.wuiltstore.com/cmkuozaca0ppg01gn8jko86vy_1000202972.webp https://assets.wuiltstore.com/cmkuozbex0pph01gnes5abfky_1000202970.webp https://assets.wuiltstore.com/cmkuozciq0ppi01gn91podszl_1000202971.webp,,ACTIVE,هايلايتر ,https://lolishop.wuiltstore.com/ar/product/all/⁨‫طقم-هايلايتر-جليتر-‫4-ألوان⁩,Global,2026-01-26T07:53:09.261Z,2026-04-14T21:06:06.490Z,,,,
م-3,طقم أقلام جيل نيون ,,م,,,,,,,,,Available,140,,,https://assets.wuiltstore.com/cmla5se5304jb01gn8w6t5gj1_1000217307.webp https://assets.wuiltstore.com/cmla5sfbm04jc01gn3tcg58n1_1000217308.webp https://assets.wuiltstore.com/cmla5sgil04jd01gn5s6r65ma_1000217311.webp https://assets.wuiltstore.com/cmla5shld04je01gn9z1wa9ck_1000217310.webp https://assets.wuiltstore.com/cmla5sitm04jf01gn6qil7xbo_1000217313.webp https://assets.wuiltstore.com/cmla5sl4y04jh01gndjcw77r3_1000217312.webp https://assets.wuiltstore.com/cmla5sjw604jg01gn13uo7iq6_1000217309.webp,,ACTIVE,أقلام ,https://lolishop.wuiltstore.com/ar/product/all/م-3,Global,2026-02-06T03:40:23.174Z,2026-04-14T21:05:29.863Z,,,,
⁨‫طقم-قلم-فاين-لاين-‫6-لون-من-‫mg⁩,طقم قلم فاين لاين 6 لون من MG,,طقم قلم فاين لاين 6 لون من MG,,,,,,,,,Available,90,,,https://assets.wuiltstore.com/cmmaxsf9v0jra01k44zsh1iqr_IMG20260301003513.webp https://assets.wuiltstore.com/cmmaxsix70jrc01k40i6j0nzw_IMG20260301003524.webp https://assets.wuiltstore.com/cmmaxspaq0jrg01k467s2akor_IMG20260301003511.webp https://assets.wuiltstore.com/cmmaxsluh0jre01k45bmr0e5f_IMG20260301003505.webp,,ACTIVE,أقلام ,https://lolishop.wuiltstore.com/ar/product/all/⁨‫طقم-قلم-فاين-لاين-‫6-لون-من-‫mg⁩,Global,2026-03-03T21:23:46.197Z,2026-04-14T21:05:05.460Z,,,,
⁨‫طقم-قلم-جيل-‫9-لون⁩,طقم قلم جيل 9 لون,,طقم قلم جيل 9 لون,,,,,,,,,Available,150,,,https://assets.wuiltstore.com/cmlj020z8035701gncbt61pit_IMG20260211001225.webp https://assets.wuiltstore.com/cmlj022uo035801gn12fm0lsa_IMG20260211001429.webp https://assets.wuiltstore.com/cmlj024ro035901gn4e7u1hvi_IMG20260211001230.webp https://assets.wuiltstore.com/cmlj026nz035a01gn4j6d4e9g_IMG20260211001228.webp https://assets.wuiltstore.com/cmlj028h3035b01gncdzi9e8t_IMG20260211001158.webp https://assets.wuiltstore.com/cmlj02c7a035d01gn9m9cap2j_IMG20260211001151.webp https://assets.wuiltstore.com/cmlj02dx1035e01gngsmnb65w_IMG20260211001055.webp https://assets.wuiltstore.com/cmlj02hht035g01gn4xse8ib5_IMG20260211001049.webp https://assets.wuiltstore.com/cmlj02fpb035f01gnbnjhfgpg_IMG20260211001044.webp https://assets.wuiltstore.com/cmlj02a8e035c01gnczw00rnc_IMG20260211001506.webp,,ACTIVE,أقلام ,https://lolishop.wuiltstore.com/ar/product/all/⁨‫طقم-قلم-جيل-‫9-لون⁩,Global,2026-02-12T08:09:50.202Z,2026-04-14T21:04:31.615Z,,,,
⁨‫طقم-قلم-فاين-لاين-‫12-لون-من-‫mg⁩,طقم قلم فاين لاين 12 لون من MG,,طقم قلم فاين لاين 12 لون من MG,,,,,,,,,Available,190,,,https://assets.wuiltstore.com/cmmaxyril0jry01k4cmgzga3o_IMG20260301000024.webp https://assets.wuiltstore.com/cmmaxyvmj0js001k48we555nl_IMG20260301000938.webp https://assets.wuiltstore.com/cmmaxyyxh0js201k4e81g0s4d_IMG20260301000936.webp https://assets.wuiltstore.com/cmmaxz1zp0js401k4hy19fz29_IMG20260301000932.webp https://assets.wuiltstore.com/cmmaxz4d60js601k4dv8682fs_IMG20260301000858.webp https://assets.wuiltstore.com/cmmaxz6oo0js801k4hag8bvud_IMG20260301000829.webp https://assets.wuiltstore.com/cmmaxz84n0jsa01k4gfc90lh8_IMG20260301000823.webp https://assets.wuiltstore.com/cmmaxzaj40jsc01k4a04xehqx_IMG20260301000819.webp https://assets.wuiltstore.com/cmmaxzc2n0jse01k4bcjx1w1l_IMG20260228235957.webp https://assets.wuiltstore.com/cmmaxzei50jsg01k46de86amd_IMG20260228235130.webp https://assets.wuiltstore.com/cmmaxzh600jsi01k4d83mag7j_IMG20260228235126.webp https://assets.wuiltstore.com/cmmaxziud0jsk01k406fbfab4_IMG20260228235107.webp https://assets.wuiltstore.com/cmmaxzkjp0jsm01k49cyx3iz8_IMG20260228234954_BURST000_COVER.webp https://assets.wuiltstore.com/cmmaxzoug0jsq01k4fqj5gtnr_IMG20260228234954_BURST001.webp https://assets.wuiltstore.com/cmmaxzmpd0jso01k42h5ygsof_IMG20260228234949.webp,,ACTIVE,أقلام ,https://lolishop.wuiltstore.com/ar/product/all/⁨‫طقم-قلم-فاين-لاين-‫12-لون-من-‫mg⁩,Global,2026-03-03T21:28:50.121Z,2026-04-14T21:04:03.350Z,,,,
⁨‫هايلايتر-ملنر-‫36-لون⁩,هايلايتر ملنر 36 لون ,,هايلايتر ملنر 36 لون ,,,,,,,,,Available,285,,,https://assets.wuiltstore.com/cmkxr9s6l0xk801gn8uva4u29_IMG20260128093218.webp https://assets.wuiltstore.com/cmkxr9u4i0xk901gn4ahrccbf_IMG_20260128_095459_604.webp https://assets.wuiltstore.com/cmkxr9vcx0xka01gndujn66nw_IMG_20260128_095459_141.webp https://assets.wuiltstore.com/cmkxr9yxs0xkc01gn4t040j2x_IMG20260128093244.webp https://assets.wuiltstore.com/cmkxr9wpf0xkb01gnbhqp5e1c_IMG20260128093235.webp https://assets.wuiltstore.com/cmkxrcb670xkf01gn7kpwf51s_IMG20260128093218.webp,,ACTIVE,هايلايتر ,https://lolishop.wuiltstore.com/ar/product/all/⁨‫هايلايتر-ملنر-‫36-لون⁩,Global,2026-01-28T11:20:45.897Z,2026-04-14T21:03:32.107Z,,,,
⁨‫هايلايتر-ملنر-‫12-لون⁩,هايلايتر ملنر 12 لون ,,هايلايتر ملنر 12 لون ,,,,,,,,,Available,115,,,https://assets.wuiltstore.com/cmkxqnu920xhm01gn5t39cu65_IMG20260128093022.webp https://assets.wuiltstore.com/cmkxqnvs20xhn01gn20hjhzqc_IMG_20260128_095512_761.webp https://assets.wuiltstore.com/cmkxqnwsj0xho01gn2zw21q4w_IMG_20260128_095512_478.webp https://assets.wuiltstore.com/cmkxqnxx00xhp01gna108gu99_IMG_20260128_095512_794.webp https://assets.wuiltstore.com/cmkxqnz1r0xhq01gn2mhv7wtw_IMG_20260128_095512_574.webp https://assets.wuiltstore.com/cmkxqo00e0xhr01gn6f4zcg76_IMG_20260128_095506_833.webp https://assets.wuiltstore.com/cmkxqo33s0xht01gn3npn45le_IMG20260128093036.webp https://assets.wuiltstore.com/cmkxqo1790xhs01gn7493ebwv_IMG20260128093033.webp,,ACTIVE,هايلايتر ,https://lolishop.wuiltstore.com/ar/product/all/⁨‫هايلايتر-ملنر-‫12-لون⁩,Global,2026-01-28T11:03:42.185Z,2026-04-14T21:03:15.934Z,,,,
⁨‫هايلايتر-ملنر-‫24-لون⁩,هايلايتر ملنر 24 لون,,هايلايتر ملنر 24 لون,,,,,,,,,Available,190,,,https://assets.wuiltstore.com/cmkxqttel0xi601gn7cipaszm_IMG20260128093125.webp https://assets.wuiltstore.com/cmkxqtvdd0xi701gn9o6nem71_IMG20260128093146.webp https://assets.wuiltstore.com/cmkxqtxbc0xi801gn8q6uak5w_IMG20260128093142.webp https://assets.wuiltstore.com/cmkxqtzb80xi901gn35vh5ih8_IMG20260128093123.webp https://assets.wuiltstore.com/cmkxqu1240xia01gn6w6rd4t5_IMG_20260128_095506_833.webp https://assets.wuiltstore.com/cmkxqu26d0xib01gn94plfqr2_IMG_20260128_095506_543.webp,,ACTIVE,هايلايتر ,https://lolishop.wuiltstore.com/ar/product/all/⁨‫هايلايتر-ملنر-‫24-لون⁩,Global,2026-01-28T11:08:20.987Z,2026-04-14T21:02:50.348Z,,,,
نوته-استيكي-نوت-استيتش,نوته+ استيكي نوت استيتش ,,نوته+ استيكي نوت استيتش ,,لون,اصفر ,,,,,,Available,55,,,https://assets.wuiltstore.com/cmknvaqg108kq01gn4u86d8zy_1000197894.webp,https://assets.wuiltstore.com/cmknvaqg108kq01gn4u86d8zy_1000197894.webp,ACTIVE,,https://lolishop.wuiltstore.com/ar/product/all/نوته-استيكي-نوت-استيتش,Global,2026-01-21T13:15:47.334Z,2026-04-10T22:50:53.882Z,,,,
طقم-قلم-جيل-الوان,طقم قلم جيل الوان,,طقم قلم جيل الوان,,,,,,,,,Available,140,,,https://assets.wuiltstore.com/cmm9tmsj40hr901k44hmo9t51_IMG20260301003756.webp https://assets.wuiltstore.com/cmm9tmv1x0hrb01k46y8f5tgi_IMG20260301004653.webp https://assets.wuiltstore.com/cmm9tmxcb0hrd01k44r0gbeok_IMG20260301004650.webp https://assets.wuiltstore.com/cmm9tmzl30hrf01k455xkh33q_IMG20260301003821.webp https://assets.wuiltstore.com/cmm9tn2pj0hrh01k42imp5rhl_IMG20260301003750.webp https://assets.wuiltstore.com/cmm9tn6e70hrj01k42cry98nf_IMG20260301003746.webp https://assets.wuiltstore.com/cmm9tn9ao0hrl01k472j6e23l_IMG20260301003743.webp https://assets.wuiltstore.com/cmm9tnd440hrn01k48rx8devf_IMG20260301003538.webp https://assets.wuiltstore.com/cmm9tngxg0hrp01k45s7nc7yd_IMG20260301003536.webp https://assets.wuiltstore.com/cmm9tnj8d0hrr01k4a7fmffyu_IMG20260301004714.webp https://assets.wuiltstore.com/cmm9tnnfi0hrt01k464gt0zrj_IMG20260301003532.webp,,ACTIVE,أقلام ,https://lolishop.wuiltstore.com/ar/product/all/طقم-قلم-جيل-الوان,Global,2026-03-03T02:39:45.957Z,2026-04-09T01:43:27.127Z,,,,
نوت-بوك-بمقلمة,نوت بوك بمقلمة ,,نوت بوك بمقلمة ,,لون,موف,,,,,,Available,165,,,https://assets.wuiltstore.com/cmkpsi3xm0e0w01gnhko1ayaj_1000198842.webp https://assets.wuiltstore.com/cmkpsi79e0e0z01gnhv782au8_1000198845.webp https://assets.wuiltstore.com/cmkpsibei0e1301gn2vacdich_1000198850.webp https://assets.wuiltstore.com/cmkpsidj10e1501gn3ze9f2zl_1000198849.webp,https://assets.wuiltstore.com/cmkpsi3xm0e0w01gnhko1ayaj_1000198842.webp,ACTIVE,دفاتر ونوت بوك,https://lolishop.wuiltstore.com/ar/product/all/نوت-بوك-بمقلمة,Global,2026-01-22T21:33:04.804Z,2026-04-06T07:57:06.831Z,,,,
نوت-بوك-اسكوشي-ميلودي,نوت بوك اسكوشي ميلودي ,,نوت بوك اسكوشي ميلودي ,,أشكال,دبدوب ,,,,,,Available,165,155,,https://assets.wuiltstore.com/cmkpt0nyn0e4f01gnb1n77g24_1000198885.webp https://assets.wuiltstore.com/cmkpt0pds0e4g01gn4g310h70_1000198886.webp https://assets.wuiltstore.com/cmkpt0qq30e4h01gnfik72rog_1000198887.webp https://assets.wuiltstore.com/cmkpt0s2p0e4i01gn6zbsgzto_1000198888.webp https://assets.wuiltstore.com/cmkpt0tec0e4j01gn8ebp5ueq_1000198889.webp https://assets.wuiltstore.com/cmkpt0uq20e4k01gn21wlaayv_1000198890.webp https://assets.wuiltstore.com/cmkpt0vzd0e4l01gn7g34eui7_1000198891.webp https://assets.wuiltstore.com/cmkpt0xbs0e4m01gngix3baej_1000198892.webp https://assets.wuiltstore.com/cmkpt0zzz0e4o01gn4wsc80sk_1000198893.webp https://assets.wuiltstore.com/cmkpt0yog0e4n01gn386i0mmo_1000198894.webp,https://assets.wuiltstore.com/cmkpt0pds0e4g01gn4g310h70_1000198886.webp,ACTIVE,دفاتر ونوت بوك,https://lolishop.wuiltstore.com/ar/product/all/نوت-بوك-اسكوشي-ميلودي,Global,2026-01-22T21:47:30.525Z,2026-04-04T06:23:39.118Z,,,,
نوت-بوك-اسكوشي-ميلودي,,,,,أشكال,عروسة ,,,,,,Available,165,155,,,https://assets.wuiltstore.com/cmkpt0tec0e4j01gn8ebp5ueq_1000198889.webp,,,https://lolishop.wuiltstore.com/ar/product/all/نوت-بوك-اسكوشي-ميلودي,,,,,,,
نوت-بوك-اسكوشي-ميلودي,,,,,أشكال,تلفزيون ,,,,,,Available,165,155,,,https://assets.wuiltstore.com/cmkpt0nyn0e4f01gnb1n77g24_1000198885.webp,,,https://lolishop.wuiltstore.com/ar/product/all/نوت-بوك-اسكوشي-ميلودي,,,,,,,
نوت-بوك-لابوبو-سلك-ألوان,نوت بوك لابوبو سلك ألوان ,,نوت بوك لابوبو سلك ألوان ,,لون,بينك,,,,,,Available,140,,,https://assets.wuiltstore.com/cmkoh6qn90at301gn447i4vc9_1000198259.webp https://assets.wuiltstore.com/cmkoh6ly50asz01gne8zp74k6_1000198265.webp https://assets.wuiltstore.com/cmkoh6rqi0at401gn7tio0xfo_1000198262.webp https://assets.wuiltstore.com/cmkoh6sx70at501gn5ehiejxs_1000198261.webp https://assets.wuiltstore.com/cmkoh6u2v0at601gn8go47jkz_1000198260.webp https://assets.wuiltstore.com/cmkoh6v720at701gn6kbfhti7_1000198266.webp https://assets.wuiltstore.com/cmm93wya20fzd01k443bndail_IMG_20260302_133113_583.webp https://assets.wuiltstore.com/cmm93wx7r0fzc01k44ucz95jb_IMG_20260302_133113_977.webp,https://assets.wuiltstore.com/cmm93wx7r0fzc01k44ucz95jb_IMG_20260302_133113_977.webp,ACTIVE,دفاتر ونوت بوك,https://lolishop.wuiltstore.com/ar/product/all/نوت-بوك-لابوبو-سلك-ألوان,Global,2026-01-21T23:28:26.278Z,2026-04-02T01:43:23.987Z,,,,
نوت-بوك-لابوبو-سلك-ألوان,,,,,لون,اخضر ,,,,,,Available,140,,,,https://assets.wuiltstore.com/cmkoh6qn90at301gn447i4vc9_1000198259.webp,,,https://lolishop.wuiltstore.com/ar/product/all/نوت-بوك-لابوبو-سلك-ألوان,,,,,,,
نوت-بوك-لابوبو-سلك-ألوان,,,,,لون,بيج ,,,,,,Available,140,,,,https://assets.wuiltstore.com/cmkoh6sx70at501gn5ehiejxs_1000198261.webp,,,https://lolishop.wuiltstore.com/ar/product/all/نوت-بوك-لابوبو-سلك-ألوان,,,,,,,
⁨‫استيكي-نوت-اشكال-سويت-كيتي-‫3-قطع⁩,استيكي نوت اشكال سويت كيتي 3 قطع,,استيكي نوت اشكال سويت كيتي 3 قطع,,استيكي نوت,موف,,,,,,Available,65,55,,https://assets.wuiltstore.com/cmkrixj870hmx01gn57zafdmi_IMG20251224162259_7676.webp https://assets.wuiltstore.com/cmkrixgsw0hmv01gn6hzx357m_IMG20251224161929_5506.webp https://assets.wuiltstore.com/cmkrixhz90hmw01gna6n322lo_IMG20251224162216_8777.webp https://assets.wuiltstore.com/cmkrixkj00hmy01gn1k4ge7r3_IMG20251224163038_4183.webp https://assets.wuiltstore.com/cmkrixlup0hmz01gn7bht1ah3_IMG20251224162354_9432.webp https://assets.wuiltstore.com/cmkrixn090hn001gnfadjg7vu_IMG20251224162605_7320.webp https://assets.wuiltstore.com/cmkrixo580hn101gndzp47ao1_IMG20251224163045_6318.webp https://assets.wuiltstore.com/cmkrixpaf0hn201gn0aeo6me0_IMG20251224163205_6720.webp https://assets.wuiltstore.com/cmkrixrm30hn401gn61qo0q5j_IMG20251224163537_4526.webp https://assets.wuiltstore.com/cmkrixqfz0hn301gnhw9g3o7w_IMG20251224163326_6113.webp,https://assets.wuiltstore.com/cmkrixhz90hmw01gna6n322lo_IMG20251224162216_8777.webp,ACTIVE,"الأكثر طلباً,استيكي نوت وفواصل ",https://lolishop.wuiltstore.com/ar/product/all/⁨‫استيكي-نوت-اشكال-سويت-كيتي-‫3-قطع⁩,Global,2026-01-24T02:40:37.475Z,2026-04-01T21:36:15.376Z,,,,
⁨‫استيكي-نوت-اشكال-سويت-كيتي-‫3-قطع⁩,,,,,استيكي نوت,لبني,,,,,,Available,65,55,,,https://assets.wuiltstore.com/cmkrixn090hn001gnfadjg7vu_IMG20251224162605_7320.webp,,,https://lolishop.wuiltstore.com/ar/product/all/⁨‫استيكي-نوت-اشكال-سويت-كيتي-‫3-قطع⁩,,,,,,,
⁨‫استيكي-نوت-اشكال-سويت-كيتي-‫3-قطع⁩,,,,,استيكي نوت,اخضر,,,,,,Available,65,55,,,https://assets.wuiltstore.com/cmkrixpaf0hn201gn0aeo6me0_IMG20251224163205_6720.webp,,,https://lolishop.wuiltstore.com/ar/product/all/⁨‫استيكي-نوت-اشكال-سويت-كيتي-‫3-قطع⁩,,,,,,,
⁨‫استيكي-نوت-اشكال-سويت-كيتي-‫3-قطع⁩,,,,,استيكي نوت,بينك,,,,,,Available,65,55,,,https://assets.wuiltstore.com/cmkrixj870hmx01gn57zafdmi_IMG20251224162259_7676.webp,,,https://lolishop.wuiltstore.com/ar/product/all/⁨‫استيكي-نوت-اشكال-سويت-كيتي-‫3-قطع⁩,,,,,,,
⁨‫طقم-هايلايتر-جليتر-‫6-ألوان⁩,طقم هايلايتر جليتر 6 ألوان ,,طقم هايلايتر جليتر 6 ألوان ,,,,,,,,,Available,195,190,,https://assets.wuiltstore.com/cmkuovbe80pop01gne21c8uet_1000202998.webp https://assets.wuiltstore.com/cmkuovcbh0poq01gndegpg0kq_1000202997.webp https://assets.wuiltstore.com/cmkuovdaa0por01gn2qo2ez61_1000202996.webp https://assets.wuiltstore.com/cmkuoveao0pos01gn5qv05b5u_1000202994.webp https://assets.wuiltstore.com/cmkuovfc30pot01gnf3zzg1lu_1000202995.webp https://assets.wuiltstore.com/cmkuovg8b0pou01gn7hh56mv4_1000202993.webp https://assets.wuiltstore.com/cmkuovh7j0pov01gn3lbw8xfc_1000202992.webp https://assets.wuiltstore.com/cmkuovjlu0pox01gn5lin4nwx_1000202990.webp https://assets.wuiltstore.com/cmkuovig80pow01gnaojefjeg_1000202991.webp,,ACTIVE,"الأكثر طلباً,هايلايتر ",https://lolishop.wuiltstore.com/ar/product/all/⁨‫طقم-هايلايتر-جليتر-‫6-ألوان⁩,Global,2026-01-26T07:50:13.417Z,2026-04-01T21:36:15.376Z,,,,
زجاجة-غزالة,زجاجة غزالة,,زجاجة غزالة,,اللون,لبني,,,,,,Available,110,,,https://assets.wuiltstore.com/cmn3q8h7903mo01m158bjbch6_IMG_20260323_235233_858.webp https://assets.wuiltstore.com/cmn3q8h93021y01l1dbet9aio_IMG_20260323_235233_747.webp,https://assets.wuiltstore.com/cmn3q8h93021y01l1dbet9aio_IMG_20260323_235233_747.webp,ACTIVE,مجات وزجاجة,https://lolishop.wuiltstore.com/ar/product/all/زجاجة-غزالة,Global,2026-03-24T00:57:47.346Z,2026-04-01T20:23:04.717Z,,,,
مكعبات-ثلج-بغطاء,مكعبات ثلج بغطاء,,مكعبات ثلج بغطاء,,ألوان,أبيض ,,,,,,Available,50,,,https://assets.wuiltstore.com/cmksz8fcv0kw601gnhwdl4ofg_1000202294.webp https://assets.wuiltstore.com/cmksz8gie0kw701gnh1ii72pi_1000202293.webp https://assets.wuiltstore.com/cmksz8hn20kw801gnbzpmgkj9_1000202292.webp https://assets.wuiltstore.com/cmksz8ivw0kw901gne4fpfjup_1000202291.webp https://assets.wuiltstore.com/cmksz8k1r0kwa01gn6z4mbtbd_1000202290.webp https://assets.wuiltstore.com/cmksz8lar0kwb01gnb9odachi_1000202289.webp https://assets.wuiltstore.com/cmksz8mkb0kwc01gn97l87mko_1000202288.webp https://assets.wuiltstore.com/cmksz8ntu0kwd01gnamy0b463_1000202287.webp https://assets.wuiltstore.com/cmksz8q490kwf01gn07w5fqsl_1000202286.webp https://assets.wuiltstore.com/cmksz8oyg0kwe01gne4oz39hk_1000202285.webp,https://assets.wuiltstore.com/cmksz8oyg0kwe01gne4oz39hk_1000202285.webp,ACTIVE,"منتجات أخري,مجات وزجاجة",https://lolishop.wuiltstore.com/ar/product/all/مكعبات-ثلج-بغطاء,Global,2026-01-25T03:04:48.244Z,2026-03-31T23:47:47.328Z,,,,
مكعبات-ثلج-بغطاء,,,,,ألوان,اخضر ,,,,,,Available,50,,,,https://assets.wuiltstore.com/cmksz8gie0kw701gnh1ii72pi_1000202293.webp,,,https://lolishop.wuiltstore.com/ar/product/all/مكعبات-ثلج-بغطاء,,,,,,,
مكعبات-ثلج-بغطاء,,,,,ألوان,أحمر ,,,,,,Available,50,,,,https://assets.wuiltstore.com/cmksz8k1r0kwa01gn6z4mbtbd_1000202290.webp,,,https://lolishop.wuiltstore.com/ar/product/all/مكعبات-ثلج-بغطاء,,,,,,,
مكعبات-ثلج-بغطاء,,,,,ألوان,ازرق,,,,,,Available,50,,,,https://assets.wuiltstore.com/cmksz8hn20kw801gnbzpmgkj9_1000202292.webp,,,https://lolishop.wuiltstore.com/ar/product/all/مكعبات-ثلج-بغطاء,,,,,,,
مكعبات-ثلج-بغطاء,,,,,ألوان,بنك ,,,,,,Available,50,,,,https://assets.wuiltstore.com/cmksz8ntu0kwd01gnamy0b463_1000202287.webp,,,https://lolishop.wuiltstore.com/ar/product/all/مكعبات-ثلج-بغطاء,,,,,,,
نوت-بوك-ام-جي,نوت بوك ام جي ,,نوت بوك ام جي ,,لون,بنك ,,,,,,Available,50,45,,https://assets.wuiltstore.com/cmkpsvqcf0e3p01gnbl9d47fg_1000198882.webp https://assets.wuiltstore.com/cmkpsvsyg0e3r01gndepv3e2p_1000198883.webp https://assets.wuiltstore.com/cmkpsvrnd0e3q01gna5xxd0z5_1000198884.webp https://assets.wuiltstore.com/cmkpsvp1j0e3o01gn3hn9hgu4_1000198881.webp,https://assets.wuiltstore.com/cmkpsvqcf0e3p01gnbl9d47fg_1000198882.webp,ACTIVE,دفاتر ونوت بوك,https://lolishop.wuiltstore.com/ar/product/all/نوت-بوك-ام-جي,Global,2026-01-22T21:43:38.664Z,2026-03-31T23:46:04.344Z,,,,
نوت-بوك-ام-جي,,,,,لون,سيمون ,,,,,,Available,50,,,,https://assets.wuiltstore.com/cmkpsvp1j0e3o01gn3hn9hgu4_1000198881.webp,,,https://lolishop.wuiltstore.com/ar/product/all/نوت-بوك-ام-جي,,,,,,,
مقلمة-مستوردة-الوان,مقلمة مستوردة الوان,,مقلمة مستوردة الوان,,الوان,اسود,,,,,,Available,45,,,https://assets.wuiltstore.com/cmnazc9p005lc01kveptw3t8c_IMG_20260329_014349_486.webp https://assets.wuiltstore.com/cmnazc94505ow01m18npo785j_IMG_20260329_014349_870.webp https://assets.wuiltstore.com/cmnazcaac05ox01m1hbe74hpe_IMG_20260329_014350_127.webp https://assets.wuiltstore.com/cmnazcbis05le01kv1dmi7rmz_IMG_20260329_014350_091.webp https://assets.wuiltstore.com/cmnazcach05ne01ldemr83zef_IMG_20260329_014349_568.webp https://assets.wuiltstore.com/cmnazccf405ng01ldesfvgkp2_IMG_20260329_014349_421.webp https://assets.wuiltstore.com/cmnazccf905oz01m1bibyg09v_IMG_20260329_014349_841.webp https://assets.wuiltstore.com/cmnazccx705lg01kv42bj3hyj_IMG_20260329_014350_218.webp https://assets.wuiltstore.com/cmnazc94q05n801kvbdgq4lav_IMG_20260329_014350_332.webp,https://assets.wuiltstore.com/cmnazccf905oz01m1bibyg09v_IMG_20260329_014349_841.webp,ACTIVE,مقالم مدرسية,https://lolishop.wuiltstore.com/ar/product/all/مقلمة-مستوردة-الوان,Global,2026-03-29T02:47:03.284Z,2026-03-29T02:48:53.823Z,,,,
مقلمة-مستوردة-الوان,,,,,الوان,بني,,,,,,Available,45,,,,https://assets.wuiltstore.com/cmnazccf405ng01ldesfvgkp2_IMG_20260329_014349_421.webp,,,https://lolishop.wuiltstore.com/ar/product/all/مقلمة-مستوردة-الوان,,,,,,,
مقلمة-مستوردة-الوان,,,,,الوان,موف,,,,,,Available,45,,,,https://assets.wuiltstore.com/cmnazcbis05le01kv1dmi7rmz_IMG_20260329_014350_091.webp,,,https://lolishop.wuiltstore.com/ar/product/all/مقلمة-مستوردة-الوان,,,,,,,
مقلمة-مستوردة-الوان,,,,,الوان,بيج,,,,,,Available,45,,,,https://assets.wuiltstore.com/cmnazc94q05n801kvbdgq4lav_IMG_20260329_014350_332.webp,,,https://lolishop.wuiltstore.com/ar/product/all/مقلمة-مستوردة-الوان,,,,,,,
مقلمة-مستوردة-الوان,,,,,الوان,لبني,,,,,,Available,45,,,,https://assets.wuiltstore.com/cmnazccx705lg01kv42bj3hyj_IMG_20260329_014350_218.webp,,,https://lolishop.wuiltstore.com/ar/product/all/مقلمة-مستوردة-الوان,,,,,,,
مقلمة-مستوردة-الوان,,,,,الوان,بينك,,,,,,Available,45,,,,https://assets.wuiltstore.com/cmnazc9p005lc01kveptw3t8c_IMG_20260329_014349_486.webp,,,https://lolishop.wuiltstore.com/ar/product/all/مقلمة-مستوردة-الوان,,,,,,,
مقلمة-مستوردة-الوان,,,,,الوان,ابيض,,,,,,Available,45,,,,https://assets.wuiltstore.com/cmnazc94505ow01m18npo785j_IMG_20260329_014349_870.webp,,,https://lolishop.wuiltstore.com/ar/product/all/مقلمة-مستوردة-الوان,,,,,,,
بوك-فرو-شخصيات,بوك فرو شخصيات,,بوك فرو شخصيات,,شخصيات,دبدوب,,,,,,Available,70,,,https://assets.wuiltstore.com/cmn93wsac04vs01kvbaaggnmc_IMG_20260327_181617_536.webp https://assets.wuiltstore.com/cmn93ws7s04z801m10kmjdgmd_IMG_20260327_181617_592.webp https://assets.wuiltstore.com/cmn93ws9t04y501ldhcnkb6l1_IMG_20260327_181618_112.webp https://assets.wuiltstore.com/cmn93wtfr04vt01kv7sorf6dq_IMG_20260327_181617_385.webp https://assets.wuiltstore.com/cmn93wuey04vu01kvarctewpx_IMG_20260327_181611_569.webp https://assets.wuiltstore.com/cmn93wvcq04vv01kv6gsqg7f7_IMG_20260327_181608_033.webp https://assets.wuiltstore.com/cmn93wteu04y601ldfsjb3vo9_IMG_20260327_181608_062.webp https://assets.wuiltstore.com/cmn93wt6i04z901m13fxfg4rx_IMG_20260327_181607_468.webp,https://assets.wuiltstore.com/cmn93wteu04y601ldfsjb3vo9_IMG_20260327_181608_062.webp,ACTIVE,,https://lolishop.wuiltstore.com/ar/product/all/بوك-فرو-شخصيات,Global,2026-03-27T19:19:27.245Z,2026-03-27T19:22:05.961Z,,,,
بوك-فرو-شخصيات,,,,,شخصيات,ميلودي,,,,,,Available,70,,,,https://assets.wuiltstore.com/cmn93wsac04vs01kvbaaggnmc_IMG_20260327_181617_536.webp,,,https://lolishop.wuiltstore.com/ar/product/all/بوك-فرو-شخصيات,,,,,,,
بوك-فرو-شخصيات,,,,,شخصيات,سينما رول,,,,,,Available,70,,,,https://assets.wuiltstore.com/cmn93wt6i04z901m13fxfg4rx_IMG_20260327_181607_468.webp,,,https://lolishop.wuiltstore.com/ar/product/all/بوك-فرو-شخصيات,,,,,,,
⁨‫منظم-كبير-‫2-درج⁩,منظم كبير 2 درج ,,منظم كبير 2 درج ,,,,,,,,,Available,230,,,https://assets.wuiltstore.com/cmksp5qt60jvt01gnczg42y44_1000201987.webp https://assets.wuiltstore.com/cmksp5rnb0jvu01gn70cufo32_1000201988.webp https://assets.wuiltstore.com/cmksp5szl0jvv01gn6k4welru_1000201989.webp https://assets.wuiltstore.com/cmksp5u9y0jvw01gn41kifhx4_1000201990.webp https://assets.wuiltstore.com/cmksp5vmo0jvx01gn24s01ufl_1000201985.webp https://assets.wuiltstore.com/cmksp5wv80jvy01gn8ttmfppo_1000201986.webp https://assets.wuiltstore.com/cmksp5y100jvz01gnfbnbg1sv_1000201984.webp https://assets.wuiltstore.com/cmksp5zro0jw101gnbixaaam3_1000201982.webp https://assets.wuiltstore.com/cmksp5z1n0jw001gnhzr3cxia_1000201983.webp,,ACTIVE,منظمات مكتب,https://lolishop.wuiltstore.com/ar/product/all/⁨‫منظم-كبير-‫2-درج⁩,Global,2026-01-24T22:22:47.824Z,2026-03-25T16:24:18.198Z,,,,
منظم-جولي-أبيض-و-بنك,منظم جولي أبيض و بنك ,,منظم جولي أبيض و بنك ,,ألوان,بنك ,,,,,,Available,100,,,https://assets.wuiltstore.com/cmksx8m4g0kph01gn6hu84fdp_1000202386.webp https://assets.wuiltstore.com/cmksx8kvw0kpg01gn811j8yww_1000202385.webp https://assets.wuiltstore.com/cmksx8nfm0kpi01gn2990bsgx_1000202388.webp https://assets.wuiltstore.com/cmksx8ot30kpj01gn3tlpg1zh_1000202391.webp https://assets.wuiltstore.com/cmksx8rg00kpl01gn971w0aj1_1000202387.webp https://assets.wuiltstore.com/cmksx8sqj0kpm01gn5wtjb8zs_1000202389.webp https://assets.wuiltstore.com/cmksx8u1i0kpn01gnfwnvdtrt_1000202392.webp https://assets.wuiltstore.com/cmksx8wli0kpp01gnduc90045_1000202394.webp https://assets.wuiltstore.com/cmksx8vbg0kpo01gn8pem763f_1000202393.webp https://assets.wuiltstore.com/cmksx8q2z0kpk01gn09gjhjle_1000202390.webp,https://assets.wuiltstore.com/cmksx8m4g0kph01gn6hu84fdp_1000202386.webp,ACTIVE,منظمات مكتب,https://lolishop.wuiltstore.com/ar/product/all/منظم-جولي-أبيض-و-بنك,Global,2026-01-25T02:08:56.705Z,2026-03-25T16:23:24.844Z,,,,
منظم-جولي-أبيض-و-بنك,,,,,ألوان,أبيض ,,,,,,Available,100,,,,https://assets.wuiltstore.com/cmksx8kvw0kpg01gn811j8yww_1000202385.webp,,,https://lolishop.wuiltstore.com/ar/product/all/منظم-جولي-أبيض-و-بنك,,,,,,,
⁨‫منظم-فرنسي-‫2-دور⁩,منظم فرنسي 2 دور ,,منظم فرنسي 2 دور ,,ألوان,رمادي ,,,,,,Available,85,,,https://assets.wuiltstore.com/cmkswf7pb0kna01gn75tb9pc2_1000202411.webp https://assets.wuiltstore.com/cmkswf8c90knb01gn5gcrcc2c_1000202414.webp https://assets.wuiltstore.com/cmkswf93v0knc01gn6mca95yd_1000202413.webp https://assets.wuiltstore.com/cmkswface0knd01gn7p9j9xy7_1000202415.webp https://assets.wuiltstore.com/cmkswfbh70kne01gn1lf97zhn_1000202416.webp https://assets.wuiltstore.com/cmkswfdka0kng01gn4yp33bcu_1000202417.webp https://assets.wuiltstore.com/cmkswfclh0knf01gn794z8jj5_1000202412.webp,https://assets.wuiltstore.com/cmkswf93v0knc01gn6mca95yd_1000202413.webp,ACTIVE,منظمات مكتب,https://lolishop.wuiltstore.com/ar/product/all/⁨‫منظم-فرنسي-‫2-دور⁩,Global,2026-01-25T01:46:06.950Z,2026-03-25T16:21:19.622Z,,,,
⁨‫منظم-فرنسي-‫2-دور⁩,,,,,ألوان,بنك ,,,,,,Available,85,,,,https://assets.wuiltstore.com/cmkswf7pb0kna01gn75tb9pc2_1000202411.webp,,,https://lolishop.wuiltstore.com/ar/product/all/⁨‫منظم-فرنسي-‫2-دور⁩,,,,,,,
⁨‫منظم-فرنسي-‫2-دور⁩,,,,,ألوان,ابيض,,,,,,Available,85,,,,https://assets.wuiltstore.com/cmkswfclh0knf01gn794z8jj5_1000202412.webp,,,https://lolishop.wuiltstore.com/ar/product/all/⁨‫منظم-فرنسي-‫2-دور⁩,,,,,,,
⁨‫الوان-فيبر-كاسيل-‫24-لون-كبير⁩,الوان فيبر كاسيل 24 لون كبير,,الوان فيبر كاسيل 24 لون كبير,,,,,,,,,Available,175,,,https://assets.wuiltstore.com/cmn3qj1uv03is01kvbsu173lt_IMG_20260324_000455_123.webp https://assets.wuiltstore.com/cmn3qj1ry03jd01ld2bnw8z0w_IMG_20260324_000455_224.webp https://assets.wuiltstore.com/cmn3qj1uv03mt01m19x1e86dd_IMG_20260324_000455_107.webp https://assets.wuiltstore.com/cmn3qj2zd03mu01m12qvk8bg2_IMG_20260324_000455_974.webp https://assets.wuiltstore.com/cmn3qj2y803it01kvhq8x7j39_IMG_20260324_000455_246.webp,,ACTIVE,رسم وتلوين ,https://lolishop.wuiltstore.com/ar/product/all/⁨‫الوان-فيبر-كاسيل-‫24-لون-كبير⁩,Global,2026-03-24T01:06:00.652Z,2026-03-24T01:06:00.755Z,,,,
⁨‫الوان-شمع-‫6-لون⁩,الوان شمع 6 لون,,الوان شمع 6 لون,,الوان شمع,لبني,,,,,,Available,45,35,,https://assets.wuiltstore.com/cmks58rsw0idt01gnfju3fp9o_IMG20260110094534_4261.webp https://assets.wuiltstore.com/cmks58uab0idv01gnccuk6il2_IMG20260110094646_6170.webp https://assets.wuiltstore.com/cmks58vmk0idw01gn53kf3z9p_IMG20260110094653_2549__1_.webp https://assets.wuiltstore.com/cmks58wsi0idx01gnara871nu_IMG20260110094713_9798.webp https://assets.wuiltstore.com/cmks58y140idy01gndv1e8kaj_IMG20260110094653_2549.webp,,ACTIVE,رسم وتلوين ,https://lolishop.wuiltstore.com/ar/product/all/⁨‫الوان-شمع-‫6-لون⁩,Global,2026-01-24T13:05:09.903Z,2026-03-24T01:02:26.259Z,,,,
⁨‫الوان-شمع-‫6-لون⁩,,,,,الوان شمع,موف,,,,,,Available,45,35,,,https://assets.wuiltstore.com/cmks58rsw0idt01gnfju3fp9o_IMG20260110094534_4261.webp,,,https://lolishop.wuiltstore.com/ar/product/all/⁨‫الوان-شمع-‫6-لون⁩,,,,,,,
مقلمة-لوكس-كبيرة,مقلمة لوكس كبيرة,,مقلمة لوكس كبيرة,,,,,,,,,Available,150,,,https://assets.wuiltstore.com/cmn3qbhvr03mq01m11j1o242r_IMG_20260323_235855_252.webp https://assets.wuiltstore.com/cmn3qbhth03gh01kvdyai75dq_IMG_20260323_235901_677.webp https://assets.wuiltstore.com/cmn3qbirm03gi01kv7jgfafn8_IMG_20260323_235855_243.webp,,ACTIVE,مقالم مدرسية,https://lolishop.wuiltstore.com/ar/product/all/مقلمة-لوكس-كبيرة,Global,2026-03-24T01:00:07.150Z,2026-03-24T01:00:43.685Z,,,,
--10-,تشكيله تابس 10 ألوان ,,تشكيله تايبس 10 ألوان ,,أشكال,تلاتة ,,,,,,Available,40,,,https://assets.wuiltstore.com/cml4oaxzh01sb01gng6j47xeq_1000212243.webp https://assets.wuiltstore.com/cml4ob0c301sd01gnefs3dbuo_1000212245.webp https://assets.wuiltstore.com/cml4oavr301s901gn8z41dhg3_1000212239.webp https://assets.wuiltstore.com/cml4ob1jg01se01gn3gopbpbi_1000212241.webp,https://assets.wuiltstore.com/cml4ob0c301sd01gnefs3dbuo_1000212245.webp,ACTIVE,,https://lolishop.wuiltstore.com/ar/product/all/--10-,Global,2026-02-02T07:32:01.783Z,2026-03-11T00:08:20.408Z,,,,
--10-,,,,,أشكال,واحد,,,,,,Available,40,,,,https://assets.wuiltstore.com/cml4oavr301s901gn8z41dhg3_1000212239.webp,,,https://lolishop.wuiltstore.com/ar/product/all/--10-,,,,,,,
تت-1, 2تشكيله تابس 10 ألوان ,,تت,,أشكال,تلاتة ,,,,,,Available,40,,,https://assets.wuiltstore.com/cml8vzmvu00gl01gnbrme5ojh_1000212190.webp https://assets.wuiltstore.com/cml8vzlsz00gk01gn3fwwfshm_1000212189.webp https://assets.wuiltstore.com/cml8vzpav00gn01gn7mt05s0f_1000212188.webp https://assets.wuiltstore.com/cml8vzrk500gp01gna9rkac0e_1000212187.webp,https://assets.wuiltstore.com/cml8vzrk500gp01gna9rkac0e_1000212187.webp,ACTIVE,استيكي نوت وفواصل ,https://lolishop.wuiltstore.com/ar/product/all/تت-1,Global,2026-02-05T06:18:11.104Z,2026-03-11T00:06:16.723Z,,,,
تت-1,,,,,أشكال,واحد,,,,,,Available,40,,,,https://assets.wuiltstore.com/cml8vzlsz00gk01gn3fwwfshm_1000212189.webp,,,https://lolishop.wuiltstore.com/ar/product/all/تت-1,,,,,,,
ضوافر-أطفال,ضوافر أطفال ,,ضوافر أطفال ,,ضوافر,6,,,,,,Available,25,,,https://assets.wuiltstore.com/cmmf8zh0d00va01lad3o22bs6_IMG_20260305_075346_483.webp https://assets.wuiltstore.com/cmmf8zhzh00vb01la7k0zfdlh_IMG_20260305_075342_878.webp https://assets.wuiltstore.com/cmmf8zh0j00x801ksarucdiyy_IMG_20260305_075342_295.webp https://assets.wuiltstore.com/cmmf8zh0q00wa01ldc8i27jji_IMG_20260305_075342_203.webp https://assets.wuiltstore.com/cmmf8zi2000wb01ld9vknfzl8_IMG_20260305_075342_140.webp https://assets.wuiltstore.com/cmmf8zh0s0nw401k47n8he6zh_IMG_20260305_075346_276.webp,,ACTIVE,توكه وشنطة وشراب,https://lolishop.wuiltstore.com/ar/product/all/ضوافر-أطفال,Global,2026-03-06T21:48:25.481Z,2026-03-06T21:48:25.587Z,,,,
ضوافر-أطفال,,,,,ضوافر,5,,,,,,Available,25,,,,,,,https://lolishop.wuiltstore.com/ar/product/all/ضوافر-أطفال,,,,,,,
ضوافر-أطفال,,,,,ضوافر,3,,,,,,Available,25,,,,,,,https://lolishop.wuiltstore.com/ar/product/all/ضوافر-أطفال,,,,,,,
ضوافر-أطفال,,,,,ضوافر,4,,,,,,Available,25,,,,,,,https://lolishop.wuiltstore.com/ar/product/all/ضوافر-أطفال,,,,,,,
ضوافر-أطفال,,,,,ضوافر,2,,,,,,Available,25,,,,,,,https://lolishop.wuiltstore.com/ar/product/all/ضوافر-أطفال,,,,,,,
ضوافر-أطفال,,,,,ضوافر,1,,,,,,Available,25,,,,,,,https://lolishop.wuiltstore.com/ar/product/all/ضوافر-أطفال,,,,,,,
اقلام-فاين-لاين,اقلام فاين لاين ,,اقلام فاين لاين ,,اقلام فاين لاين,اسود,,,,,,Available,12,,,https://assets.wuiltstore.com/cml3cr42203nw01gn8agufolj_IMG20260201000225.webp https://assets.wuiltstore.com/cml3cr5ld03nx01gn4c53fzmc_IMG20260201000336.webp https://assets.wuiltstore.com/cml3cr6yc03ny01gn3bit7jdb_IMG20260201000310.webp https://assets.wuiltstore.com/cml3cr8ai03nz01gn1tddgxhj_IMG20260201000301.webp https://assets.wuiltstore.com/cml3crbce03o101gnho6bglhc_IMG20260201000234.webp https://assets.wuiltstore.com/cml3cr9r403o001gnffhm1vr5_IMG20260201000233.webp,https://assets.wuiltstore.com/cml3cr5ld03nx01gn4c53fzmc_IMG20260201000336.webp,ACTIVE,أقلام ,https://lolishop.wuiltstore.com/ar/product/all/اقلام-فاين-لاين,Global,2026-02-01T09:20:57.390Z,2026-03-06T21:44:10.013Z,,,,
اقلام-فاين-لاين,,,,,اقلام فاين لاين,احمر,,,,,,Available,12,,,,https://assets.wuiltstore.com/cml3cr8ai03nz01gn1tddgxhj_IMG20260201000301.webp,,,https://lolishop.wuiltstore.com/ar/product/all/اقلام-فاين-لاين,,,,,,,
مراية-أشكال-تحفة,مراية أشكال تحفة,,مراية أشكال تحفة,,الوان,اورنج,,,,,,Available,50,,,https://assets.wuiltstore.com/cmmdc42ng00b201gpadmpdwzh_IMG_20260305_075345_872.webp https://assets.wuiltstore.com/cmmdc42n90nb101k4beorfe7f_IMG_20260305_075345_845.webp https://assets.wuiltstore.com/cmmdc42lj009z01ldgpbygwfg_IMG_20260305_075351_275.webp https://assets.wuiltstore.com/cmmdc43nl00b301gp15q39zj4_IMG_20260305_075350_564.webp https://assets.wuiltstore.com/cmmdc44jk00b401gphw88h6hv_IMG_20260305_075350_393.webp https://assets.wuiltstore.com/cmmdc43lf00a001ld5epd3e8k_IMG_20260305_075351_236.webp https://assets.wuiltstore.com/cmmdc44o900a101ld2lys0dti_IMG_20260305_075350_553.webp https://assets.wuiltstore.com/cmmdc45n500a201ld5xcw5ior_IMG_20260305_075350_546.webp https://assets.wuiltstore.com/cmmdc46kq00a301ld3qpu2mje_IMG_20260305_075350_493.webp https://assets.wuiltstore.com/cmmdc45hp00b501gp5rt6fi35_IMG_20260305_075351_132.webp https://assets.wuiltstore.com/cmmdc47i800a401ld1km03xj6_IMG_20260305_075346_642.webp https://assets.wuiltstore.com/cmmdc43lr0nb201k4fy620k47_IMG_20260305_075346_596.webp,https://assets.wuiltstore.com/cmmdc43lr0nb201k4fy620k47_IMG_20260305_075346_596.webp,ACTIVE,ادوات تجميل ,https://lolishop.wuiltstore.com/ar/product/all/مراية-أشكال-تحفة,Global,2026-03-05T13:40:26.673Z,2026-03-06T21:41:51.104Z,,,,
مراية-أشكال-تحفة,,,,,الوان,اصفر,,,,,,Available,50,,,,https://assets.wuiltstore.com/cmmdc42lj009z01ldgpbygwfg_IMG_20260305_075351_275.webp,,,https://lolishop.wuiltstore.com/ar/product/all/مراية-أشكال-تحفة,,,,,,,
مراية-أشكال-تحفة,,,,,الوان,لبني,,,,,,Available,50,,,,https://assets.wuiltstore.com/cmmdc47i800a401ld1km03xj6_IMG_20260305_075346_642.webp,,,https://lolishop.wuiltstore.com/ar/product/all/مراية-أشكال-تحفة,,,,,,,
مراية-أشكال-تحفة,,,,,الوان,أخضر,,,,,,Available,50,,,,https://assets.wuiltstore.com/cmmdc45n500a201ld5xcw5ior_IMG_20260305_075350_546.webp,,,https://lolishop.wuiltstore.com/ar/product/all/مراية-أشكال-تحفة,,,,,,,
نضارة-فيونكة,نضارة فيونكة,,نضارة فيونكة,,,,,,,,,Available,65,,,https://assets.wuiltstore.com/cmmf8px2v00xm01gphw3khddh_IMG_20260305_075342_467.webp https://assets.wuiltstore.com/cmmf8pw0900xl01gp9x05108t_IMG_20260305_075342_958.webp https://assets.wuiltstore.com/cmmf8pvze00w601ld9atjdl8w_IMG_20260305_075342_945.webp,,ACTIVE,توكه وشنطة وشراب,https://lolishop.wuiltstore.com/ar/product/all/نضارة-فيونكة,Global,2026-03-06T21:40:58.380Z,2026-03-06T21:40:58.439Z,,,,
طقم-خاتم-في-علبة-شيك,طقم خاتم في علبة شيك,,طقم خاتم في علبة شيك,,,,,,,,,Available,25,,,https://assets.wuiltstore.com/cmmdbylzo00a301la0i2ugsks_IMG_20260305_075358_855.webp https://assets.wuiltstore.com/cmmdbym01009v01ldbjyi793k_IMG_20260305_075358_683.webp https://assets.wuiltstore.com/cmmdbym03009o01ksf37q53r9_IMG_20260305_075359_338.webp https://assets.wuiltstore.com/cmmdbym1d00ay01gp2iao6yqf_IMG_20260305_075402_708.webp https://assets.wuiltstore.com/cmmdbym040nav01k41um9hujo_IMG_20260305_075403_310.webp https://assets.wuiltstore.com/cmmdbymxa009p01ks17b55r64_IMG_20260305_075359_298.webp https://assets.wuiltstore.com/cmmdbymyh00az01gp3skk2t3h_IMG_20260305_075358_699.webp https://assets.wuiltstore.com/cmmdbymuz0naw01k40v419ugy_IMG_20260305_075358_914.webp https://assets.wuiltstore.com/cmmdbynue00b001gp3v1jhkm2_IMG_20260305_075359_306.webp https://assets.wuiltstore.com/cmmdbymy6009w01ld85rze5q4_IMG_20260305_075358_896.webp https://assets.wuiltstore.com/cmmdbynup009q01ks3lqqdnct_IMG_20260305_075355_202.webp https://assets.wuiltstore.com/cmmdbynuu009x01lddzo3f4av_IMG_20260305_075354_287.webp https://assets.wuiltstore.com/cmmdbymxi00a401lahgapftk4_IMG_20260305_075354_304.webp https://assets.wuiltstore.com/cmmdbynwa00a501la2cnd3f7r_IMG_20260305_075355_231.webp https://assets.wuiltstore.com/cmmdbyno90nax01k4gcdg55qt_IMG_20260305_075354_503.webp https://assets.wuiltstore.com/cmmdbyosl00a601la9z8icbxq_IMG_20260305_075354_877.webp https://assets.wuiltstore.com/cmmdbyos200b101gp7vnxgz01_IMG_20260305_075354_717.webp https://assets.wuiltstore.com/cmmdbyojz0nay01k4e8jh8a7t_IMG_20260305_075355_235.webp,,ACTIVE,توكه وشنطة وشراب,https://lolishop.wuiltstore.com/ar/product/all/طقم-خاتم-في-علبة-شيك,Global,2026-03-05T13:36:11.929Z,2026-03-05T13:36:11.991Z,,,,
أسورة-خرز,أسورة خرز,,أسورة خرز,,,,,,,,,Available,10,,,https://assets.wuiltstore.com/cmmd2780i008601gp3jj034h8_IMG_20260305_075403_345.webp https://assets.wuiltstore.com/cmmd27830007m01la8fs234i2_IMG_20260305_075402_879.webp,,ACTIVE,توكه وشنطة وشراب,https://lolishop.wuiltstore.com/ar/product/all/أسورة-خرز,Global,2026-03-05T09:02:57.616Z,2026-03-05T09:02:57.693Z,,,,
طوق-ستان,طوق ستان,,طوق ستان,,لون,بينك,,,,,,Available,30,,,https://assets.wuiltstore.com/cmmd252k3007501ldenohhm16_IMG_20260305_075406_165.webp https://assets.wuiltstore.com/cmmd252n9007k01la2cfs951m_IMG_20260305_075406_213.webp https://assets.wuiltstore.com/cmmd252kh007501ks72jf13qp_IMG_20260305_075402_582.webp https://assets.wuiltstore.com/cmmd253np007l01la3jle469l_IMG_20260305_075402_800.webp,https://assets.wuiltstore.com/cmmd252k3007501ldenohhm16_IMG_20260305_075406_165.webp,ACTIVE,توكه وشنطة وشراب,https://lolishop.wuiltstore.com/ar/product/all/طوق-ستان,None,2026-03-05T09:01:17.148Z,2026-03-05T09:01:41.043Z,,,,
طوق-ستان,,,,,لون,ابيض,,,,,,Available,30,,,,https://assets.wuiltstore.com/cmmd252kh007501ks72jf13qp_IMG_20260305_075402_582.webp,,,https://lolishop.wuiltstore.com/ar/product/all/طوق-ستان,,,,,,,
باكدج-التحفيز,باكدج التحفيز,"<p>باكدج التحفيز&nbsp;</p>
<p>عبارة عن&nbsp;</p>
<p>&nbsp;5 كروت تحفيزية&nbsp;</p>
<p>3 لعبة رابر حلوة اوي تتلزق علي المنظمات او كفر الموبايل او اللاب توب&nbsp;</p>
<p>الاختيار عشوائي&nbsp;</p>",باكدج التحفيز,,,,,,,,,Available,40,,,https://assets.wuiltstore.com/cmmd21hjj007301ld5tgcbgu3_IMG_20260305_075406_409.webp https://assets.wuiltstore.com/cmmd21hm3008301gpfj5f5q9q_IMG_20260305_075406_187.webp https://assets.wuiltstore.com/cmmd21hk0007j01laghae321v_IMG_20260305_075406_301.webp https://assets.wuiltstore.com/cmmd21iij008401gpbvnadaey_IMG_20260305_075406_278.webp https://assets.wuiltstore.com/cmmd21iir007401ldf0k3ew5j_IMG_20260305_075405_823.webp https://assets.wuiltstore.com/cmmd21hjf0n8a01k4cbzyfgjz_IMG_20260305_075406_121.webp https://assets.wuiltstore.com/cmmd21jf0008501gpdmv27eil_IMG_20260305_075406_239.webp https://assets.wuiltstore.com/cmmd21hk2007401ks1tr06h5c_IMG_20260305_075406_359.webp,,ACTIVE,"استيكر,باكدجات",https://lolishop.wuiltstore.com/ar/product/all/باكدج-التحفيز,Global,2026-03-05T08:58:29.939Z,2026-03-05T08:58:30.029Z,,,,
استيكر-نجوم-مضيئة,استيكر نجوم مضيئة,,استيكر نجوم مضيئة,,استيكر,1,,,,,,Available,45,35,,https://assets.wuiltstore.com/cmkrhl6ob0hic01gnalmbdlnh_IMG20260102223950_5519.webp https://assets.wuiltstore.com/cmkrhl88m0hid01gnfvns2qek_IMG20260102224014_6141.webp https://assets.wuiltstore.com/cmkrhl9pk0hie01gn2nts4o3q_IMG20260102224001_8297.webp https://assets.wuiltstore.com/cmm93o0my0fz001k46n3cfqm2_IMG_20260302_133231_443.webp https://assets.wuiltstore.com/cmm93nyji0fyy01k49btv9al7_IMG_20260302_133231_720.webp,https://assets.wuiltstore.com/cmm93nyji0fyy01k49btv9al7_IMG_20260302_133231_720.webp,ACTIVE,منتجات أخري,https://lolishop.wuiltstore.com/ar/product/all/استيكر-نجوم-مضيئة,Global,2026-01-24T02:03:03.042Z,2026-03-02T14:34:01.497Z,,,,
استيكر-نجوم-مضيئة,,,,,استيكر,2,,,,,,Available,45,35,,,https://assets.wuiltstore.com/cmkrhl6ob0hic01gnalmbdlnh_IMG20260102223950_5519.webp,,,https://lolishop.wuiltstore.com/ar/product/all/استيكر-نجوم-مضيئة,,,,,,,
استيكر-نجوم-مضيئة,,,,,استيكر,4,,,,,,Available,45,35,,,https://assets.wuiltstore.com/cmkrhl9pk0hie01gn2nts4o3q_IMG20260102224001_8297.webp,,,https://lolishop.wuiltstore.com/ar/product/all/استيكر-نجوم-مضيئة,,,,,,,
كورة-المفاجآت,كورة المفاجآت ,,كورة المفاجآت ,,شخصية,استيتش,,,,,,Available,50,45,,https://assets.wuiltstore.com/cmkx81wtt0x1l01gn84160lls_1000203743.webp https://assets.wuiltstore.com/cmkx81s7g0x1h01gn2x2k4rdy_1000203738.webp https://assets.wuiltstore.com/cmkx81ta80x1i01gn2lkufiug_1000203741.webp https://assets.wuiltstore.com/cmkx81uj10x1j01gn004z178f_1000203742.webp https://assets.wuiltstore.com/cmkx81vn60x1k01gne96carcg_1000203739.webp https://assets.wuiltstore.com/cmkx81xvn0x1m01gn5hi5c64r_1000203740.webp,https://assets.wuiltstore.com/cmkx81vn60x1k01gne96carcg_1000203739.webp,ACTIVE,,https://lolishop.wuiltstore.com/ar/product/all/كورة-المفاجآت,Global,2026-01-28T02:22:40.114Z,2026-03-02T14:27:30.359Z,,,,
كورة-المفاجآت,,,,,شخصية,كرومي,,,,,,Available,50,45,,,https://assets.wuiltstore.com/cmkx81uj10x1j01gn004z178f_1000203742.webp,,,https://lolishop.wuiltstore.com/ar/product/all/كورة-المفاجآت,,,,,,,
شنط-متعدده-حريمي,شنط متعدده حريمي ,,شنط متعدده حريمي ,,,,,,,,,Available,330,,,https://assets.wuiltstore.com/cmm7ueerf0e5y01k45s3zf06w_IMG_20260301_162222_885.webp https://assets.wuiltstore.com/cmm7ueftj0e5z01k448vi9k7c_IMG_20260301_162225_554.webp https://assets.wuiltstore.com/cmm7uegxx0e6001k4dg9l91m0_IMG_20260301_162224_776.webp https://assets.wuiltstore.com/cmm7uei3c0e6101k40kcr8cty_IMG_20260301_162225_616.webp https://assets.wuiltstore.com/cmm7uel7b0e6401k4dphn6w2s_IMG_20260301_162222_512.webp https://assets.wuiltstore.com/cmm7uekdv0e6301k48391af7g_IMG_20260301_162227_917.webp,,ACTIVE,توكه وشنطة وشراب,https://lolishop.wuiltstore.com/ar/product/all/شنط-متعدده-حريمي,Global,2026-03-01T17:25:45.015Z,2026-03-01T17:25:45.103Z,,,,
أقلام-روج-ام-ان,أقلام روج ام ان ,,أقلام روج ام ان ,,,,,,,,,Available,35,,,https://assets.wuiltstore.com/cmm2jmm7w04qy01k42gxbdzsj_IMG_20260225_232349_519.webp https://assets.wuiltstore.com/cmm2jmnb004qz01k40qr1bbsm_IMG_20260225_232349_459.webp https://assets.wuiltstore.com/cmm2jmoak04r001k40lto3k3e_IMG_20260225_232349_490.webp https://assets.wuiltstore.com/cmm2jmqge04r201k47ywka8jo_IMG_20260225_232349_557.webp https://assets.wuiltstore.com/cmm2jmpee04r101k4d17u9y3i_IMG_20260225_232349_267.webp,,ACTIVE,ادوات تجميل ,https://lolishop.wuiltstore.com/ar/product/all/أقلام-روج-ام-ان,Global,2026-02-26T00:25:21.205Z,2026-02-26T00:25:21.271Z,,,,
توكه-قفاش-مط,توكه قفاش مط,,توكه قفاش مط,,لون,اخضر ,,,,,,Available,25,,,https://assets.wuiltstore.com/cmm2jjzvk04qi01k4bo2p2uv8_IMG_20260225_232112_411.webp https://assets.wuiltstore.com/cmm2jk0y704qj01k485pm58um_IMG_20260225_232106_249.webp https://assets.wuiltstore.com/cmm2jk22r04qk01k444lb4uuw_IMG_20260225_232105_966.webp https://assets.wuiltstore.com/cmm2jk39104ql01k4853xhd4b_IMG_20260225_232105_630.webp https://assets.wuiltstore.com/cmm2jk5fz04qn01k4dqk64zkz_IMG_20260225_232105_622.webp https://assets.wuiltstore.com/cmm2jk4cw04qm01k40v0567qs_IMG_20260225_232106_155.webp,,ACTIVE,توكه وشنطة وشراب,https://lolishop.wuiltstore.com/ar/product/all/توكه-قفاش-مط,Global,2026-02-26T00:23:18.906Z,2026-02-26T00:23:18.988Z,,,,
توكه-قفاش-مط,,,,,لون,رصاصي,,,,,,Available,25,,,,,,,https://lolishop.wuiltstore.com/ar/product/all/توكه-قفاش-مط,,,,,,,
قلم-جيل-لابوبو,قلم جيل لابوبو,,قلم جيل لابوبو,,لون,اسود,,,,,,Available,15,,,https://assets.wuiltstore.com/cmm12scf201yt01k46k6hgars_IMG_20260224_224028_533.webp https://assets.wuiltstore.com/cmm12sdc201yu01k4d820bnmo_IMG_20260224_224028_685.webp https://assets.wuiltstore.com/cmm12se9e01yv01k4h5g4eh58_IMG_20260224_224025_759.webp https://assets.wuiltstore.com/cmm12sf4201yw01k4axeb4lep_IMG_20260224_224028_778.webp https://assets.wuiltstore.com/cmm12sg0k01yx01k437o5gwx1_IMG_20260224_224028_593.webp https://assets.wuiltstore.com/cmm12sgxk01yy01k441g3caff_IMG_20260224_224025_515.webp https://assets.wuiltstore.com/cmm12shv201yz01k4gb2wft89_IMG_20260224_224025_695.webp,,ACTIVE,أقلام ,https://lolishop.wuiltstore.com/ar/product/all/قلم-جيل-لابوبو,Global,2026-02-24T23:46:08.853Z,2026-02-24T23:46:08.913Z,,,,
قلم-جيل-لابوبو,,,,,لون,لبني,,,,,,Available,15,,,,,,,https://lolishop.wuiltstore.com/ar/product/all/قلم-جيل-لابوبو,,,,,,,
قلم-جيل-لابوبو,,,,,لون,بينك,,,,,,Available,15,,,,,,,https://lolishop.wuiltstore.com/ar/product/all/قلم-جيل-لابوبو,,,,,,,
قلم-جيل-أشكاال,قلم جيل أشكاال,,قلم جيل أشكاال,,لون,اصفر ,,,,,,Available,15,,,https://assets.wuiltstore.com/cmm12oaz101yh01k45629g9yo_IMG_20260224_224028_718.webp https://assets.wuiltstore.com/cmm12obwf01yi01k47c376szk_IMG_20260224_224028_113.webp https://assets.wuiltstore.com/cmm12odm201yk01k443ff63fz_IMG_20260224_224028_453.webp https://assets.wuiltstore.com/cmm12ocqm01yj01k4b6mwa8u0_IMG_20260224_224028_673.webp,https://assets.wuiltstore.com/cmm12ocqm01yj01k4b6mwa8u0_IMG_20260224_224028_673.webp,ACTIVE,أقلام ,https://lolishop.wuiltstore.com/ar/product/all/قلم-جيل-أشكاال,Global,2026-02-24T23:43:00.416Z,2026-02-24T23:43:25.718Z,,,,
قلم-جيل-أشكاال,,,,,لون,ابيض,,,,,,Available,15,,,,https://assets.wuiltstore.com/cmm12obwf01yi01k47c376szk_IMG_20260224_224028_113.webp,,,https://lolishop.wuiltstore.com/ar/product/all/قلم-جيل-أشكاال,,,,,,,
قلم-جيل-بطوط,قلم جيل بطوط,,قلم جيل بطوط,,اشكال,أربعة ,,,,,,Available,15,,,https://assets.wuiltstore.com/cmm12k1ic01y501k48qm10o9k_IMG_20260224_223250_484.webp https://assets.wuiltstore.com/cmm12k2c501y601k420gqdir2_IMG_20260224_223250_254.webp https://assets.wuiltstore.com/cmm12k37v01y701k4gee9d9rl_IMG_20260224_222554_887.webp https://assets.wuiltstore.com/cmm12k41b01y801k4799of3fh_IMG_20260224_222554_998.webp https://assets.wuiltstore.com/cmm12k4y401y901k47i2b2hex_IMG_20260224_222554_483.webp https://assets.wuiltstore.com/cmm12k5u901ya01k4glb1h57t_IMG_20260224_222555_318.webp https://assets.wuiltstore.com/cmm12k7pv01yc01k4afpf9fr1_IMG_20260224_222554_804.webp https://assets.wuiltstore.com/cmm12k0lm01y401k45nijdohl_IMG_20260224_223250_552.webp https://assets.wuiltstore.com/cmm12k6sf01yb01k4388566ll_IMG_20260224_222554_924.webp,https://assets.wuiltstore.com/cmm12k1ic01y501k48qm10o9k_IMG_20260224_223250_484.webp,ACTIVE,أقلام ,https://lolishop.wuiltstore.com/ar/product/all/قلم-جيل-بطوط,Global,2026-02-24T23:39:40.335Z,2026-02-24T23:41:14.116Z,,,,
قلم-جيل-بطوط,,,,,اشكال,تلاتة ,,,,,,Available,15,,,,https://assets.wuiltstore.com/cmm12k2c501y601k420gqdir2_IMG_20260224_223250_254.webp,,,https://lolishop.wuiltstore.com/ar/product/all/قلم-جيل-بطوط,,,,,,,
قلم-جيل-بطوط,,,,,اشكال,اتنين ,,,,,,Available,15,,,,https://assets.wuiltstore.com/cmm12k37v01y701k4gee9d9rl_IMG_20260224_222554_887.webp,,,https://lolishop.wuiltstore.com/ar/product/all/قلم-جيل-بطوط,,,,,,,
قلم-جيل-بطوط,,,,,اشكال,واحد ,,,,,,Available,15,,,,https://assets.wuiltstore.com/cmm12k41b01y801k4799of3fh_IMG_20260224_222554_998.webp,,,https://lolishop.wuiltstore.com/ar/product/all/قلم-جيل-بطوط,,,,,,,
قلم-جيل-بقرة,قلم جيل بقرة,,قلم جيل بقرة,,لون,بينك,,,,,,Available,15,,,https://assets.wuiltstore.com/cmm12dxeq01xs01k4h30t6ehs_IMG_20260224_223250_997.webp https://assets.wuiltstore.com/cmm12dybk01xt01k4bf7y13p7_IMG_20260224_223250_505.webp https://assets.wuiltstore.com/cmm12dz8a01xu01k4b63jht6y_IMG_20260224_223250_561.webp https://assets.wuiltstore.com/cmm12e03a01xv01k41f3cdrmx_IMG_20260224_223250_288.webp https://assets.wuiltstore.com/cmm12e1vd01xx01k4ewtx9ms8_IMG_20260224_223251_136.webp https://assets.wuiltstore.com/cmm12e0wx01xw01k42uqnfbzz_IMG_20260224_223250_768.webp,https://assets.wuiltstore.com/cmm12e1vd01xx01k4ewtx9ms8_IMG_20260224_223251_136.webp,ACTIVE,أقلام ,https://lolishop.wuiltstore.com/ar/product/all/قلم-جيل-بقرة,Global,2026-02-24T23:34:56.278Z,2026-02-24T23:35:44.552Z,,,,
قلم-جيل-بقرة,,,,,لون,ابيض,,,,,,Available,15,,,,https://assets.wuiltstore.com/cmm12dybk01xt01k4bf7y13p7_IMG_20260224_223250_505.webp,,,https://lolishop.wuiltstore.com/ar/product/all/قلم-جيل-بقرة,,,,,,,
قلم-جيل-بقرة,,,,,لون,لبني,,,,,,Available,15,,,,https://assets.wuiltstore.com/cmm12e03a01xv01k41f3cdrmx_IMG_20260224_223250_288.webp,,,https://lolishop.wuiltstore.com/ar/product/all/قلم-جيل-بقرة,,,,,,,
قلم-جيل-أشكال,قلم جيل أشكال,,قلم جيل أشكال,,الوان,لبني,,,,,,Available,15,,,https://assets.wuiltstore.com/cmm1269mb01xd01k48y9b3t99_IMG_20260224_222429_205.webp https://assets.wuiltstore.com/cmm126ai001xe01k49g1rgva3_IMG_20260224_222428_972.webp https://assets.wuiltstore.com/cmm126bay01xf01k498s4g6yy_IMG_20260224_222428_608.webp https://assets.wuiltstore.com/cmm126c8h01xg01k4fgcw9csd_IMG_20260224_222554_593.webp https://assets.wuiltstore.com/cmm126d1a01xh01k4bwjs7f9n_IMG_20260224_222554_719.webp https://assets.wuiltstore.com/cmm126epu01xj01k4gkeodse4_IMG_20260224_222554_456.webp https://assets.wuiltstore.com/cmm126dut01xi01k4e3j4cqby_IMG_20260224_222554_422.webp,https://assets.wuiltstore.com/cmm126epu01xj01k4gkeodse4_IMG_20260224_222554_456.webp,ACTIVE,أقلام ,https://lolishop.wuiltstore.com/ar/product/all/قلم-جيل-أشكال,Global,2026-02-24T23:28:58.870Z,2026-02-24T23:30:40.718Z,,,,
قلم-جيل-أشكال,,,,,الوان,اورنج,,,,,,Available,15,,,,https://assets.wuiltstore.com/cmm126c8h01xg01k4fgcw9csd_IMG_20260224_222554_593.webp,,,https://lolishop.wuiltstore.com/ar/product/all/قلم-جيل-أشكال,,,,,,,
قلم-جيل-أشكال,,,,,الوان,بينك,,,,,,Available,15,,,,https://assets.wuiltstore.com/cmm126d1a01xh01k4bwjs7f9n_IMG_20260224_222554_719.webp,,,https://lolishop.wuiltstore.com/ar/product/all/قلم-جيل-أشكال,,,,,,,
قلم-جيل-أشكال,,,,,الوان,ابيض,,,,,,Available,15,,,,https://assets.wuiltstore.com/cmm126ai001xe01k49g1rgva3_IMG_20260224_222428_972.webp,,,https://lolishop.wuiltstore.com/ar/product/all/قلم-جيل-أشكال,,,,,,,
قلم-استيتش,قلم استيتش,,قلم استيتش,,,,,,,,,Available,12,,,https://assets.wuiltstore.com/cmm121b4k01x101k47wnnhr3e_IMG_20260224_222429_030.webp https://assets.wuiltstore.com/cmm121c4y01x201k4b8lla7z2_IMG_20260224_222428_617.webp https://assets.wuiltstore.com/cmm121e0q01x401k4hoskc5ca_IMG_20260224_222428_530.webp https://assets.wuiltstore.com/cmm121d3901x301k4hpa6acqd_IMG_20260224_222429_235.webp,,ACTIVE,أقلام ,https://lolishop.wuiltstore.com/ar/product/all/قلم-استيتش,Global,2026-02-24T23:25:07.535Z,2026-02-24T23:25:07.596Z,,,,
قلم-جيل-قطة,قلم جيل قطة,,قلم جيل قطة,,ابيض,ابيض,,,,,,Available,15,,,https://assets.wuiltstore.com/cmm11vv8301wl01k41bwi2jpg_IMG_20260224_221901_704.webp https://assets.wuiltstore.com/cmm11vw4i01wm01k46mcv9l6l_IMG_20260224_221900_950.webp https://assets.wuiltstore.com/cmm11vx5m01wn01k45b73e9fp_IMG_20260224_221900_982.webp https://assets.wuiltstore.com/cmm11vz7301wp01k4cuqh7u4c_IMG_20260224_221901_408.webp https://assets.wuiltstore.com/cmm11vy6c01wo01k4e5f14plb_IMG_20260224_221901_488.webp,https://assets.wuiltstore.com/cmm11vx5m01wn01k45b73e9fp_IMG_20260224_221900_982.webp,ACTIVE,,https://lolishop.wuiltstore.com/ar/product/all/قلم-جيل-قطة,Global,2026-02-24T23:20:53.619Z,2026-02-24T23:24:08.335Z,,,,
قلم-جيل-قطة,,,,,ابيض,ببنك,,,,,,Available,15,,,,https://assets.wuiltstore.com/cmm11vz7301wp01k4cuqh7u4c_IMG_20260224_221901_408.webp,,,https://lolishop.wuiltstore.com/ar/product/all/قلم-جيل-قطة,,,,,,,
زجاجة-رياضية,زجاجة رياضية,,زجاجة رياضية,,,,,,,,,Available,115,,,https://assets.wuiltstore.com/cmm0w72hv01h101k41ab0epxh_IMG_20260224_193907_178.webp https://assets.wuiltstore.com/cmm0w73ls01h201k4b2in1qek_IMG_20260224_193907_329.webp https://assets.wuiltstore.com/cmm0w74og01h301k4dqkqc5az_IMG_20260224_193906_723.webp https://assets.wuiltstore.com/cmm0w76wv01h501k4ajb2docm_IMG_20260224_193906_858.webp https://assets.wuiltstore.com/cmm0w75rl01h401k4a80gbhgj_IMG_20260224_193906_643.webp,,ACTIVE,مجات وزجاجة,https://lolishop.wuiltstore.com/ar/product/all/زجاجة-رياضية,Global,2026-02-24T20:41:38.478Z,2026-02-24T20:41:38.540Z,,,,
⁨‫عليقه-ثلاثي-اذكار-الصباح⁩,عليقه ثلاثي اذكار الصباح 😍 ,,عليقه ثلاثي اذكار الصباح 😍 ,,,,,,,,,Available,40,,,https://assets.wuiltstore.com/cmlu41izk06zq01gngtx7h30n_IMG_20260220_014533_780.webp https://assets.wuiltstore.com/cmlu41k3k06zr01gn12nkc76u_IMG_20260220_014533_150.webp https://assets.wuiltstore.com/cmlu41mkl06zt01gn0fqnbr0x_IMG_20260220_014533_288.webp https://assets.wuiltstore.com/cmlu41lag06zs01gn0cxz6tp4_IMG_20260220_014533_473.webp,,ACTIVE,شغل رمضان,https://lolishop.wuiltstore.com/ar/product/all/⁨‫عليقه-ثلاثي-اذكار-الصباح⁩,Global,2026-02-20T02:46:53.531Z,2026-02-20T02:46:53.574Z,,,,
⁨‫علبة-الوان-خشب-طويلة-‫24-لون⁩,علبة الوان خشب طويلة  24 لون ,,علبة الوان خشب طويلة  24 لون ,,,,,,,,,Available,60,,,https://assets.wuiltstore.com/cmlu3yd9r06zl01gngqwiebd7_IMG_20260220_014321_971.webp https://assets.wuiltstore.com/cmlu3yfhz06zn01gn3wmidaxd_IMG_20260220_014322_008.webp https://assets.wuiltstore.com/cmlu3yeda06zm01gnawj91h7d_IMG_20260220_014317_918.webp,,ACTIVE,رسم وتلوين ,https://lolishop.wuiltstore.com/ar/product/all/⁨‫علبة-الوان-خشب-طويلة-‫24-لون⁩,Global,2026-02-20T02:44:26.251Z,2026-02-20T02:44:26.304Z,,,,
علبة-الوان-خشب-باستل-طويل,علبة الوان خشب باستل طويل,,علبة الوان خشب باستل طويل,,,,,,,,,Available,60,,,https://assets.wuiltstore.com/cmlu3wf1e06z501gn1lnd443y_IMG_20260220_014131_062.webp https://assets.wuiltstore.com/cmlu3wg1p06z601gnaupg4w5x_IMG_20260220_014131_138.webp https://assets.wuiltstore.com/cmlu3wh0w06z701gn67aegj38_IMG_20260220_014130_721.webp https://assets.wuiltstore.com/cmlu3wi3106z801gn0nou5u6v_IMG_20260220_014131_527.webp https://assets.wuiltstore.com/cmlu3wj4g06z901gne1rodga8_IMG_20260220_014131_216.webp https://assets.wuiltstore.com/cmlu3wk5l06za01gn2tyd3u55_IMG_20260220_014130_669.webp https://assets.wuiltstore.com/cmlu3wl4z06zb01gn3e9z04z3_IMG_20260220_014131_504.webp https://assets.wuiltstore.com/cmlu3wndd06zd01gn1r2j4r4v_IMG_20260220_014130_848.webp https://assets.wuiltstore.com/cmlu3wm8106zc01gn9fhcd7eb_IMG_20260220_014131_634.webp,,ACTIVE,رسم وتلوين ,https://lolishop.wuiltstore.com/ar/product/all/علبة-الوان-خشب-باستل-طويل,Global,2026-02-20T02:42:55.232Z,2026-02-20T02:42:55.308Z,,,,
⁨‫الوان-خشب-دومس-‫12-لون⁩,الوان خشب دومس 12 لون,,الوان خشب دومس 12 لون,,,,,,,,,Available,35,,,https://assets.wuiltstore.com/cmlu3uhus06yt01gn2o9w1e0a_IMG_20260220_013907_032.webp https://assets.wuiltstore.com/cmlu3uitw06yu01gne474d3ip_IMG_20260220_013906_793.webp https://assets.wuiltstore.com/cmlu3ujxo06yv01gn42l39afa_IMG_20260220_013906_795.webp https://assets.wuiltstore.com/cmlu3ukva06yw01gn5h6mhd2v_IMG_20260220_013907_322.webp https://assets.wuiltstore.com/cmlu3umn406yy01gn55o91pub_IMG_20260220_013906_618.webp https://assets.wuiltstore.com/cmlu3ulo206yx01gnd6gee7rc_IMG_20260220_013906_792.webp,,ACTIVE,رسم وتلوين ,https://lolishop.wuiltstore.com/ar/product/all/⁨‫الوان-خشب-دومس-‫12-لون⁩,Global,2026-02-20T02:41:25.636Z,2026-02-20T02:41:25.769Z,,,,
أقلام-رصاص-ديناصور,أقلام رصاص ديناصور,,أقلام رصاص ديناصور,,رصاص مبيخلصش,اخضر,,,,,,Available,15,,,https://assets.wuiltstore.com/cmlmokq3901ly01gn2gvt2x29_IMG_20260214_205755_124.webp https://assets.wuiltstore.com/cmlmokque01lz01gngfqq82av_IMG_20260214_205754_865.webp https://assets.wuiltstore.com/cmlmokrnh01m001gn4obw3iz2_IMG_20260214_205754_850.webp https://assets.wuiltstore.com/cmlmokshr01m101gncknn4nbt_IMG_20260214_205755_262.webp https://assets.wuiltstore.com/cmlmoku2m01m301gn0fq22078_IMG_20260214_205755_139.webp https://assets.wuiltstore.com/cmlmoktb701m201gn52fbegaa_IMG_20260214_205755_450.webp,https://assets.wuiltstore.com/cmlmokshr01m101gncknn4nbt_IMG_20260214_205755_262.webp,ACTIVE,أقلام ,https://lolishop.wuiltstore.com/ar/product/all/أقلام-رصاص-ديناصور,Global,2026-02-14T21:59:32.317Z,2026-02-14T22:00:02.397Z,,,,
أقلام-رصاص-ديناصور,,,,,رصاص مبيخلصش,اصفر,,,,,,Available,15,,,,https://assets.wuiltstore.com/cmlmokrnh01m001gn4obw3iz2_IMG_20260214_205754_850.webp,,,https://lolishop.wuiltstore.com/ar/product/all/أقلام-رصاص-ديناصور,,,,,,,
أقلام-رصاص-ديناصور,,,,,رصاص مبيخلصش,لبني,,,,,,Available,15,,,,https://assets.wuiltstore.com/cmlmoku2m01m301gn0fq22078_IMG_20260214_205755_139.webp,,,https://lolishop.wuiltstore.com/ar/product/all/أقلام-رصاص-ديناصور,,,,,,,
أقلام-رصاص-ديناصور,,,,,رصاص مبيخلصش,بينك,,,,,,Available,15,,,,https://assets.wuiltstore.com/cmlmokque01lz01gngfqq82av_IMG_20260214_205754_865.webp,,,https://lolishop.wuiltstore.com/ar/product/all/أقلام-رصاص-ديناصور,,,,,,,
أقلام-دولار-بوينتر-فرداني,أقلام دولار بوينتر فرداني,,أقلام دولار بوينتر فرداني,,دولار بوينتر,بينك,,,,,,Available,12,,,https://assets.wuiltstore.com/cmlmog7t301la01gnevnf8s04_IMG_20260214_205408_588.webp https://assets.wuiltstore.com/cmlmog8q601lb01gne44relt0_IMG_20260214_205408_891.webp https://assets.wuiltstore.com/cmlmog9ln01lc01gn7hwsgv2s_IMG_20260214_205409_178.webp https://assets.wuiltstore.com/cmlmogah501ld01gnbk6o92b4_IMG_20260214_205409_189.webp https://assets.wuiltstore.com/cmlmogbd001le01gn0mu9bvks_IMG_20260214_205408_622.webp https://assets.wuiltstore.com/cmlmogc8x01lf01gn8hy3azz7_IMG_20260214_205409_407.webp https://assets.wuiltstore.com/cmlmogdxp01lh01gneyz9hu4b_IMG_20260214_205409_090.webp https://assets.wuiltstore.com/cmlmogd2101lg01gn3n5e8m0s_IMG_20260214_205409_287.webp,https://assets.wuiltstore.com/cmlmogc8x01lf01gn8hy3azz7_IMG_20260214_205409_407.webp,ACTIVE,أقلام ,https://lolishop.wuiltstore.com/ar/product/all/أقلام-دولار-بوينتر-فرداني,Global,2026-02-14T21:56:01.891Z,2026-02-14T21:56:53.042Z,,,,
أقلام-دولار-بوينتر-فرداني,,,,,دولار بوينتر,اخضر,,,,,,Available,12,,,,https://assets.wuiltstore.com/cmlmogbd001le01gn0mu9bvks_IMG_20260214_205408_622.webp,,,https://lolishop.wuiltstore.com/ar/product/all/أقلام-دولار-بوينتر-فرداني,,,,,,,
أقلام-دولار-بوينتر-فرداني,,,,,دولار بوينتر,احمر,,,,,,Available,12,,,,https://assets.wuiltstore.com/cmlmogdxp01lh01gneyz9hu4b_IMG_20260214_205409_090.webp,,,https://lolishop.wuiltstore.com/ar/product/all/أقلام-دولار-بوينتر-فرداني,,,,,,,
أقلام-دولار-بوينتر-فرداني,,,,,دولار بوينتر,اسود,,,,,,Available,12,,,,https://assets.wuiltstore.com/cmlmogah501ld01gnbk6o92b4_IMG_20260214_205409_189.webp,,,https://lolishop.wuiltstore.com/ar/product/all/أقلام-دولار-بوينتر-فرداني,,,,,,,
أقلام-دولار-بوينتر-فرداني,,,,,دولار بوينتر,ازرق,,,,,,Available,12,,,,https://assets.wuiltstore.com/cmlmog9ln01lc01gn7hwsgv2s_IMG_20260214_205409_178.webp,,,https://lolishop.wuiltstore.com/ar/product/all/أقلام-دولار-بوينتر-فرداني,,,,,,,
توك-تيك-تاك,توك تيك تاك,,توك تيك تاك,,تيك تاك,4,,,,,,Available,25,,,https://assets.wuiltstore.com/cmlmobfyw01kg01gn4p0p4ht9_IMG_20260214_204359_484.webp https://assets.wuiltstore.com/cmlmobgvc01kh01gn71r7gbba_IMG_20260214_204359_406.webp https://assets.wuiltstore.com/cmlmobhtm01ki01gn35d8a9f8_IMG_20260214_204400_345.webp https://assets.wuiltstore.com/cmlmobjjg01kk01gncr3lbpru_IMG_20260214_204400_340.webp https://assets.wuiltstore.com/cmlmobin001kj01gnb8702nge_IMG_20260214_204359_831.webp,https://assets.wuiltstore.com/cmlmobin001kj01gnb8702nge_IMG_20260214_204359_831.webp,ACTIVE,توكه وشنطة وشراب,https://lolishop.wuiltstore.com/ar/product/all/توك-تيك-تاك,Global,2026-02-14T21:52:16.202Z,2026-02-14T21:52:49.069Z,,,,
توك-تيك-تاك,,,,,تيك تاك,3,,,,,,Available,25,,,,https://assets.wuiltstore.com/cmlmobjjg01kk01gncr3lbpru_IMG_20260214_204400_340.webp,,,https://lolishop.wuiltstore.com/ar/product/all/توك-تيك-تاك,,,,,,,
توك-تيك-تاك,,,,,تيك تاك,2,,,,,,Available,25,,,,https://assets.wuiltstore.com/cmlmobgvc01kh01gn71r7gbba_IMG_20260214_204359_406.webp,,,https://lolishop.wuiltstore.com/ar/product/all/توك-تيك-تاك,,,,,,,
توك-تيك-تاك,,,,,تيك تاك,1,,,,,,Available,25,,,,https://assets.wuiltstore.com/cmlmobfyw01kg01gn4p0p4ht9_IMG_20260214_204359_484.webp,,,https://lolishop.wuiltstore.com/ar/product/all/توك-تيك-تاك,,,,,,,
أساتك-فرو,أساتك فرو,,أساتك فرو,,اساتك,3,,,,,,Available,25,,,https://assets.wuiltstore.com/cmlmo4bpb01ja01gnfdtmhjs3_IMG_20260214_204359_583.webp https://assets.wuiltstore.com/cmlmo4cp301jb01gnbr4uedb5_IMG_20260214_204356_644.webp https://assets.wuiltstore.com/cmlmo4dnp01jc01gngvkj6k7x_IMG_20260214_204356_778.webp https://assets.wuiltstore.com/cmlmo4ejx01jd01gn3do0amba_IMG_20260214_204356_329.webp https://assets.wuiltstore.com/cmlmo4aso01j901gn5xdx9uwb_IMG_20260214_204400_130.webp https://assets.wuiltstore.com/cmlmo4fim01je01gnfo9fdjes_IMG_20260214_204357_032.webp,https://assets.wuiltstore.com/cmlmo4cp301jb01gnbr4uedb5_IMG_20260214_204356_644.webp,ACTIVE,توكه وشنطة وشراب,https://lolishop.wuiltstore.com/ar/product/all/أساتك-فرو,Global,2026-02-14T21:46:45.963Z,2026-02-14T21:47:28.970Z,,,,
أساتك-فرو,,,,,اساتك,2,,,,,,Available,25,,,,https://assets.wuiltstore.com/cmlmo4dnp01jc01gngvkj6k7x_IMG_20260214_204356_778.webp,,,https://lolishop.wuiltstore.com/ar/product/all/أساتك-فرو,,,,,,,
أساتك-فرو,,,,,اساتك,1,,,,,,Available,25,,,,https://assets.wuiltstore.com/cmlmo4aso01j901gn5xdx9uwb_IMG_20260214_204400_130.webp,,,https://lolishop.wuiltstore.com/ar/product/all/أساتك-فرو,,,,,,,
weekly-planner,Weekly planner,,Weekly planner,,,,,,,,,Available,105,90,,https://assets.wuiltstore.com/cmlk8v19f02p301gngz7k63xy_IMG_20260213_013515_404.webp https://assets.wuiltstore.com/cmlk8v2ak02p401gndv8fary9_IMG_20260213_013515_445.webp https://assets.wuiltstore.com/cmlk8v3ai02p501gnh5ic4aul_IMG_20260213_013515_343.webp,,ACTIVE,بلانر وتودوليست,https://lolishop.wuiltstore.com/ar/product/all/weekly-planner,Global,2026-02-13T05:04:07.012Z,2026-02-13T05:04:07.086Z,,,,
⁨‫بلانشيطة-خشب-‫mg⁩,بلانشيطة خشب MG,,بلانشيطة خشب MG,,,,,,,,,Available,60,45,,https://assets.wuiltstore.com/cmlk3lgzu02di01gn5tl8g69x_IMG_20260213_013515_215.webp https://assets.wuiltstore.com/cmlk3li0s02dj01gn4r511zxc_IMG_20260213_013515_154.webp,,ACTIVE,منتجات أخري,https://lolishop.wuiltstore.com/ar/product/all/⁨‫بلانشيطة-خشب-‫mg⁩,Global,2026-02-13T02:36:42.767Z,2026-02-13T02:36:42.862Z,,,,
استيكي-نوت-بقلم-1,استيكي نوت بقلم,,استيكي نوت بقلم,,,,,,,,,Available,35,,,https://assets.wuiltstore.com/cmljvz5f801tt01gnfoef9ggl_IMG_20260212_213448_759.webp,,ACTIVE,عروض آخر قطع ,https://lolishop.wuiltstore.com/ar/product/all/استيكي-نوت-بقلم-1,Global,2026-02-12T23:03:24.060Z,2026-02-12T23:03:24.105Z,,,,
مج-جود-مورنينج,مج جود مورنينج,,مج جود مورنينج,,,,,,,,,Available,35,,,https://assets.wuiltstore.com/cmljvx5p901tn01gneladb328_IMG_20260212_213444_313.webp https://assets.wuiltstore.com/cmljvx4po01tm01gn7aamcw6m_IMG_20260212_213444_419.webp,,ACTIVE,عروض آخر قطع ,https://lolishop.wuiltstore.com/ar/product/all/مج-جود-مورنينج,Global,2026-02-12T23:01:49.843Z,2026-02-12T23:01:49.886Z,,,,
مج-دبدوب-به-عيب-صناعة,مج دبدوب به عيب صناعة,,مج دبدوب به عيب صناعة,,,,,,,,,Available,35,,,https://assets.wuiltstore.com/cmljvv7kv01ti01gne1krcm04_IMG_20260212_213445_061.webp https://assets.wuiltstore.com/cmljvv6k101th01gn09hn85b6_IMG_20260212_213444_809.webp,,ACTIVE,عروض آخر قطع ,https://lolishop.wuiltstore.com/ar/product/all/مج-دبدوب-به-عيب-صناعة,Global,2026-02-12T23:00:18.920Z,2026-02-12T23:00:18.990Z,,,,
⁨‫طقم-قلم-‫5-لون⁩,طقم قلم 5 لون,,طقم قلم 5 لون,,,,,,,,,Available,25,,,https://assets.wuiltstore.com/cmljvsn8x01te01gn3o6o7wsa_IMG_20260212_213448_123.webp https://assets.wuiltstore.com/cmljvsm8001td01gneycefyv0_IMG_20260212_213448_110.webp,,ACTIVE,عروض آخر قطع ,https://lolishop.wuiltstore.com/ar/product/all/⁨‫طقم-قلم-‫5-لون⁩,Global,2026-02-12T22:58:19.252Z,2026-02-12T22:58:19.293Z,,,,
كارت-منقار-تيك-تاك,كارت منقار+تيك تاك,,كارت منقار+تيك تاك,,تيك تاك,4,,,,,,Available,30,,,https://assets.wuiltstore.com/cmljur7ji01qu01gn0au51lfb_IMG_20260212_212408_147.webp https://assets.wuiltstore.com/cmljur8gp01qv01gn4jlj2cdj_IMG_20260212_212407_765.webp https://assets.wuiltstore.com/cmljur9fz01qw01gn7xq93p88_IMG_20260212_212407_992.webp https://assets.wuiltstore.com/cmljurb9u01qy01gn4jt82io8_IMG_20260212_212407_940.webp https://assets.wuiltstore.com/cmljurad601qx01gn603qdn8d_IMG_20260212_212407_738.webp,https://assets.wuiltstore.com/cmljur9fz01qw01gn7xq93p88_IMG_20260212_212407_992.webp,ACTIVE,توكه وشنطة وشراب,https://lolishop.wuiltstore.com/ar/product/all/كارت-منقار-تيك-تاك,Global,2026-02-12T22:29:13.911Z,2026-02-12T22:29:51.831Z,,,,
كارت-منقار-تيك-تاك,,,,,تيك تاك,3,,,,,,Available,30,,,,https://assets.wuiltstore.com/cmljurad601qx01gn603qdn8d_IMG_20260212_212407_738.webp,,,https://lolishop.wuiltstore.com/ar/product/all/كارت-منقار-تيك-تاك,,,,,,,
كارت-منقار-تيك-تاك,,,,,تيك تاك,2,,,,,,Available,30,,,,https://assets.wuiltstore.com/cmljur8gp01qv01gn4jlj2cdj_IMG_20260212_212407_765.webp,,,https://lolishop.wuiltstore.com/ar/product/all/كارت-منقار-تيك-تاك,,,,,,,
كارت-منقار-تيك-تاك,,,,,تيك تاك,1,,,,,,Available,30,,,,https://assets.wuiltstore.com/cmljur7ji01qu01gn0au51lfb_IMG_20260212_212408_147.webp,,,https://lolishop.wuiltstore.com/ar/product/all/كارت-منقار-تيك-تاك,,,,,,,
باكدج-رمضان,باكدج رمضان,,باكدج رمضان,,,,,,,,,Available,230,210,,https://assets.wuiltstore.com/cmlhpjxbm008601gn8c3x1wt5_IMG20260210233432.webp https://assets.wuiltstore.com/cmlhpjyuu008701gngyov3fyc_IMG20260210233444.webp https://assets.wuiltstore.com/cmlhpk0fh008801gnei9f1xeh_IMG20260210233439.webp https://assets.wuiltstore.com/cmlhpk21f008901gngsbo6eoh_IMG20260210233434.webp https://assets.wuiltstore.com/cmlhpk5jz008b01gn06xm2sj2_IMG20260210233339.webp https://assets.wuiltstore.com/cmlhpk3nr008a01gn5sbwac8w_IMG20260210233317.webp,,ACTIVE,"باكدجات,شغل رمضان",https://lolishop.wuiltstore.com/ar/product/all/باكدج-رمضان,Global,2026-02-11T10:28:03.458Z,2026-02-11T10:28:03.502Z,,,,
أقلام-تسطير,أقلام تسطير,,أقلام تسطير,,,,,,,,,Available,85,80,,https://assets.wuiltstore.com/cmlho86sg006v01gn5edifkdt_IMG20260211002019.webp https://assets.wuiltstore.com/cmlho88nq006w01gnbkqz4ocg_IMG20260211002012.webp https://assets.wuiltstore.com/cmlho8adt006x01gn6irnc22r_IMG20260211002005.webp https://assets.wuiltstore.com/cmlho8bxa006y01gn4ir57oj7_IMG20260211001906.webp https://assets.wuiltstore.com/cmlho8f9g007001gn9llx63ga_IMG20260211001904.webp https://assets.wuiltstore.com/cmlho8dj2006z01gnhglbadn4_IMG20260211001628.webp,,ACTIVE,أقلام ,https://lolishop.wuiltstore.com/ar/product/all/أقلام-تسطير,Global,2026-02-11T09:50:56.255Z,2026-02-11T09:50:56.311Z,,,,
استيكر-ورقي,استيكر ورقي,,استيكر ورقي,,,,,,,,,Available,50,45,,https://assets.wuiltstore.com/cmlho589b006l01gn0qq23z2f_IMG20260211002203.webp https://assets.wuiltstore.com/cmlho5a0w006m01gnbasachas_IMG20260211002320.webp https://assets.wuiltstore.com/cmlho5bvt006n01gn5apjdlep_IMG20260211002315.webp https://assets.wuiltstore.com/cmlho5dm4006o01gn2dyigpbb_IMG20260211002300.webp https://assets.wuiltstore.com/cmlho5fb0006p01gn7xz55j05_IMG20260211002214.webp https://assets.wuiltstore.com/cmlho5ivf006r01gnbt7fbxzn_IMG20260211002147.webp https://assets.wuiltstore.com/cmlho5h4x006q01gnf5hresn1_IMG20260211002253.webp,,ACTIVE,استيكر,https://lolishop.wuiltstore.com/ar/product/all/استيكر-ورقي,Global,2026-02-11T09:48:38.136Z,2026-02-11T09:48:38.193Z,,,,
تودوليست-مقسم,تودوليست MG,,تودوليست مقسم,,,,,,,,,Available,55,45,,https://assets.wuiltstore.com/cmlhnrk9a006201gn5ws58cl0_IMG20260211002510.webp https://assets.wuiltstore.com/cmlhnrlwq006301gnc2ho0gn5_IMG20260211002535.webp https://assets.wuiltstore.com/cmlhnrnf1006401gn7cifd4iu_IMG20260211002532.webp https://assets.wuiltstore.com/cmlhnrp1i006501gn1negeuex_IMG20260211002513.webp https://assets.wuiltstore.com/cmlhnrsb0006701gn0ym9ced5_IMG20260211002452.webp https://assets.wuiltstore.com/cmlhnrqo7006601gnf1ku0204_IMG20260211002449.webp,,ACTIVE,بلانر وتودوليست,https://lolishop.wuiltstore.com/ar/product/all/تودوليست-مقسم,Global,2026-02-11T09:38:00.525Z,2026-02-11T09:39:01.664Z,,,,
ف,سبحة الكترونيه ,,ف,,ألوان,اخضر ,,,,,,Available,35,,,https://assets.wuiltstore.com/cml92s2bk010h01gn3qdgfynb_1000216018.webp https://assets.wuiltstore.com/cml92s3cl010i01gngqf7gzya_1000216017.webp https://assets.wuiltstore.com/cml92s4dp010j01gn7t8f8fqz_1000216014.webp https://assets.wuiltstore.com/cml92s5eo010k01gng08laxes_1000216015.webp https://assets.wuiltstore.com/cml92s6fe010l01gnf62q6sqo_1000216016.webp https://assets.wuiltstore.com/cml92s7ca010m01gnchluhb9q_1000216013.webp https://assets.wuiltstore.com/cml92s8bd010n01gn17pyauo5_1000216012.webp https://assets.wuiltstore.com/cml92s9br010o01gnebn8crad_1000216011.webp https://assets.wuiltstore.com/cml92sbks010q01gnhza1he5q_1000216009.webp https://assets.wuiltstore.com/cml92sagx010p01gn6wno65l8_1000216010.webp,https://assets.wuiltstore.com/cml92sbks010q01gnhza1he5q_1000216009.webp,ACTIVE,"منتجات أخري,شغل رمضان",https://lolishop.wuiltstore.com/ar/product/all/ف,Global,2026-02-05T09:28:22.908Z,2026-02-10T20:25:26.036Z,,,,
ف,,,,,ألوان,ابيض,,,,,,Available,35,,,,https://assets.wuiltstore.com/cml92s9br010o01gnebn8crad_1000216011.webp,,,https://lolishop.wuiltstore.com/ar/product/all/ف,,,,,,,
ف,,,,,ألوان,رمادي ,,,,,,Available,35,,,,https://assets.wuiltstore.com/cml92s4dp010j01gn7t8f8fqz_1000216014.webp,,,https://lolishop.wuiltstore.com/ar/product/all/ف,,,,,,,
ف,,,,,ألوان,موف ,,,,,,Available,35,,,,https://assets.wuiltstore.com/cml92s2bk010h01gn3qdgfynb_1000216018.webp,,,https://lolishop.wuiltstore.com/ar/product/all/ف,,,,,,,
ف,,,,,ألوان,ازرق,,,,,,Available,35,,,,https://assets.wuiltstore.com/cml92sagx010p01gn6wno65l8_1000216010.webp,,,https://lolishop.wuiltstore.com/ar/product/all/ف,,,,,,,
نن,استيكي نوت قطة ,,نن,,أشكال,اتنين ,,,,,,Available,30,,,https://assets.wuiltstore.com/cml5uq5y100c501gnclv0gra9_1000212209.webp https://assets.wuiltstore.com/cml5uq3ro00c301gn751l18j6_1000212211.webp https://assets.wuiltstore.com/cml5uq4vt00c401gne31u7gyg_1000212210.webp https://assets.wuiltstore.com/cml5uq83h00c701gne69q7jiy_1000212205.webp https://assets.wuiltstore.com/cml5uq71500c601gn03rdf114_1000212208.webp https://assets.wuiltstore.com/cml5uq97y00c801gnd1pabgzi_1000212207.webp https://assets.wuiltstore.com/cml5uqact00c901gndf95b27f_1000212206.webp https://assets.wuiltstore.com/cml5uqbgy00ca01gnhrp6gbu7_1000212202.webp https://assets.wuiltstore.com/cml5uqdlw00cc01gn8gzb0wk4_1000212203.webp https://assets.wuiltstore.com/cml5uqcjj00cb01gn3sig850m_1000212204.webp,https://assets.wuiltstore.com/cml5uq83h00c701gne69q7jiy_1000212205.webp,ACTIVE,استيكي نوت وفواصل ,https://lolishop.wuiltstore.com/ar/product/all/نن,Global,2026-02-03T03:19:35.922Z,2026-02-10T14:41:14.024Z,,,,
نن,,,,,أشكال,واحد,,,,,,Available,30,,,,https://assets.wuiltstore.com/cml5uq3ro00c301gn751l18j6_1000212211.webp,,,https://lolishop.wuiltstore.com/ar/product/all/نن,,,,,,,
نن,,,,,أشكال,اربعة,,,,,,Available,30,,,,https://assets.wuiltstore.com/cml5uq97y00c801gnd1pabgzi_1000212207.webp,,,https://lolishop.wuiltstore.com/ar/product/all/نن,,,,,,,
نن,,,,,أشكال,تلاتة ,,,,,,Available,30,,,,https://assets.wuiltstore.com/cml5uq5y100c501gnclv0gra9_1000212209.webp,,,https://lolishop.wuiltstore.com/ar/product/all/نن,,,,,,,
مم-1,تشكيله استيكة ساندويتش و جزرة ,,مم,,أشكال,تمانية,,,,,,Available,10,,,https://assets.wuiltstore.com/cml5ulnsa00bv01gnctxab2s3_1000212213.webp https://assets.wuiltstore.com/cml5ulf1k00bn01gng7sugtq9_1000212221.webp https://assets.wuiltstore.com/cml5ulg2j00bo01gn0gltbxjw_1000212220.webp https://assets.wuiltstore.com/cml5uliac00bq01gnbwy683j8_1000212217.webp https://assets.wuiltstore.com/cml5uljfw00br01gnafcegio0_1000212218.webp https://assets.wuiltstore.com/cml5ulkhb00bs01gngrg60g0g_1000212214.webp https://assets.wuiltstore.com/cml5ulllj00bt01gng4qmgepx_1000212215.webp https://assets.wuiltstore.com/cml5ulmpw00bu01gn2kwm91li_1000212216.webp https://assets.wuiltstore.com/cml5ulowh00bw01gn4i5m7d5c_1000212212.webp https://assets.wuiltstore.com/cml5ulh6f00bp01gn5jimcdt4_1000212219.webp,https://assets.wuiltstore.com/cml5ulowh00bw01gn4i5m7d5c_1000212212.webp,ACTIVE,أستيكة وبراية ,https://lolishop.wuiltstore.com/ar/product/all/مم-1,Global,2026-02-03T03:15:57.350Z,2026-02-10T14:39:08.427Z,,,,
مم-1,,,,,أشكال,سبعة ,,,,,,Available,10,,,,https://assets.wuiltstore.com/cml5ulmpw00bu01gn2kwm91li_1000212216.webp,,,https://lolishop.wuiltstore.com/ar/product/all/مم-1,,,,,,,
مم-1,,,,,أشكال,ستة ,,,,,,Available,10,,,,https://assets.wuiltstore.com/cml5uliac00bq01gnbwy683j8_1000212217.webp,,,https://lolishop.wuiltstore.com/ar/product/all/مم-1,,,,,,,
مم-1,,,,,أشكال,خمسة ,,,,,,Available,10,,,,https://assets.wuiltstore.com/cml5ulh6f00bp01gn5jimcdt4_1000212219.webp,,,https://lolishop.wuiltstore.com/ar/product/all/مم-1,,,,,,,
مم-1,,,,,أشكال,اربعة,,,,,,Available,10,,,,https://assets.wuiltstore.com/cml5ulnsa00bv01gnctxab2s3_1000212213.webp,,,https://lolishop.wuiltstore.com/ar/product/all/مم-1,,,,,,,
مم-1,,,,,أشكال,تلاتة ,,,,,,Available,10,,,,https://assets.wuiltstore.com/cml5ulkhb00bs01gngrg60g0g_1000212214.webp,,,https://lolishop.wuiltstore.com/ar/product/all/مم-1,,,,,,,
مم-1,,,,,أشكال,اتنين ,,,,,,Available,10,,,,https://assets.wuiltstore.com/cml5ulg2j00bo01gn0gltbxjw_1000212220.webp,,,https://lolishop.wuiltstore.com/ar/product/all/مم-1,,,,,,,
مم-1,,,,,أشكال,واحد,,,,,,Available,10,,,,https://assets.wuiltstore.com/cml5ulf1k00bn01gng7sugtq9_1000212221.webp,,,https://lolishop.wuiltstore.com/ar/product/all/مم-1,,,,,,,
طبق-تسالي-باندا,طبق تسالي باندا ,,طبق تسالي باندا ,,,,,,,,,Available,60,55,,https://assets.wuiltstore.com/cml9xmb6h03vo01gn9uct4p9t_1000216136.webp https://assets.wuiltstore.com/cml9xm23103vg01gn4f9z32j6_1000216144.webp https://assets.wuiltstore.com/cml9xm4ag03vi01gn4jep7pd1_1000216140.webp https://assets.wuiltstore.com/cml9xm5eb03vj01gndyg48nbn_1000216141.webp https://assets.wuiltstore.com/cml9xm6oh03vk01gn7dcj4gz1_1000216142.webp https://assets.wuiltstore.com/cml9xm7vb03vl01gnez4bde5z_1000216139.webp https://assets.wuiltstore.com/cml9xm8xt03vm01gn6w7vhmjg_1000216138.webp https://assets.wuiltstore.com/cml9xma1t03vn01gn2z30dmri_1000216137.webp https://assets.wuiltstore.com/cml9xmc9y03vp01gn3q7j9b0i_1000216135.webp https://assets.wuiltstore.com/cml9xm37t03vh01gn0mwv7gsp_1000216143.webp,,ACTIVE,,https://lolishop.wuiltstore.com/ar/product/all/طبق-تسالي-باندا,Global,2026-02-05T23:51:30.679Z,2026-02-08T07:57:41.906Z,,,,
م-7,طقم أقلام 12 لون ,,م,,,,,,,,,Available,80,,,https://assets.wuiltstore.com/cmla7age204nn01gn6s5g2e73_1000217258.webp https://assets.wuiltstore.com/cmla7a93504nh01gn09ry33wy_1000217262.webp https://assets.wuiltstore.com/cmla7aag504ni01gn8cljcyz9_1000217261.webp https://assets.wuiltstore.com/cmla7abf704nj01gn0ps4dalj_1000217256.webp https://assets.wuiltstore.com/cmla7acpf04nk01gn0pr00eby_1000217259.webp https://assets.wuiltstore.com/cmla7adx304nl01gnd3lu26bp_1000217260.webp https://assets.wuiltstore.com/cmla7a82c04ng01gnglp55j1a_1000217263.webp https://assets.wuiltstore.com/cmla7aez504nm01gn76se417c_1000217257.webp,,ACTIVE,أقلام ,https://lolishop.wuiltstore.com/ar/product/all/م-7,Global,2026-02-06T04:22:14.622Z,2026-02-06T10:11:00.629Z,,,,
ميدالية-يونيكورن-مراية,ميدالية يونيكورن مراية,,ميدالية يونيكورن مراية,,ميدالية,4,,,,,,Available,40,30,,https://assets.wuiltstore.com/cmlajmlai000z01gn57tf54dk_IMG_20260206_090600_249.webp https://assets.wuiltstore.com/cmlajmm75001001gnb22rbibd_IMG_20260206_090601_145.webp https://assets.wuiltstore.com/cmlajmn2h001101gn0lc2c1h4_IMG_20260206_090600_624.webp https://assets.wuiltstore.com/cmlajmono001301gnbojl7yun_IMG_20260206_090600_903.webp https://assets.wuiltstore.com/cmlajmnv0001201gn5mf7de6h_IMG_20260206_090600_561.webp,https://assets.wuiltstore.com/cmlajmnv0001201gn5mf7de6h_IMG_20260206_090600_561.webp,ACTIVE,منتجات أخري,https://lolishop.wuiltstore.com/ar/product/all/ميدالية-يونيكورن-مراية,Global,2026-02-06T10:07:47.206Z,2026-02-06T10:08:49.486Z,,,,
ميدالية-يونيكورن-مراية,,,,,ميدالية,3,,,,,,Available,40,30,,,https://assets.wuiltstore.com/cmlajmn2h001101gn0lc2c1h4_IMG_20260206_090600_624.webp,,,https://lolishop.wuiltstore.com/ar/product/all/ميدالية-يونيكورن-مراية,,,,,,,
ميدالية-يونيكورن-مراية,,,,,ميدالية,2,,,,,,Available,40,30,,,https://assets.wuiltstore.com/cmlajmm75001001gnb22rbibd_IMG_20260206_090601_145.webp,,,https://lolishop.wuiltstore.com/ar/product/all/ميدالية-يونيكورن-مراية,,,,,,,
ميدالية-يونيكورن-مراية,,,,,ميدالية,1,,,,,,Available,40,30,,,https://assets.wuiltstore.com/cmlajmlai000z01gn57tf54dk_IMG_20260206_090600_249.webp,,,https://lolishop.wuiltstore.com/ar/product/all/ميدالية-يونيكورن-مراية,,,,,,,
لوحة-تشجيع-الأطفال-علي-الصلاة,لوحة تشجيع الأطفال علي الصلاة,,لوحة تشجيع الأطفال علي الصلاة,,,,,,,,,Available,70,60,,https://assets.wuiltstore.com/cmlajg6j7000t01gn7id3963x_IMG_20260206_090155_933.webp https://assets.wuiltstore.com/cmlajg7m7000u01gn5iaxb874_IMG_20260206_090155_861.webp https://assets.wuiltstore.com/cmlajg9yn000w01gncw32cz2q_IMG_20260206_090156_043.webp https://assets.wuiltstore.com/cmlajg8rj000v01gn9z4ihsy0_IMG_20260206_090155_519.webp,,ACTIVE,شغل رمضان,https://lolishop.wuiltstore.com/ar/product/all/لوحة-تشجيع-الأطفال-علي-الصلاة,Global,2026-02-06T10:02:48.026Z,2026-02-06T10:02:48.061Z,,,,
طقم-زينه-رمضان,طقم زينه رمضان,,طقم زينه رمضان,,,,,,,,,Available,75,65,,https://assets.wuiltstore.com/cmlaj4659000n01gngxsl06iu_IMG_20260206_085217_360.webp https://assets.wuiltstore.com/cmlaj477x000o01gnb7g61v39_IMG_20260206_085217_179.webp https://assets.wuiltstore.com/cmlaj49gs000q01gneo92euba_IMG_20260206_085217_987.webp https://assets.wuiltstore.com/cmlaj489v000p01gn7e7rf6bq_IMG_20260206_085217_919.webp,,ACTIVE,شغل رمضان,https://lolishop.wuiltstore.com/ar/product/all/طقم-زينه-رمضان,Global,2026-02-06T09:53:27.692Z,2026-02-06T09:53:27.740Z,,,,
عليقة-بوجي-وطمطم,عليقة بوجي وطمطم,,عليقة بوجي وطمطم,,,,,,,,,Available,45,35,,https://assets.wuiltstore.com/cmlaj1u2e000i01gn4fwi5oui_IMG_20260206_084113_420.webp https://assets.wuiltstore.com/cmlaj1v89000j01gngh1kc6at_IMG_20260206_084113_262.webp https://assets.wuiltstore.com/cmlaj1xh7000l01gngvii90tc_IMG_20260206_084112_841.webp https://assets.wuiltstore.com/cmlaj1wdo000k01gn0go8enao_IMG_20260206_084113_369.webp,,ACTIVE,شغل رمضان,https://lolishop.wuiltstore.com/ar/product/all/عليقة-بوجي-وطمطم,Global,2026-02-06T09:51:38.613Z,2026-02-06T09:51:38.689Z,,,,
م-4,طقم أقلام جيل جليتر ,,م,,,,,,,,,Available,150,120,,https://assets.wuiltstore.com/cmla5t8tp04jn01gnf6jme60j_1000217303.webp https://assets.wuiltstore.com/cmla5ta1n04jo01gn75hf3lfk_1000217306.webp https://assets.wuiltstore.com/cmla5tb3y04jp01gn6u6n1xaq_1000217304.webp https://assets.wuiltstore.com/cmla5tc5t04jq01gn5jb6d5dr_1000217305.webp https://assets.wuiltstore.com/cmla5tdeb04jr01gngoxy30wr_1000217300.webp https://assets.wuiltstore.com/cmla5teld04js01gn0d8g0cxh_1000217302.webp https://assets.wuiltstore.com/cmla5tfvv04jt01gn324m393a_1000217301.webp https://assets.wuiltstore.com/cmla5tiiy04jv01gnasokbqdf_1000217298.webp https://assets.wuiltstore.com/cmla5th5n04ju01gngo8uanaw_1000217299.webp,,ACTIVE,عروض آخر قطع ,https://lolishop.wuiltstore.com/ar/product/all/م-4,Global,2026-02-06T03:41:02.886Z,2026-02-06T09:49:15.679Z,,,,
م-5,طقم أقلام جيل 8 ألوان m.g,,م,,,,,,,,,Available,190,165,,https://assets.wuiltstore.com/cmla75cta04mv01gn109a4uqd_1000217282.webp https://assets.wuiltstore.com/cmla75dy904mw01gn1kgwhmcp_1000217278.webp https://assets.wuiltstore.com/cmla75f6m04mx01gng20rgnpq_1000217283.webp https://assets.wuiltstore.com/cmla75gbj04my01gnepir2l3m_1000217280.webp https://assets.wuiltstore.com/cmla75hj004mz01gn1hdj3553_1000217277.webp https://assets.wuiltstore.com/cmla75itm04n001gnh2f76gwb_1000217284.webp https://assets.wuiltstore.com/cmla75l9904n201gn89eohimp_1000217281.webp https://assets.wuiltstore.com/cmla75k2804n101gnhrgk5t56_1000217279.webp,,ACTIVE,عروض آخر قطع ,https://lolishop.wuiltstore.com/ar/product/all/م-5,Global,2026-02-06T04:18:22.012Z,2026-02-06T09:47:54.898Z,,,,
خ,طقم أقلام برافو 10 لون ,,خ,,,,,,,,,Available,50,,,https://assets.wuiltstore.com/cmla77eeu04nd01gng2015mt8_1000217264.webp https://assets.wuiltstore.com/cmla77fmu04ne01gn797zawb4_1000217265.webp https://assets.wuiltstore.com/cmla77gz504nf01gnd4tx05pi_1000217266.webp,,ACTIVE,أقلام ,https://lolishop.wuiltstore.com/ar/product/all/خ,Global,2026-02-06T04:20:02.905Z,2026-02-06T04:30:03.764Z,,,,
ه-2,طقم أقلام جيل 6 ألوان ,,ه,,,,,,,,,Available,35,,,https://assets.wuiltstore.com/cmla5xbm604kc01gn8dwka2nt_1000217289.webp https://assets.wuiltstore.com/cmla5xcu204kd01gn16afdsn1_1000217288.webp https://assets.wuiltstore.com/cmla5xe1h04ke01gn6z8eh7sf_1000217285.webp https://assets.wuiltstore.com/cmla5xgf504kg01gn3s4ecrwk_1000217286.webp https://assets.wuiltstore.com/cmla5xf8b04kf01gn9iqr1k1p_1000217287.webp,,ACTIVE,أقلام ,https://lolishop.wuiltstore.com/ar/product/all/ه-2,Global,2026-02-06T03:44:13.086Z,2026-02-06T04:17:28.215Z,,,,
ن-4,شراب رقبة قطن ,,ن,,أشكال,اتنين ,,,,,,Available,20,,,https://assets.wuiltstore.com/cmla4e6j904hp01gn2pd59760_1000216089.webp https://assets.wuiltstore.com/cmla4e8vb04hr01gnfy43cka6_1000216087.webp https://assets.wuiltstore.com/cmla4e7nv04hq01gnb8yldkoh_1000216088.webp,https://assets.wuiltstore.com/cmla4e7nv04hq01gnb8yldkoh_1000216088.webp,ACTIVE,توكه وشنطة وشراب,https://lolishop.wuiltstore.com/ar/product/all/ن-4,Global,2026-02-06T03:01:20.517Z,2026-02-06T03:14:02.194Z,,,,
ن-4,,,,,أشكال,واحد,,,,,,Available,20,,,,https://assets.wuiltstore.com/cmla4e8vb04hr01gnfy43cka6_1000216087.webp,,,https://lolishop.wuiltstore.com/ar/product/all/ن-4,,,,,,,
م-2,شراب فراولة ,,م,,أشكال,اتنين ,,,,,,Available,20,,,https://assets.wuiltstore.com/cmla4dn5f04hk01gnaoj18cay_1000216092.webp https://assets.wuiltstore.com/cmla4doal04hl01gn2pqg9ht5_1000216093.webp https://assets.wuiltstore.com/cmla4dpi004hm01gn5v4p3b4w_1000216094.webp https://assets.wuiltstore.com/cmla4druc04ho01gnchkmfju3_1000216091.webp https://assets.wuiltstore.com/cmla4dqm104hn01gn0wubhkxh_1000216090.webp,https://assets.wuiltstore.com/cmla4druc04ho01gnchkmfju3_1000216091.webp,ACTIVE,توكه وشنطة وشراب,https://lolishop.wuiltstore.com/ar/product/all/م-2,Global,2026-02-06T03:00:55.457Z,2026-02-06T03:13:00.367Z,,,,
م-2,,,,,أشكال,واحد,,,,,,Available,20,,,,https://assets.wuiltstore.com/cmla4dn5f04hk01gnaoj18cay_1000216092.webp,,,https://lolishop.wuiltstore.com/ar/product/all/م-2,,,,,,,
م-1,شراب لوتسو طويل,,م,,أشكال,واحد,,,,,,Available,25,,,https://assets.wuiltstore.com/cmla4car504h801gn1p6e7rja_1000216104.webp https://assets.wuiltstore.com/cmla4cbzd04h901gn6suy4p72_1000216101.webp https://assets.wuiltstore.com/cmla4cd9j04ha01gnf0szbeel_1000216102.webp https://assets.wuiltstore.com/cmla4cel404hb01gn3ihde95y_1000216103.webp https://assets.wuiltstore.com/cmla4cfvx04hc01gnfgp00m49_1000216100.webp https://assets.wuiltstore.com/cmla4ch3504hd01gnb7mz11wi_1000216099.webp https://assets.wuiltstore.com/cmla4cic304he01gnbea5dw33_1000216098.webp https://assets.wuiltstore.com/cmla4cjig04hf01gnbobd7te9_1000216095.webp https://assets.wuiltstore.com/cmla4clww04hh01gn970u83x6_1000216096.webp https://assets.wuiltstore.com/cmla4ckq704hg01gn0t689hro_1000216097.webp,https://assets.wuiltstore.com/cmla4car504h801gn1p6e7rja_1000216104.webp,ACTIVE,توكه وشنطة وشراب,https://lolishop.wuiltstore.com/ar/product/all/م-1,Global,2026-02-06T02:59:52.532Z,2026-02-06T03:11:48.209Z,,,,
م-1,,,,,أشكال,اتنين ,,,,,,Available,25,,,,https://assets.wuiltstore.com/cmla4cd9j04ha01gnf0szbeel_1000216102.webp,,,https://lolishop.wuiltstore.com/ar/product/all/م-1,,,,,,,
م-1,,,,,أشكال,تلاتة ,,,,,,Available,25,,,,https://assets.wuiltstore.com/cmla4cel404hb01gn3ihde95y_1000216103.webp,,,https://lolishop.wuiltstore.com/ar/product/all/م-1,,,,,,,
م-1,,,,,أشكال,اربعة,,,,,,Available,25,,,,https://assets.wuiltstore.com/cmla4cfvx04hc01gnfgp00m49_1000216100.webp,,,https://lolishop.wuiltstore.com/ar/product/all/م-1,,,,,,,
م-1,,,,,أشكال,خمسة ,,,,,,Available,25,,,,https://assets.wuiltstore.com/cmla4ch3504hd01gnb7mz11wi_1000216099.webp,,,https://lolishop.wuiltstore.com/ar/product/all/م-1,,,,,,,
م-1,,,,,أشكال,ستة ,,,,,,Available,25,,,,https://assets.wuiltstore.com/cmla4cic304he01gnbea5dw33_1000216098.webp,,,https://lolishop.wuiltstore.com/ar/product/all/م-1,,,,,,,
ن-3,شرائح دابل فيس ,,ن,,,,,,,,,Available,25,,,https://assets.wuiltstore.com/cmla4bl9k04h301gngugbd087_1000216107.webp https://assets.wuiltstore.com/cmla4bma904h401gneww3h8jg_1000216108.webp https://assets.wuiltstore.com/cmla4boyn04h701gndajycwzp_1000216105.webp https://assets.wuiltstore.com/cmla4bn0f04h501gneiw7d87l_1000216109.webp https://assets.wuiltstore.com/cmla4bo4e04h601gn3ofp7oaq_1000216106.webp,,ACTIVE,منتجات أخري,https://lolishop.wuiltstore.com/ar/product/all/ن-3,Global,2026-02-06T02:59:19.605Z,2026-02-06T03:09:08.614Z,,,,
مم-4,شفرات عروسة البحر ,,مم,,ألوان,موف ,,,,,,Available,45,,,https://assets.wuiltstore.com/cmla4ax4804gt01gn7bszb8zw_1000216119.webp https://assets.wuiltstore.com/cmla4ay4k04gu01gn4qswdakb_1000216116.webp https://assets.wuiltstore.com/cmla4az4204gv01gndcpi75qa_1000216117.webp https://assets.wuiltstore.com/cmla4b06i04gw01gnbdlgaac4_1000216118.webp https://assets.wuiltstore.com/cmla4b17q04gx01gn1oyx7689_1000216115.webp https://assets.wuiltstore.com/cmla4b2bn04gy01gnhf209lks_1000216114.webp https://assets.wuiltstore.com/cmla4b3h204gz01gn988wf1ld_1000216113.webp https://assets.wuiltstore.com/cmla4b4m704h001gn4ebg0zll_1000216110.webp https://assets.wuiltstore.com/cmla4b6vq04h201gnctyaf7e1_1000216111.webp https://assets.wuiltstore.com/cmla4b5tf04h101gnaym43v0n_1000216112.webp,https://assets.wuiltstore.com/cmla4ay4k04gu01gn4qswdakb_1000216116.webp,ACTIVE,ادوات تجميل ,https://lolishop.wuiltstore.com/ar/product/all/مم-4,Global,2026-02-06T02:58:48.435Z,2026-02-06T03:08:02.271Z,,,,
مم-4,,,,,ألوان,ازرق,,,,,,Available,45,,,,https://assets.wuiltstore.com/cmla4ax4804gt01gn7bszb8zw_1000216119.webp,,,https://lolishop.wuiltstore.com/ar/product/all/مم-4,,,,,,,
مم-4,,,,,ألوان,بنك ,,,,,,Available,45,,,,https://assets.wuiltstore.com/cmla4b06i04gw01gnbdlgaac4_1000216118.webp,,,https://lolishop.wuiltstore.com/ar/product/all/مم-4,,,,,,,
مم-3,شوب جود مورنيج ,,مم,,,,,,,,,Available,80,70,,https://assets.wuiltstore.com/cmla49d1304gn01gn5h0r4bxu_1000216125.webp https://assets.wuiltstore.com/cmla49e4x04go01gncpizaqn3_1000216122.webp https://assets.wuiltstore.com/cmla49fbp04gp01gn6mmjhcc1_1000216123.webp https://assets.wuiltstore.com/cmla49gi304gq01gn7hoc5e5o_1000216124.webp https://assets.wuiltstore.com/cmla49is804gs01gn43dn41p8_1000216121.webp https://assets.wuiltstore.com/cmla49hnr04gr01gn8ih70736_1000216120.webp,,ACTIVE,مجات وزجاجة,https://lolishop.wuiltstore.com/ar/product/all/مم-3,Global,2026-02-06T02:57:35.643Z,2026-02-06T03:06:48.963Z,,,,
ن-2,اظافر شي جلام ,,ن,,أشكال,اتنين ,,,,,,Available,35,,,https://assets.wuiltstore.com/cmla48rqc04gc01gnfxoga82o_1000216134.webp https://assets.wuiltstore.com/cmla48sun04gd01gnco1c6qmk_1000216131.webp https://assets.wuiltstore.com/cmla48u2a04ge01gna9h2f553_1000216132.webp https://assets.wuiltstore.com/cmla48v9u04gf01gn9mtj63e9_1000216133.webp https://assets.wuiltstore.com/cmla48who04gg01gn0jwu29p1_1000216128.webp https://assets.wuiltstore.com/cmla48xmf04gh01gn8m0b65vf_1000216129.webp https://assets.wuiltstore.com/cmla48yq904gi01gndux71ztp_1000216130.webp https://assets.wuiltstore.com/cmla48zwy04gj01gnfwbg6lgt_1000216127.webp https://assets.wuiltstore.com/cmla4910w04gk01gneevdflj2_1000216126.webp,https://assets.wuiltstore.com/cmla48sun04gd01gnco1c6qmk_1000216131.webp,ACTIVE,ادوات تجميل ,https://lolishop.wuiltstore.com/ar/product/all/ن-2,Global,2026-02-06T02:57:08.010Z,2026-02-06T03:05:55.222Z,,,,
ن-2,,,,,أشكال,واحد,,,,,,Available,35,,,,https://assets.wuiltstore.com/cmla48rqc04gc01gnfxoga82o_1000216134.webp,,,https://lolishop.wuiltstore.com/ar/product/all/ن-2,,,,,,,
اظافر-شي-جلام,اظافر شي جلام ب لاصق ,,اظافر شي جلام ,,,,,,,,,Available,40,,,https://assets.wuiltstore.com/cml9xivup03v501gn9y4r2gwz_1000216153.webp https://assets.wuiltstore.com/cml9xiwsi03v601gn5zz098rc_1000216154.webp https://assets.wuiltstore.com/cml9xixy003v701gnawtidiw0_1000216151.webp https://assets.wuiltstore.com/cml9xiz1l03v801gnczi8ayn1_1000216150.webp https://assets.wuiltstore.com/cml9xj06y03v901gn6wlc1o8v_1000216149.webp https://assets.wuiltstore.com/cml9xj1b603va01gn879652dm_1000216152.webp https://assets.wuiltstore.com/cml9xj2fy03vb01gn6rvd6bkp_1000216146.webp https://assets.wuiltstore.com/cml9xj3o903vc01gn88uoaxil_1000216147.webp https://assets.wuiltstore.com/cml9xj69u03ve01gnhhtw8j58_1000216148.webp https://assets.wuiltstore.com/cml9xj4zt03vd01gng7os27g1_1000216145.webp,,ACTIVE,ادوات تجميل ,https://lolishop.wuiltstore.com/ar/product/all/اظافر-شي-جلام,Global,2026-02-05T23:49:02.710Z,2026-02-06T03:04:34.464Z,,,,
طبقة-تسالي-فيونكة,طبقة تسالي فيونكة ,,طبقة تسالي فيونكة ,,,,,,,,,Available,30,,,https://assets.wuiltstore.com/cml9xhizp03ux01gn93id3l9f_1000216162.webp https://assets.wuiltstore.com/cml9xhjy403uy01gndg7b1hgs_1000216161.webp https://assets.wuiltstore.com/cml9xhkut03uz01gn4yzibzl2_1000216158.webp https://assets.wuiltstore.com/cml9xhm3f03v001gng8o0hven_1000216159.webp https://assets.wuiltstore.com/cml9xhnax03v101gnfgu64ube_1000216160.webp https://assets.wuiltstore.com/cml9xhoic03v201gn8qcohfzp_1000216157.webp https://assets.wuiltstore.com/cml9xhqxt03v401gne2xo5e7t_1000216156.webp https://assets.wuiltstore.com/cml9xhpub03v301gn7y0ig7r2_1000216155.webp,,ACTIVE,منتجات أخري,https://lolishop.wuiltstore.com/ar/product/all/طبقة-تسالي-فيونكة,Global,2026-02-05T23:47:57.572Z,2026-02-05T23:47:57.613Z,,,,
كوب-أقلام-باندا,كوب أقلام باندا ,,كوب أقلام باندا ,,كوب,3,,,,,,Available,45,,,https://assets.wuiltstore.com/cml9bsvrz01rf01gn1rq13ewu_IMG_20260205_123833_569.webp https://assets.wuiltstore.com/cml9bswpp01rg01gnhr9x03wn_IMG_20260205_123834_110.webp https://assets.wuiltstore.com/cml9bsxmf01rh01gn0ynqaaaz_IMG_20260205_123834_061.webp https://assets.wuiltstore.com/cml9bsym801ri01gn1xxx44wo_IMG_20260205_123833_707.webp https://assets.wuiltstore.com/cml9bszvi01rj01gn9ozh1ytd_IMG_20260205_123833_973.webp https://assets.wuiltstore.com/cml9bt1v201rl01gn8pdnhup5_IMG_20260205_123834_196.webp https://assets.wuiltstore.com/cml9bt0w601rk01gn6ae34775_IMG_20260205_123834_203.webp,https://assets.wuiltstore.com/cml9bsxmf01rh01gn0ynqaaaz_IMG_20260205_123834_061.webp,ACTIVE,منظمات مكتب,https://lolishop.wuiltstore.com/ar/product/all/كوب-أقلام-باندا,Global,2026-02-05T13:40:57.616Z,2026-02-05T13:41:26.987Z,,,,
كوب-أقلام-باندا,,,,,كوب,2,,,,,,Available,45,,,,https://assets.wuiltstore.com/cml9bswpp01rg01gnhr9x03wn_IMG_20260205_123834_110.webp,,,https://lolishop.wuiltstore.com/ar/product/all/كوب-أقلام-باندا,,,,,,,
كوب-أقلام-باندا,,,,,كوب,1,,,,,,Available,45,,,,https://assets.wuiltstore.com/cml9bsvrz01rf01gn1rq13ewu_IMG_20260205_123833_569.webp,,,https://lolishop.wuiltstore.com/ar/product/all/كوب-أقلام-باندا,,,,,,,
مقلمة-جلد-تمساح,مقلمة جلد تمساح ,,مقلمة جلد تمساح ,,مقلمة جلد,لبني,,,,,,Available,35,,,https://assets.wuiltstore.com/cml998bwu01e101gn1m83cn1w_IMG_20260205_112631_826.webp https://assets.wuiltstore.com/cml998d0f01e201gn5vhqbltv_IMG_20260205_112634_424.webp https://assets.wuiltstore.com/cml998e3j01e301gn62xyf40g_IMG_20260205_112631_908.webp https://assets.wuiltstore.com/cml998f6801e401gn7f93dfpo_IMG_20260205_112632_162.webp https://assets.wuiltstore.com/cml998g8t01e501gnfps04y9j_IMG_20260205_112631_524.webp https://assets.wuiltstore.com/cml998hcj01e601gn6scl5ryc_IMG_20260205_112631_838.webp,https://assets.wuiltstore.com/cml998d0f01e201gn5vhqbltv_IMG_20260205_112634_424.webp,ACTIVE,مقالم مدرسية,https://lolishop.wuiltstore.com/ar/product/all/مقلمة-جلد-تمساح,Global,2026-02-05T12:28:57.382Z,2026-02-05T12:29:25.883Z,,,,
مقلمة-جلد-تمساح,,,,,مقلمة جلد,اخضر,,,,,,Available,35,,,,https://assets.wuiltstore.com/cml998e3j01e301gn62xyf40g_IMG_20260205_112631_908.webp,,,https://lolishop.wuiltstore.com/ar/product/all/مقلمة-جلد-تمساح,,,,,,,
مقلمة-جلد-تمساح,,,,,مقلمة جلد,بينك,,,,,,Available,35,,,,https://assets.wuiltstore.com/cml998bwu01e101gn1m83cn1w_IMG_20260205_112631_826.webp,,,https://lolishop.wuiltstore.com/ar/product/all/مقلمة-جلد-تمساح,,,,,,,
نوته-كريمي-جيب-كفر-شفاف,نوته كريمي جيب كفر شفاف,,نوته كريمي جيب كفر شفاف,,نوته,4,,,,,,Available,30,,,https://assets.wuiltstore.com/cml990uu901cr01gn5b2d2l3s_IMG_20260205_112004_660.webp https://assets.wuiltstore.com/cml990vrp01cs01gn8m841yf2_IMG_20260205_112005_272.webp https://assets.wuiltstore.com/cml990wp501ct01gn8fgc5xtd_IMG_20260205_112005_151.webp https://assets.wuiltstore.com/cml990xp501cu01gnfmam556q_IMG_20260205_112005_462.webp https://assets.wuiltstore.com/cml990yo101cv01gnebvy8cp8_IMG_20260205_112005_039.webp https://assets.wuiltstore.com/cml990zl201cw01gn8sc01ywm_IMG_20260205_112005_189.webp https://assets.wuiltstore.com/cml9910iw01cx01gn1g385cle_IMG_20260205_112005_219.webp https://assets.wuiltstore.com/cml9912bs01cz01gnacizaibk_IMG_20260205_112004_924.webp https://assets.wuiltstore.com/cml9911fw01cy01gnffud7z6n_IMG_20260205_112004_834.webp,,ACTIVE,دفاتر ونوت بوك,https://lolishop.wuiltstore.com/ar/product/all/نوته-كريمي-جيب-كفر-شفاف,Global,2026-02-05T12:23:10.780Z,2026-02-05T12:23:10.842Z,,,,
نوته-كريمي-جيب-كفر-شفاف,,,,,نوته,3,,,,,,Available,30,,,,,,,https://lolishop.wuiltstore.com/ar/product/all/نوته-كريمي-جيب-كفر-شفاف,,,,,,,
نوته-كريمي-جيب-كفر-شفاف,,,,,نوته,1,,,,,,Available,30,,,,,,,https://lolishop.wuiltstore.com/ar/product/all/نوته-كريمي-جيب-كفر-شفاف,,,,,,,
نوته-كريمي-جيب-كفر-شفاف,,,,,نوته,2,,,,,,Available,30,,,,,,,https://lolishop.wuiltstore.com/ar/product/all/نوته-كريمي-جيب-كفر-شفاف,,,,,,,
دفتر-سلك-متقسم-بغلاف-شفاف,دفتر سلك متقسم بغلاف شفاف ,,دفتر سلك متقسم بغلاف شفاف ,,,,,,,,,Available,110,,,https://assets.wuiltstore.com/cml98rg3501ar01gnb1n65ty2_IMG_20260205_085158_738.webp https://assets.wuiltstore.com/cml98rgzn01as01gn56hddq03_IMG_20260205_085158_760.webp https://assets.wuiltstore.com/cml98rhx901at01gnh7k82q3p_IMG_20260205_085159_388.webp https://assets.wuiltstore.com/cml98rivo01au01gn4rk71fct_IMG_20260205_085159_339.webp https://assets.wuiltstore.com/cml98rjri01av01gn9hel3oc9_IMG_20260205_085159_494.webp https://assets.wuiltstore.com/cml98rkpp01aw01gn57c21n89_IMG_20260205_085158_793.webp https://assets.wuiltstore.com/cml98rlll01ax01gn1j962st6_IMG_20260205_085159_493.webp https://assets.wuiltstore.com/cml98rnbm01az01gnfnoz1y2l_IMG_20260205_085155_445.webp https://assets.wuiltstore.com/cml98rmi601ay01gne8sh3pui_IMG_20260205_085155_454.webp,,ACTIVE,دفاتر ونوت بوك,https://lolishop.wuiltstore.com/ar/product/all/دفتر-سلك-متقسم-بغلاف-شفاف,Global,2026-02-05T12:15:34.752Z,2026-02-05T12:15:34.796Z,,,,
ن-1,سبت برنيكة صغير ,,ن,,ألوان,بنك ,,,,,,Available,15,,,https://assets.wuiltstore.com/cml92zymv011p01gn1pl807dh_1000216000.webp https://assets.wuiltstore.com/cml92zzz3011q01gn6y4zadgh_1000215999.webp https://assets.wuiltstore.com/cml9301ak011r01gn4c5ld07c_1000215996.webp https://assets.wuiltstore.com/cml9302o1011s01gn86av4d8c_1000215997.webp https://assets.wuiltstore.com/cml9303vo011t01gng0xm8ngb_1000215998.webp https://assets.wuiltstore.com/cml93055p011u01gn1hqh551l_1000215995.webp https://assets.wuiltstore.com/cml93076l011v01gn1ltebs1c_1000215992.webp https://assets.wuiltstore.com/cml9308iy011w01gn9jfvgltp_1000215991.webp https://assets.wuiltstore.com/cml930b44011y01gn1lpme07v_1000215994.webp https://assets.wuiltstore.com/cml9309q8011x01gn9lr70soe_1000215993.webp,https://assets.wuiltstore.com/cml92zymv011p01gn1pl807dh_1000216000.webp,ACTIVE,منظمات مكتب,https://lolishop.wuiltstore.com/ar/product/all/ن-1,Global,2026-02-05T09:34:31.289Z,2026-02-05T09:58:45.916Z,,,,
ن-1,,,,,ألوان,ازرق,,,,,,Available,15,,,,https://assets.wuiltstore.com/cml9303vo011t01gng0xm8ngb_1000215998.webp,,,https://lolishop.wuiltstore.com/ar/product/all/ن-1,,,,,,,
ن-1,,,,,ألوان,موف ,,,,,,Available,15,,,,https://assets.wuiltstore.com/cml9309q8011x01gn9lr70soe_1000215993.webp,,,https://lolishop.wuiltstore.com/ar/product/all/ن-1,,,,,,,
سبت-رفايع-متوسط,سبت رفايع متوسط ,,سبت رفايع متوسط ,,ألوان,اصفر ,,,,,,Available,25,,,https://assets.wuiltstore.com/cml92yg22011c01gncht0cgs0_1000216067.webp https://assets.wuiltstore.com/cml92yh9l011d01gnges508xe_1000216064.webp https://assets.wuiltstore.com/cml92yily011e01gndowmhtk0_1000216066.webp https://assets.wuiltstore.com/cml92yju1011f01gnb3cqc3uo_1000216063.webp https://assets.wuiltstore.com/cml92yl31011g01gn0qm78rja_1000216065.webp https://assets.wuiltstore.com/cml92ynjj011i01gnckhr3uc0_1000216062.webp https://assets.wuiltstore.com/cml92ymbm011h01gngintbdrb_1000216061.webp,https://assets.wuiltstore.com/cml92yh9l011d01gnges508xe_1000216064.webp,ACTIVE,منظمات مكتب,https://lolishop.wuiltstore.com/ar/product/all/سبت-رفايع-متوسط,Global,2026-02-05T09:33:20.508Z,2026-02-05T09:56:40.254Z,,,,
سبت-رفايع-متوسط,,,,,ألوان,اخضر ,,,,,,Available,25,,,,https://assets.wuiltstore.com/cml92yg22011c01gncht0cgs0_1000216067.webp,,,https://lolishop.wuiltstore.com/ar/product/all/سبت-رفايع-متوسط,,,,,,,
ع-3,سبورة 2 وجه مغناطيس ,,ع,,,,,,,,,Available,115,,,https://assets.wuiltstore.com/cml92ra9j010e01gnfslc3yoc_1000216021.webp https://assets.wuiltstore.com/cml92rco5010g01gn3vtkgl84_1000216020.webp https://assets.wuiltstore.com/cml92rbgh010f01gn69t05d3v_1000216019.webp,,ACTIVE,منتجات أخري,https://lolishop.wuiltstore.com/ar/product/all/ع-3,Global,2026-02-05T09:27:46.473Z,2026-02-05T09:51:01.748Z,,,,
ع-2,سكرب لابوبو ,,ع,,أشكال,اتنين ,,,,,,Available,55,,,https://assets.wuiltstore.com/cml92pxlq010801gne2puc8uq_1000216023.webp https://assets.wuiltstore.com/cml92pypw010901gn3hu43w0a_1000216026.webp https://assets.wuiltstore.com/cml92pzve010a01gnb1alews7_1000216027.webp https://assets.wuiltstore.com/cml92q16l010b01gn9fk080si_1000216024.webp https://assets.wuiltstore.com/cml92q3i1010d01gn16jb6l9c_1000216025.webp https://assets.wuiltstore.com/cml92q2bl010c01gn7w4d0v7a_1000216022.webp,https://assets.wuiltstore.com/cml92q3i1010d01gn16jb6l9c_1000216025.webp,ACTIVE,ادوات تجميل ,https://lolishop.wuiltstore.com/ar/product/all/ع-2,Global,2026-02-05T09:26:43.402Z,2026-02-05T09:49:37.551Z,,,,
ع-2,,,,,أشكال,واحد,,,,,,Available,55,,,,https://assets.wuiltstore.com/cml92pxlq010801gne2puc8uq_1000216023.webp,,,https://lolishop.wuiltstore.com/ar/product/all/ع-2,,,,,,,
k-2,درج توكيو ,,,,ألوان,رمادي ,,,,,,Available,75,,,https://assets.wuiltstore.com/cml91wzax00y501gn72lud1ny_1000215946.webp https://assets.wuiltstore.com/cml91x0m100y601gn38qn4jk6_1000215947.webp https://assets.wuiltstore.com/cml91xah800ye01gnc5dz2yr7_1000215943.webp https://assets.wuiltstore.com/cml91x1sy00y701gn6rf5ad6a_1000215948.webp https://assets.wuiltstore.com/cml91x30o00y801gna2m77gsf_1000215945.webp https://assets.wuiltstore.com/cml91x4av00y901gnbnzd9tx7_1000215944.webp https://assets.wuiltstore.com/cml91x5iz00ya01gnekj26gwx_1000215942.webp https://assets.wuiltstore.com/cml91x6sa00yb01gneoda4d5i_1000215940.webp https://assets.wuiltstore.com/cml91x82300yc01gnbu8jdl1d_1000215941.webp https://assets.wuiltstore.com/cml91x98w00yd01gn9cuwddof_1000215939.webp,https://assets.wuiltstore.com/cml91x0m100y601gn38qn4jk6_1000215947.webp,ACTIVE,منظمات مكتب,https://lolishop.wuiltstore.com/ar/product/all/k-2,Global,2026-02-05T09:04:12.531Z,2026-02-05T09:47:22.567Z,,,,
k-2,,,,,ألوان,بنك ,,,,,,Available,75,,,,https://assets.wuiltstore.com/cml91wzax00y501gn72lud1ny_1000215946.webp,,,https://lolishop.wuiltstore.com/ar/product/all/k-2,,,,,,,
k-2,,,,,ألوان,ابيض,,,,,,Available,75,,,,https://assets.wuiltstore.com/cml91x98w00yd01gn9cuwddof_1000215939.webp,,,https://lolishop.wuiltstore.com/ar/product/all/k-2,,,,,,,
ع-1,سلة أقلام ,,,,أشكال,تمانية,,,,,,Available,10,,,https://assets.wuiltstore.com/cml92ob30010001gnc0e91wzj_1000216035.webp https://assets.wuiltstore.com/cml92odg2010201gnfbnihmsu_1000216033.webp https://assets.wuiltstore.com/cml92ocbn010101gn6mhschu7_1000216031.webp https://assets.wuiltstore.com/cml92oenr010301gngc34dt77_1000216034.webp https://assets.wuiltstore.com/cml92oft4010401gn4kqy3xxg_1000216032.webp https://assets.wuiltstore.com/cml92ogyc010501gn9kl57vzd_1000216030.webp https://assets.wuiltstore.com/cml92ojiv010701gn87y9be6v_1000216029.webp https://assets.wuiltstore.com/cml92oib3010601gn4l9y0m6i_1000216028.webp,https://assets.wuiltstore.com/cml92oib3010601gn4l9y0m6i_1000216028.webp,ACTIVE,منظمات مكتب,https://lolishop.wuiltstore.com/ar/product/all/ع-1,Global,2026-02-05T09:25:27.557Z,2026-02-05T09:46:57.746Z,,,,
ع-1,,,,,أشكال,سبعة ,,,,,,Available,10,,,,https://assets.wuiltstore.com/cml92ojiv010701gn87y9be6v_1000216029.webp,,,https://lolishop.wuiltstore.com/ar/product/all/ع-1,,,,,,,
ع-1,,,,,أشكال,ستة ,,,,,,Available,10,,,,https://assets.wuiltstore.com/cml92ogyc010501gn9kl57vzd_1000216030.webp,,,https://lolishop.wuiltstore.com/ar/product/all/ع-1,,,,,,,
ع-1,,,,,أشكال,خمسة ,,,,,,Available,10,,,,https://assets.wuiltstore.com/cml92oft4010401gn4kqy3xxg_1000216032.webp,,,https://lolishop.wuiltstore.com/ar/product/all/ع-1,,,,,,,
ع-1,,,,,أشكال,اربعة,,,,,,Available,10,,,,https://assets.wuiltstore.com/cml92oenr010301gngc34dt77_1000216034.webp,,,https://lolishop.wuiltstore.com/ar/product/all/ع-1,,,,,,,
ع-1,,,,,أشكال,تلاتة ,,,,,,Available,10,,,,https://assets.wuiltstore.com/cml92odg2010201gnfbnihmsu_1000216033.webp,,,https://lolishop.wuiltstore.com/ar/product/all/ع-1,,,,,,,
ع-1,,,,,أشكال,اتنين ,,,,,,Available,10,,,,https://assets.wuiltstore.com/cml92ocbn010101gn6mhschu7_1000216031.webp,,,https://lolishop.wuiltstore.com/ar/product/all/ع-1,,,,,,,
ع-1,,,,,أشكال,واحد,,,,,,Available,10,,,,https://assets.wuiltstore.com/cml92ob30010001gnc0e91wzj_1000216035.webp,,,https://lolishop.wuiltstore.com/ar/product/all/ع-1,,,,,,,
ه,شراب قطن استيتش ,,ه,,أشكال,خمسة ,,,,,,Available,20,,,https://assets.wuiltstore.com/cml92mczs00zl01gn7f60b8dx_1000216042.webp https://assets.wuiltstore.com/cml92meat00zm01gn562762le_1000216043.webp https://assets.wuiltstore.com/cml92mfnf00zn01gn7mt11407_1000216046.webp https://assets.wuiltstore.com/cml92mh1d00zo01gndhnjfnk2_1000216049.webp https://assets.wuiltstore.com/cml92mib700zp01gn00g4fic9_1000216048.webp https://assets.wuiltstore.com/cml92mjqs00zq01gnaw8o96zs_1000216047.webp https://assets.wuiltstore.com/cml92ml4700zr01gnc7reeq30_1000216044.webp https://assets.wuiltstore.com/cml92mmhk00zs01gnaayt8i6k_1000216045.webp https://assets.wuiltstore.com/cml92mnuw00zt01gn5nsp2gt2_1000216041.webp,https://assets.wuiltstore.com/cml92ml4700zr01gnc7reeq30_1000216044.webp,ACTIVE,توكه وشنطة وشراب,https://lolishop.wuiltstore.com/ar/product/all/ه,Global,2026-02-05T09:23:56.614Z,2026-02-05T09:42:25.192Z,,,,
ه,,,,,أشكال,اربعة,,,,,,Available,20,,,,https://assets.wuiltstore.com/cml92mib700zp01gn00g4fic9_1000216048.webp,,,https://lolishop.wuiltstore.com/ar/product/all/ه,,,,,,,
ه,,,,,أشكال,تلاتة ,,,,,,Available,20,,,,https://assets.wuiltstore.com/cml92mfnf00zn01gn7mt11407_1000216046.webp,,,https://lolishop.wuiltstore.com/ar/product/all/ه,,,,,,,
ه,,,,,أشكال,اتنين ,,,,,,Available,20,,,,https://assets.wuiltstore.com/cml92meat00zm01gn562762le_1000216043.webp,,,https://lolishop.wuiltstore.com/ar/product/all/ه,,,,,,,
ه,,,,,أشكال,واحد,,,,,,Available,20,,,,https://assets.wuiltstore.com/cml92mczs00zl01gn7f60b8dx_1000216042.webp,,,https://lolishop.wuiltstore.com/ar/product/all/ه,,,,,,,
م,شراب الدببة الثلاثة ,,م,,أشكال,اربعة,,,,,,Available,20,,,https://assets.wuiltstore.com/cml92lm7m00zf01gncny72nf1_1000216051.webp https://assets.wuiltstore.com/cml92lnib00zg01gnabhygdul_1000216052.webp https://assets.wuiltstore.com/cml92lott00zh01gn4kag5p68_1000216055.webp https://assets.wuiltstore.com/cml92lq4400zi01gn86es4fgz_1000216054.webp https://assets.wuiltstore.com/cml92lsm800zk01gn6bb4f8an_1000216053.webp https://assets.wuiltstore.com/cml92lr9g00zj01gn8s5b69fj_1000216050.webp,https://assets.wuiltstore.com/cml92lr9g00zj01gn8s5b69fj_1000216050.webp,ACTIVE,توكه وشنطة وشراب,https://lolishop.wuiltstore.com/ar/product/all/م,Global,2026-02-05T09:23:22.025Z,2026-02-05T09:40:34.760Z,,,,
م,,,,,أشكال,تلاتة ,,,,,,Available,20,,,,https://assets.wuiltstore.com/cml92lq4400zi01gn86es4fgz_1000216054.webp,,,https://lolishop.wuiltstore.com/ar/product/all/م,,,,,,,
م,,,,,أشكال,اتنين ,,,,,,Available,20,,,,https://assets.wuiltstore.com/cml92lott00zh01gn4kag5p68_1000216055.webp,,,https://lolishop.wuiltstore.com/ar/product/all/م,,,,,,,
م,,,,,أشكال,واحد,,,,,,Available,20,,,,https://assets.wuiltstore.com/cml92lm7m00zf01gncny72nf1_1000216051.webp,,,https://lolishop.wuiltstore.com/ar/product/all/م,,,,,,,
--5-,ساعة رملية 5 دقائق ,,ساعة رملية 5 دقائق ,,,,,,,,,Available,185,,,https://assets.wuiltstore.com/cml92501500yq01gneeiza2fc_1000215982.webp https://assets.wuiltstore.com/cml92516000yr01gne24z37fl_1000215983.webp https://assets.wuiltstore.com/cml9252ah00ys01gnb3dm67ds_1000215986.webp https://assets.wuiltstore.com/cml9254jy00yu01gn4voo0onz_1000215985.webp https://assets.wuiltstore.com/cml9253ea00yt01gndppv2qk5_1000215984.webp,,ACTIVE,أباجورة ومنبه ,https://lolishop.wuiltstore.com/ar/product/all/--5-,Global,2026-02-05T09:10:26.859Z,2026-02-05T09:10:52.667Z,,,,
10,ساعة رملية 10 دقائق ,,ساعة رملية 10 دقائق ,,ألوان,اصفر ,,,,,,Available,210,,,https://assets.wuiltstore.com/cml91t8o600x701gn8xhq04f1_1000215972.webp https://assets.wuiltstore.com/cml91t9x700x801gn2qk0dq7i_1000215971.webp https://assets.wuiltstore.com/cml91tb5r00x901gn9kj4gphf_1000215970.webp https://assets.wuiltstore.com/cml91tcdm00xa01gnak2q1nw9_1000215969.webp https://assets.wuiltstore.com/cml91tdl000xb01gnh05t1vdj_1000215968.webp https://assets.wuiltstore.com/cml91teqk00xc01gngfljgdcz_1000215967.webp https://assets.wuiltstore.com/cml91tfv800xd01gn77bh3t3y_1000215964.webp https://assets.wuiltstore.com/cml91th4k00xe01gncr6v9su7_1000215965.webp https://assets.wuiltstore.com/cml91tjkg00xg01gnbwtc7ha6_1000215966.webp https://assets.wuiltstore.com/cml91tibw00xf01gn0lol3s31_1000215963.webp,https://assets.wuiltstore.com/cml91th4k00xe01gncr6v9su7_1000215965.webp,ACTIVE,أباجورة ومنبه ,https://lolishop.wuiltstore.com/ar/product/all/--10,Global,2026-02-05T09:01:18.078Z,2026-02-05T09:08:59.974Z,,,,
10,,,,,ألوان,ازرق,,,,,,Available,210,,,,https://assets.wuiltstore.com/cml91t8o600x701gn8xhq04f1_1000215972.webp,,,https://lolishop.wuiltstore.com/ar/product/all/--10,,,,,,,
مم-2,ساعة رملية ربع ساعة ,,مم,,,,,,,,,Available,230,,,https://assets.wuiltstore.com/cml91r63e00wz01gn2p4fbzcc_1000215974.webp https://assets.wuiltstore.com/cml91r7bp00x001gn5n0lgx16_1000215975.webp https://assets.wuiltstore.com/cml91r8ix00x101gn10hb9tm3_1000215978.webp https://assets.wuiltstore.com/cml91r9s800x201gn3eaqdk94_1000215981.webp https://assets.wuiltstore.com/cml91razk00x301gn41in7mcr_1000215977.webp https://assets.wuiltstore.com/cml91rc8y00x401gnhowt8z6e_1000215980.webp https://assets.wuiltstore.com/cml91reow00x601gnfxpmc26q_1000215979.webp https://assets.wuiltstore.com/cml91rdgb00x501gn00red0z3_1000215976.webp,,ACTIVE,أباجورة ومنبه ,https://lolishop.wuiltstore.com/ar/product/all/مم-2,Global,2026-02-05T08:59:41.427Z,2026-02-05T09:06:04.207Z,,,,
k-1,استاند للموبيل خشب ,,K,,أشكال,تلاتة ,,,,,,Available,45,,,https://assets.wuiltstore.com/cml90qc2t00vp01gn5e3uewq0_1000215890.webp https://assets.wuiltstore.com/cml90qeml00vr01gncbqz4joi_1000215887.webp https://assets.wuiltstore.com/cml90qdf700vq01gnc1zv325s_1000215889.webp https://assets.wuiltstore.com/cml90qfut00vs01gnd14rb268_1000215886.webp https://assets.wuiltstore.com/cml90qh6j00vt01gn3dl67zmq_1000215888.webp https://assets.wuiltstore.com/cml90qibf00vu01gn9umr4ozn_1000215885.webp https://assets.wuiltstore.com/cml90qjnl00vv01gn58xie1pk_1000215883.webp https://assets.wuiltstore.com/cml90qkz600vw01gn2ulphkkh_1000215884.webp https://assets.wuiltstore.com/cml90qnib00vy01gnhncp4ts3_1000215881.webp https://assets.wuiltstore.com/cml90qma000vx01gngei98mzr_1000215882.webp,https://assets.wuiltstore.com/cml90qfut00vs01gnd14rb268_1000215886.webp,ACTIVE,منتجات أخري,https://lolishop.wuiltstore.com/ar/product/all/k-1,Global,2026-02-05T08:31:02.908Z,2026-02-05T08:50:21.940Z,,,,
k-1,,,,,أشكال,اتنين ,,,,,,Available,45,,,,https://assets.wuiltstore.com/cml90qeml00vr01gncbqz4joi_1000215887.webp,,,https://lolishop.wuiltstore.com/ar/product/all/k-1,,,,,,,
k-1,,,,,أشكال,واحد,,,,,,Available,45,,,,https://assets.wuiltstore.com/cml90qc2t00vp01gn5e3uewq0_1000215890.webp,,,https://lolishop.wuiltstore.com/ar/product/all/k-1,,,,,,,
j-1,دبابيس ورق أشكال ,,J,,أشكال,واحد,,,,,,Available,45,40,,https://assets.wuiltstore.com/cml90ndnp00va01gnc6rw4nnk_1000215907.webp https://assets.wuiltstore.com/cml90newm00vb01gn9cvmhhy3_1000215906.webp https://assets.wuiltstore.com/cml90ng0p00vc01gn9tm6e0ut_1000215902.webp https://assets.wuiltstore.com/cml90nh3z00vd01gn0oe7fmty_1000215904.webp https://assets.wuiltstore.com/cml90niai00ve01gncnw5a3rj_1000215905.webp https://assets.wuiltstore.com/cml90nkou00vg01gnafbn7yk0_1000215901.webp https://assets.wuiltstore.com/cml90nji400vf01gn6tfq1o94_1000215900.webp,https://assets.wuiltstore.com/cml90ndnp00va01gnc6rw4nnk_1000215907.webp,ACTIVE,منتجات أخري,https://lolishop.wuiltstore.com/ar/product/all/j-1,Global,2026-02-05T08:28:44.996Z,2026-02-05T08:44:54.638Z,,,,
j-1,,,,,أشكال,اتنين ,,,,,,Available,45,40,,,https://assets.wuiltstore.com/cml90ng0p00vc01gn9tm6e0ut_1000215902.webp,,,https://lolishop.wuiltstore.com/ar/product/all/j-1,,,,,,,
k,دباسة ميني باندا ,,K,,ألوان,اخضر ,,,,,,Available,55,,,https://assets.wuiltstore.com/cml90mgjg00v401gn0odq5377_1000215916.webp https://assets.wuiltstore.com/cml90mho500v501gn4yqnchmn_1000215915.webp https://assets.wuiltstore.com/cml90mitp00v601gn8bqq2diz_1000215914.webp https://assets.wuiltstore.com/cml90mjxn00v701gndwys49nt_1000215913.webp https://assets.wuiltstore.com/cml90mm7200v901gnawbr6r5b_1000215912.webp https://assets.wuiltstore.com/cml90ml1q00v801gnfyft7bja_1000215911.webp,https://assets.wuiltstore.com/cml90mgjg00v401gn0odq5377_1000215916.webp,ACTIVE,منتجات أخري,https://lolishop.wuiltstore.com/ar/product/all/k,Global,2026-02-05T08:28:02.094Z,2026-02-05T08:42:02.056Z,,,,
k,,,,,ألوان,موف ,,,,,,Available,55,,,,https://assets.wuiltstore.com/cml90mjxn00v701gndwys49nt_1000215913.webp,,,https://lolishop.wuiltstore.com/ar/product/all/k,,,,,,,
k,,,,,ألوان,بنك ,,,,,,Available,55,,,,https://assets.wuiltstore.com/cml90mm7200v901gnawbr6r5b_1000215912.webp,,,https://lolishop.wuiltstore.com/ar/product/all/k,,,,,,,
a-1,دباسة ميني بالدبابيس ,,A,,ألوان,موف ,,,,,,Available,55,,,https://assets.wuiltstore.com/cml90lnw500uw01gnbxysg482_1000215924.webp https://assets.wuiltstore.com/cml90lp0c00ux01gndkde12eo_1000215921.webp https://assets.wuiltstore.com/cml90lq5200uy01gn2mpq88ih_1000215922.webp https://assets.wuiltstore.com/cml90lrc000uz01gnhtyv4udb_1000215923.webp https://assets.wuiltstore.com/cml90lsgq00v001gn18gqbtom_1000215920.webp https://assets.wuiltstore.com/cml90ltng00v101gnb5uz66to_1000215919.webp https://assets.wuiltstore.com/cml90lw2w00v301gn1k18dux7_1000215918.webp https://assets.wuiltstore.com/cml90luuz00v201gn87i45iz5_1000215917.webp,https://assets.wuiltstore.com/cml90lsgq00v001gn18gqbtom_1000215920.webp,ACTIVE,منتجات أخري,https://lolishop.wuiltstore.com/ar/product/all/a-1,Global,2026-02-05T08:27:24.949Z,2026-02-05T08:38:08.085Z,,,,
a-1,,,,,ألوان,اخضر ,,,,,,Available,55,,,,https://assets.wuiltstore.com/cml90lq5200uy01gn2mpq88ih_1000215922.webp,,,https://lolishop.wuiltstore.com/ar/product/all/a-1,,,,,,,
a-1,,,,,ألوان,بنك ,,,,,,Available,55,,,,https://assets.wuiltstore.com/cml90lp0c00ux01gndkde12eo_1000215921.webp,,,https://lolishop.wuiltstore.com/ar/product/all/a-1,,,,,,,
a-1,,,,,ألوان,ازرق,,,,,,Available,55,,,,https://assets.wuiltstore.com/cml90lnw500uw01gnbxysg482_1000215924.webp,,,https://lolishop.wuiltstore.com/ar/product/all/a-1,,,,,,,
d,دبابيس ورق حجم كبير,,D,,,,,,,,,Available,40,35,,https://assets.wuiltstore.com/cml90kpuk00ur01gnbkr12ea1_1000215927.webp https://assets.wuiltstore.com/cml90kr1s00us01gn5iz92ahk_1000215928.webp https://assets.wuiltstore.com/cml90ks8t00ut01gnej25ak2d_1000215929.webp https://assets.wuiltstore.com/cml90kujr00uv01gn64jt5lx7_1000215925.webp https://assets.wuiltstore.com/cml90ktcl00uu01gna4y85v4u_1000215926.webp,,ACTIVE,منتجات أخري,https://lolishop.wuiltstore.com/ar/product/all/d,Global,2026-02-05T08:26:40.846Z,2026-02-05T08:33:57.650Z,,,,
a,دبل فيس رفيع ,,A,,,,,,,,,Available,40,35,,https://assets.wuiltstore.com/cml90k7pi00uo01gn1i8xd4fc_1000215931.webp https://assets.wuiltstore.com/cml90k8u200up01gn2g8mb0qx_1000215930.webp https://assets.wuiltstore.com/cml90ka0600uq01gn3csvh4py_1000215932.webp,,ACTIVE,منتجات أخري,https://lolishop.wuiltstore.com/ar/product/all/a,Global,2026-02-05T08:26:17.301Z,2026-02-05T08:32:57.150Z,,,,
j,دبل فيس عريض ,,J,,,,,,,,,Available,65,60,,https://assets.wuiltstore.com/cml90jrxe00ul01gngk3sfctn_1000215933.webp https://assets.wuiltstore.com/cml90juak00un01gn875ubmr1_1000215934.webp https://assets.wuiltstore.com/cml90jt3o00um01gn2nx448me_1000215935.webp,,ACTIVE,منتجات أخري,https://lolishop.wuiltstore.com/ar/product/all/j,Global,2026-02-05T08:25:56.840Z,2026-02-05T08:32:18.164Z,,,,
ظم,باوتش حافظ للشاحن ,,ظم,,أشكال,اتنين ,,,,,,Available,65,,,https://assets.wuiltstore.com/cml8y7zlg00n601gnd7wnar51_1000215865.webp https://assets.wuiltstore.com/cml8y7yf300n501gngic64knx_1000215864.webp https://assets.wuiltstore.com/cml8y80tc00n701gn8pwy1nyi_1000215868.webp https://assets.wuiltstore.com/cml8y820x00n801gn1szgaupq_1000215867.webp https://assets.wuiltstore.com/cml8y837100n901gngbr40cau_1000215871.webp https://assets.wuiltstore.com/cml8y843p00na01gnay1kcxsq_1000215870.webp https://assets.wuiltstore.com/cml8y86ab00nc01gnaado27k4_1000215869.webp https://assets.wuiltstore.com/cml8y852100nb01gn4h5pbhcv_1000215866.webp,https://assets.wuiltstore.com/cml8y80tc00n701gn8pwy1nyi_1000215868.webp,ACTIVE,منتجات أخري,https://lolishop.wuiltstore.com/ar/product/all/ظم,Global,2026-02-05T07:20:46.196Z,2026-02-05T07:24:39.695Z,,,,
ظم,,,,,أشكال,واحد,,,,,,Available,65,,,,https://assets.wuiltstore.com/cml8y7zlg00n601gnd7wnar51_1000215865.webp,,,https://lolishop.wuiltstore.com/ar/product/all/ظم,,,,,,,
نن-5,توكة ستان ,,نن,,ألوان,ازرق,,,,,,Available,25,,,https://assets.wuiltstore.com/cml8y7fvd00mx01gn470saaql_1000215856.webp https://assets.wuiltstore.com/cml8y7h2q00my01gn3hfchhn7_1000215859.webp https://assets.wuiltstore.com/cml8y7i9x00mz01gn6wema0tw_1000215860.webp https://assets.wuiltstore.com/cml8y7je100n001gn73u6bbuo_1000215862.webp https://assets.wuiltstore.com/cml8y7kq500n101gnhbx270b4_1000215861.webp https://assets.wuiltstore.com/cml8y7lyz00n201gndjp4h55d_1000215858.webp https://assets.wuiltstore.com/cml8y7n7300n301gna664dj7p_1000215857.webp https://assets.wuiltstore.com/cml8y7oey00n401gn3o0jf5l8_1000215863.webp,https://assets.wuiltstore.com/cml8y7fvd00mx01gn470saaql_1000215856.webp,ACTIVE,,https://lolishop.wuiltstore.com/ar/product/all/نن-5,Global,2026-02-05T07:20:02.124Z,2026-02-05T07:22:27.048Z,,,,
نن-5,,,,,ألوان,نبيتي,,,,,,Available,25,,,,https://assets.wuiltstore.com/cml8y7h2q00my01gn3hfchhn7_1000215859.webp,,,https://lolishop.wuiltstore.com/ar/product/all/نن-5,,,,,,,
نن-5,,,,,ألوان,أسود,,,,,,Available,25,,,,https://assets.wuiltstore.com/cml8y7i9x00mz01gn6wema0tw_1000215860.webp,,,https://lolishop.wuiltstore.com/ar/product/all/نن-5,,,,,,,
نن-5,,,,,ألوان,جولد,,,,,,Available,25,,,,https://assets.wuiltstore.com/cml8y7kq500n101gnhbx270b4_1000215861.webp,,,https://lolishop.wuiltstore.com/ar/product/all/نن-5,,,,,,,
نن-5,,,,,ألوان,كاشمير ,,,,,,Available,25,,,,https://assets.wuiltstore.com/cml8y7je100n001gn73u6bbuo_1000215862.webp,,,https://lolishop.wuiltstore.com/ar/product/all/نن-5,,,,,,,
نن-5,,,,,ألوان,بنك ,,,,,,Available,25,,,,https://assets.wuiltstore.com/cml8y7n7300n301gna664dj7p_1000215857.webp,,,https://lolishop.wuiltstore.com/ar/product/all/نن-5,,,,,,,
ظظ,تودوليست بأشكال متنوعة ,,ظظ,,أشكال,تمانية,,,,,,Available,45,40,,https://assets.wuiltstore.com/cml8xkj7m00jf01gn1lre3rx5_1000215841.webp https://assets.wuiltstore.com/cml8xkkhe00jg01gn9wa0g1fb_1000215842.webp https://assets.wuiltstore.com/cml8xklln00jh01gn9c77a7a5_1000215840.webp https://assets.wuiltstore.com/cml8xkmsk00ji01gn5x3e5t5p_1000215830.webp https://assets.wuiltstore.com/cml8xknzm00jj01gnhxs99lmj_1000215831.webp https://assets.wuiltstore.com/cml8xkp2y00jk01gnhyzla8i1_1000215833.webp https://assets.wuiltstore.com/cml8xkq8500jl01gn9eg3e6rn_1000215829.webp https://assets.wuiltstore.com/cml8xkrce00jm01gn8e6p9fw6_1000215832.webp https://assets.wuiltstore.com/cml8xksdp00jn01gnal2fenu6_1000215834.webp https://assets.wuiltstore.com/cml8xktic00jo01gnhwos4eqz_1000215835.webp https://assets.wuiltstore.com/cml8xkun700jp01gncqgn3jkw_1000215836.webp https://assets.wuiltstore.com/cml8xkvu300jq01gnchi3dr7n_1000215837.webp https://assets.wuiltstore.com/cml8xkwx500jr01gn98e107cm_1000215839.webp https://assets.wuiltstore.com/cml8xky3000js01gnepqz9jfr_1000215838.webp https://assets.wuiltstore.com/cml8xkz6z00jt01gncjfjea5i_1000215844.webp https://assets.wuiltstore.com/cml8xl0is00ju01gnff3ia793_1000215845.webp https://assets.wuiltstore.com/cml8xl1qf00jv01gnbq1kguks_1000215843.webp https://assets.wuiltstore.com/cml8xl2zv00jw01gnd67bfnqw_1000215849.webp https://assets.wuiltstore.com/cml8xl43100jx01gnb1guhdb5_1000215848.webp https://assets.wuiltstore.com/cml8xl5bf00jy01gn4or72vwk_1000215847.webp https://assets.wuiltstore.com/cml8xl6g900jz01gn2bisf7tz_1000215850.webp https://assets.wuiltstore.com/cml8xl7k300k001gncif9co9x_1000215854.webp https://assets.wuiltstore.com/cml8xl8o000k101gn5kub8ea2_1000215853.webp https://assets.wuiltstore.com/cml8xlazh00k301gn7w1jd0ag_1000215852.webp https://assets.wuiltstore.com/cml8xl9vk00k201gn53yb2a3d_1000215846.webp,https://assets.wuiltstore.com/cml8xl8o000k101gn5kub8ea2_1000215853.webp,ACTIVE,بلانر وتودوليست,https://lolishop.wuiltstore.com/ar/product/all/ظظ,Global,2026-02-05T07:02:33.324Z,2026-02-05T07:05:09.681Z,,,,
ظظ,,,,,أشكال,سبعة ,,,,,,Available,45,40,,,https://assets.wuiltstore.com/cml8xl2zv00jw01gnd67bfnqw_1000215849.webp,,,https://lolishop.wuiltstore.com/ar/product/all/ظظ,,,,,,,
ظظ,,,,,أشكال,ستة ,,,,,,Available,45,40,,,https://assets.wuiltstore.com/cml8xkz6z00jt01gncjfjea5i_1000215844.webp,,,https://lolishop.wuiltstore.com/ar/product/all/ظظ,,,,,,,
ظظ,,,,,أشكال,خمسة ,,,,,,Available,45,40,,,https://assets.wuiltstore.com/cml8xkwx500jr01gn98e107cm_1000215839.webp,,,https://lolishop.wuiltstore.com/ar/product/all/ظظ,,,,,,,
ظظ,,,,,أشكال,اربعة,,,,,,Available,45,40,,,https://assets.wuiltstore.com/cml8xkun700jp01gncqgn3jkw_1000215836.webp,,,https://lolishop.wuiltstore.com/ar/product/all/ظظ,,,,,,,
ظظ,,,,,أشكال,تلاتة ,,,,,,Available,45,40,,,https://assets.wuiltstore.com/cml8xkp2y00jk01gnhyzla8i1_1000215833.webp,,,https://lolishop.wuiltstore.com/ar/product/all/ظظ,,,,,,,
ظظ,,,,,أشكال,اتنين ,,,,,,Available,45,40,,,https://assets.wuiltstore.com/cml8xkmsk00ji01gn5x3e5t5p_1000215830.webp,,,https://lolishop.wuiltstore.com/ar/product/all/ظظ,,,,,,,
ظظ,,,,,أشكال,واحد,,,,,,Available,45,40,,,https://assets.wuiltstore.com/cml8xkj7m00jf01gn1lre3rx5_1000215841.webp,,,https://lolishop.wuiltstore.com/ar/product/all/ظظ,,,,,,,
كك-1,تودوليست بأشكال متنوعة ,,كك,,أشكال,تلاتة ,,,,,,Available,45,40,,https://assets.wuiltstore.com/cml8x5zsw00ib01gnf9pjgchc_1000215816.webp https://assets.wuiltstore.com/cml8x60zs00ic01gndmhr7gq0_1000215815.webp https://assets.wuiltstore.com/cml8x62a300id01gn08b37npo_1000215812.webp https://assets.wuiltstore.com/cml8x63ed00ie01gnegnt3urp_1000215813.webp https://assets.wuiltstore.com/cml8x64jy00if01gnafcg8jt4_1000215810.webp https://assets.wuiltstore.com/cml8x65ou00ig01gn9yqe4r8m_1000215809.webp https://assets.wuiltstore.com/cml8x66wx00ih01gndxin0sm4_1000215811.webp https://assets.wuiltstore.com/cml8x680f00ii01gn01um5zfh_1000215808.webp https://assets.wuiltstore.com/cml8x694n00ij01gnedb71o9f_1000215807.webp https://assets.wuiltstore.com/cml8x6a7m00ik01gn0ggbaz5a_1000215806.webp https://assets.wuiltstore.com/cml8x6bf700il01gn7sc07bpt_1000215805.webp https://assets.wuiltstore.com/cml8x6cjt00im01gncbf6fcnf_1000215814.webp,https://assets.wuiltstore.com/cml8x694n00ij01gnedb71o9f_1000215807.webp,ACTIVE,بلانر وتودوليست,https://lolishop.wuiltstore.com/ar/product/all/كك-1,Global,2026-02-05T06:51:14.987Z,2026-02-05T06:54:38.336Z,,,,
كك-1,,,,,أشكال,اتنين ,,,,,,Available,45,40,,,https://assets.wuiltstore.com/cml8x62a300id01gn08b37npo_1000215812.webp,,,https://lolishop.wuiltstore.com/ar/product/all/كك-1,,,,,,,
كك-1,,,,,أشكال,واحد,,,,,,Available,45,40,,,https://assets.wuiltstore.com/cml8x5zsw00ib01gnf9pjgchc_1000215816.webp,,,https://lolishop.wuiltstore.com/ar/product/all/كك-1,,,,,,,
ميني-تودوليست-و-معاها-قلم-و-بلانشيطة,ميني تودوليست و معاها قلم و بلانشيطة ,,ميني تودوليست و معاها قلم و بلانشيطة ,,اشكال,أربعة ,,,,,,Available,50,45,,https://assets.wuiltstore.com/cmksmp1b80jmy01gn9nxrgm5m_1000201695.webp https://assets.wuiltstore.com/cmksmp2dx0jmz01gn8tdmd3ws_1000201696.webp https://assets.wuiltstore.com/cmksmp3jk0jn001gn620bam2e_1000201691.webp https://assets.wuiltstore.com/cmksmp4r60jn101gn2h5m1lr8_1000201692.webp https://assets.wuiltstore.com/cmksmp5ua0jn201gna280ce3x_1000201693.webp https://assets.wuiltstore.com/cmksmp6zd0jn301gn6exy6x1u_1000201689.webp https://assets.wuiltstore.com/cmksmp89u0jn401gnh0lfbmsy_1000201690.webp,https://assets.wuiltstore.com/cmksmp3jk0jn001gn620bam2e_1000201691.webp,ACTIVE,استيكي نوت وفواصل ,https://lolishop.wuiltstore.com/ar/product/all/ميني-تودوليست-و-معاها-قلم-و-بلانشيطة,Global,2026-01-24T21:13:48.907Z,2026-02-05T06:47:40.254Z,,,,
ميني-تودوليست-و-معاها-قلم-و-بلانشيطة,,,,,اشكال,تلاتة ,,,,,,Available,50,45,,,https://assets.wuiltstore.com/cmksmp5ua0jn201gna280ce3x_1000201693.webp,,,https://lolishop.wuiltstore.com/ar/product/all/ميني-تودوليست-و-معاها-قلم-و-بلانشيطة,,,,,,,
ميني-تودوليست-و-معاها-قلم-و-بلانشيطة,,,,,اشكال,اتنين ,,,,,,Available,50,45,,,https://assets.wuiltstore.com/cmksmp2dx0jmz01gn8tdmd3ws_1000201696.webp,,,https://lolishop.wuiltstore.com/ar/product/all/ميني-تودوليست-و-معاها-قلم-و-بلانشيطة,,,,,,,
ميني-تودوليست-و-معاها-قلم-و-بلانشيطة,,,,,اشكال,واحد ,,,,,,Available,50,45,,,https://assets.wuiltstore.com/cmksmp1b80jmy01gn9nxrgm5m_1000201695.webp,,,https://lolishop.wuiltstore.com/ar/product/all/ميني-تودوليست-و-معاها-قلم-و-بلانشيطة,,,,,,,
ميني-تودوليست-و-معاها-قلم-و-بلانشيطة-1,ميني تودوليست و معاها قلم و بلانشيطة ,,ميني تودوليست و معاها قلم و بلانشيطة ,,اشكال,تلاتة ,,,,,,Available,55,45,,https://assets.wuiltstore.com/cmksmu1zg0jn801gn3zpj0xtu_1000201688.webp https://assets.wuiltstore.com/cmksmu35p0jn901gn7rz4al3c_1000201685.webp https://assets.wuiltstore.com/cmksmu4f90jna01gnfaum2jcm_1000201683.webp https://assets.wuiltstore.com/cmksmu5me0jnb01gn670sgh8h_1000201686.webp https://assets.wuiltstore.com/cmksmu7wq0jnd01gn4v81ejw4_1000201687.webp https://assets.wuiltstore.com/cmksmu6rr0jnc01gn33ufgg5i_1000201684.webp,https://assets.wuiltstore.com/cmksmu5me0jnb01gn670sgh8h_1000201686.webp,ACTIVE,استيكي نوت وفواصل ,https://lolishop.wuiltstore.com/ar/product/all/ميني-تودوليست-و-معاها-قلم-و-بلانشيطة-1,Global,2026-01-24T21:17:43.076Z,2026-02-05T06:47:18.480Z,,,,
ميني-تودوليست-و-معاها-قلم-و-بلانشيطة-1,,,,,اشكال,اتنين ,,,,,,Available,55,45,,,https://assets.wuiltstore.com/cmksmu4f90jna01gnfaum2jcm_1000201683.webp,,,https://lolishop.wuiltstore.com/ar/product/all/ميني-تودوليست-و-معاها-قلم-و-بلانشيطة-1,,,,,,,
ميني-تودوليست-و-معاها-قلم-و-بلانشيطة-1,,,,,اشكال,واحد ,,,,,,Available,55,45,,,https://assets.wuiltstore.com/cmksmu1zg0jn801gn3zpj0xtu_1000201688.webp,,,https://lolishop.wuiltstore.com/ar/product/all/ميني-تودوليست-و-معاها-قلم-و-بلانشيطة-1,,,,,,,
ميني-تودوليست-بلانشيطة-قلم,ميني تودوليست + بلانشيطة+ قلم ,,ميني تودوليست + بلانشيطة+ قلم ,,اشكال,واحد ,,,,,,Available,55,45,,https://assets.wuiltstore.com/cmksmass20jm601gnermb8d79_1000201703.webp https://assets.wuiltstore.com/cmksmatyy0jm701gn3yua0d7z_1000201704.webp https://assets.wuiltstore.com/cmksmav5i0jm801gndfe406db_1000201705.webp https://assets.wuiltstore.com/cmksmawc00jm901gn1sb2h8x5_1000201700.webp https://assets.wuiltstore.com/cmksmaxe60jma01gn1xfr37yc_1000201701.webp https://assets.wuiltstore.com/cmksmayj40jmb01gn6wd577qj_1000201702.webp https://assets.wuiltstore.com/cmksmazpp0jmc01gn2irb13c4_1000201697.webp https://assets.wuiltstore.com/cmksmb2ax0jme01gnftsj6uao_1000201698.webp https://assets.wuiltstore.com/cmksmb1110jmd01gn3zzghgzy_1000201699.webp,https://assets.wuiltstore.com/cmksmass20jm601gnermb8d79_1000201703.webp,ACTIVE,استيكي نوت وفواصل ,https://lolishop.wuiltstore.com/ar/product/all/ميني-تودوليست-بلانشيطة-قلم,Global,2026-01-24T21:02:44.604Z,2026-02-05T06:46:51.695Z,,,,
ميني-تودوليست-بلانشيطة-قلم,,,,,اشكال,خمسة ,,,,,,Available,55,45,,,https://assets.wuiltstore.com/cmksmayj40jmb01gn6wd577qj_1000201702.webp,,,https://lolishop.wuiltstore.com/ar/product/all/ميني-تودوليست-بلانشيطة-قلم,,,,,,,
ميني-تودوليست-بلانشيطة-قلم,,,,,اشكال,أربعة ,,,,,,Available,55,45,,,https://assets.wuiltstore.com/cmksmaxe60jma01gn1xfr37yc_1000201701.webp,,,https://lolishop.wuiltstore.com/ar/product/all/ميني-تودوليست-بلانشيطة-قلم,,,,,,,
ميني-تودوليست-بلانشيطة-قلم,,,,,اشكال,تلاتة ,,,,,,Available,55,45,,,https://assets.wuiltstore.com/cmksmawc00jm901gn1sb2h8x5_1000201700.webp,,,https://lolishop.wuiltstore.com/ar/product/all/ميني-تودوليست-بلانشيطة-قلم,,,,,,,
ميني-تودوليست-بلانشيطة-قلم,,,,,اشكال,اتنين ,,,,,,Available,55,45,,,https://assets.wuiltstore.com/cmksmatyy0jm701gn3yua0d7z_1000201704.webp,,,https://lolishop.wuiltstore.com/ar/product/all/ميني-تودوليست-بلانشيطة-قلم,,,,,,,
نن-4,تودوليست ,,نن,,أشكال,خمسة ,,,,,,Available,40,,,https://assets.wuiltstore.com/cml8wv0wo00hn01gnhcu69nn3_1000215802.webp https://assets.wuiltstore.com/cml8wv27700ho01gneny3bwra_1000215803.webp https://assets.wuiltstore.com/cml8wv3er00hp01gn4qb9h5uf_1000215804.webp https://assets.wuiltstore.com/cml8wv4n500hq01gncasa91m0_1000215799.webp https://assets.wuiltstore.com/cml8wv64f00hr01gnhej3683u_1000215800.webp https://assets.wuiltstore.com/cml8wv7k300hs01gn07utco68_1000215801.webp https://assets.wuiltstore.com/cml8wv8s100ht01gnbwdzddf7_1000215798.webp https://assets.wuiltstore.com/cml8wva0f00hu01gnd3biegu3_1000215797.webp https://assets.wuiltstore.com/cml8wvb8b00hv01gnesz0f7eg_1000215796.webp https://assets.wuiltstore.com/cml8wvchg00hw01gn9iu277ly_1000215793.webp https://assets.wuiltstore.com/cml8wvdot00hx01gn77q1cejs_1000215790.webp https://assets.wuiltstore.com/cml8wvf1j00hy01gnh9g7dirz_1000215794.webp https://assets.wuiltstore.com/cml8wvg6n00hz01gn9iklcwg9_1000215791.webp https://assets.wuiltstore.com/cml8wvhfl00i001gndvzx4q9t_1000215795.webp https://assets.wuiltstore.com/cml8wvimt00i101gn6bv24a23_1000215792.webp https://assets.wuiltstore.com/cml8wvjxy00i201gn129jeki3_1000215787.webp https://assets.wuiltstore.com/cml8wvl5000i301gnbont5e0d_1000215788.webp https://assets.wuiltstore.com/cml8wvmbe00i401gnhv5mhj8n_1000215789.webp,https://assets.wuiltstore.com/cml8wvjxy00i201gn129jeki3_1000215787.webp,ACTIVE,بلانر وتودوليست,https://lolishop.wuiltstore.com/ar/product/all/نن-4,Global,2026-02-05T06:42:43.185Z,2026-02-05T06:44:53.210Z,,,,
نن-4,,,,,أشكال,اربعة,,,,,,Available,40,,,,https://assets.wuiltstore.com/cml8wvdot00hx01gn77q1cejs_1000215790.webp,,,https://lolishop.wuiltstore.com/ar/product/all/نن-4,,,,,,,
نن-4,,,,,أشكال,تلاتة ,,,,,,Available,40,,,,https://assets.wuiltstore.com/cml8wv8s100ht01gnbwdzddf7_1000215798.webp,,,https://lolishop.wuiltstore.com/ar/product/all/نن-4,,,,,,,
نن-4,,,,,أشكال,اتنين ,,,,,,Available,40,,,,https://assets.wuiltstore.com/cml8wv4n500hq01gncasa91m0_1000215799.webp,,,https://lolishop.wuiltstore.com/ar/product/all/نن-4,,,,,,,
نن-4,,,,,أشكال,واحد,,,,,,Available,40,,,,https://assets.wuiltstore.com/cml8wv0wo00hn01gnhcu69nn3_1000215802.webp,,,https://lolishop.wuiltstore.com/ar/product/all/نن-4,,,,,,,
نن-3,نوته ديناصور ,,نن,,أشكال,تلاتة ,,,,,,Available,30,,,https://assets.wuiltstore.com/cml8wgml100hg01gna7g9gw9d_1000215772.webp https://assets.wuiltstore.com/cml8wgnpm00hh01gn74svf7q0_1000215769.webp https://assets.wuiltstore.com/cml8wgow500hi01gn24qq8ieh_1000215771.webp https://assets.wuiltstore.com/cml8wgqd200hj01gncw75coth_1000215768.webp https://assets.wuiltstore.com/cml8wgrig00hk01gn4d9q1h5f_1000215770.webp https://assets.wuiltstore.com/cml8wgsrd00hl01gnhu214m2i_1000215767.webp https://assets.wuiltstore.com/cml8wgtvx00hm01gn3bshachm_1000215766.webp,https://assets.wuiltstore.com/cml8wgrig00hk01gn4d9q1h5f_1000215770.webp,ACTIVE,دفاتر ونوت بوك,https://lolishop.wuiltstore.com/ar/product/all/نن-3,Global,2026-02-05T06:31:31.502Z,2026-02-05T06:33:39.399Z,,,,
نن-3,,,,,أشكال,اتنين ,,,,,,Available,30,,,,https://assets.wuiltstore.com/cml8wgow500hi01gn24qq8ieh_1000215771.webp,,,https://lolishop.wuiltstore.com/ar/product/all/نن-3,,,,,,,
نن-3,,,,,أشكال,واحد,,,,,,Available,30,,,,https://assets.wuiltstore.com/cml8wgml100hg01gna7g9gw9d_1000215772.webp,,,https://lolishop.wuiltstore.com/ar/product/all/نن-3,,,,,,,
تت-2,ورق ملاحظات ,,تت,,أشكال,اتنين ,,,,,,Available,25,,,https://assets.wuiltstore.com/cml8wfcyy00hc01gna4imebde_1000215763.webp https://assets.wuiltstore.com/cml8wfe7s00hd01gn4uqggeuy_1000215764.webp https://assets.wuiltstore.com/cml8wfgcd00hf01gnak3zafgp_1000215765.webp https://assets.wuiltstore.com/cml8wffbt00he01gngtd26q14_1000215762.webp,https://assets.wuiltstore.com/cml8wfe7s00hd01gn4uqggeuy_1000215764.webp,ACTIVE,بلانر وتودوليست,https://lolishop.wuiltstore.com/ar/product/all/تت-2,Global,2026-02-05T06:30:32.398Z,2026-02-05T06:32:19.752Z,,,,
تت-2,,,,,أشكال,واحد,,,,,,Available,25,,,,https://assets.wuiltstore.com/cml8wfcyy00hc01gna4imebde_1000215763.webp,,,https://lolishop.wuiltstore.com/ar/product/all/تت-2,,,,,,,
ت,ورق ملاحظات ,,ت,,أشكال,اربعة,,,,,,Available,25,,,https://assets.wuiltstore.com/cml8w2u6100gq01gn5l5ghojq_1000215736.webp https://assets.wuiltstore.com/cml8w2va300gr01gn0xzo6890_1000215733.webp https://assets.wuiltstore.com/cml8w2wgr00gs01gn6q9516qk_1000215735.webp https://assets.wuiltstore.com/cml8w2xlp00gt01gn4lp8e4bb_1000215732.webp https://assets.wuiltstore.com/cml8w2yod00gu01gn2um06vdn_1000215734.webp https://assets.wuiltstore.com/cml8w2zst00gv01gn30okd0oc_1000215731.webp https://assets.wuiltstore.com/cml8w31xf00gx01gn9km13upv_1000215730.webp https://assets.wuiltstore.com/cml8w30tl00gw01gn4nnbdmgy_1000215729.webp,https://assets.wuiltstore.com/cml8w31xf00gx01gn9km13upv_1000215730.webp,ACTIVE,بلانر وتودوليست,https://lolishop.wuiltstore.com/ar/product/all/ت,Global,2026-02-05T06:20:48.147Z,2026-02-05T06:29:13.568Z,,,,
ت,,,,,أشكال,تلاتة ,,,,,,Available,25,,,,https://assets.wuiltstore.com/cml8w2xlp00gt01gn4lp8e4bb_1000215732.webp,,,https://lolishop.wuiltstore.com/ar/product/all/ت,,,,,,,
ت,,,,,أشكال,اتنين ,,,,,,Available,25,,,,https://assets.wuiltstore.com/cml8w2va300gr01gn0xzo6890_1000215733.webp,,,https://lolishop.wuiltstore.com/ar/product/all/ت,,,,,,,
ت,,,,,أشكال,واحد,,,,,,Available,25,,,,https://assets.wuiltstore.com/cml8w2u6100gq01gn5l5ghojq_1000215736.webp,,,https://lolishop.wuiltstore.com/ar/product/all/ت,,,,,,,
نن-2,ورق ملاحظات ,,نن,,أشكال,خمسة ,,,,,,Available,25,,,https://assets.wuiltstore.com/cml8w4t9i00gy01gnfjfw7b3x_1000215751.webp https://assets.wuiltstore.com/cml8w4ue400gz01gnakvf2x8k_1000215741.webp https://assets.wuiltstore.com/cml8w4veg00h001gn11eg7im6_1000215752.webp https://assets.wuiltstore.com/cml8w4wjm00h101gn8k3nhx7w_1000215749.webp https://assets.wuiltstore.com/cml8w4xqo00h201gnhqf81na8_1000215753.webp https://assets.wuiltstore.com/cml8w4yrn00h301gn5ip53xrf_1000215750.webp https://assets.wuiltstore.com/cml8w4zva00h401gncw3m20xo_1000215740.webp https://assets.wuiltstore.com/cml8w512g00h501gn91ub9r9p_1000215739.webp https://assets.wuiltstore.com/cml8w53ab00h701gn1mb6hduf_1000215738.webp https://assets.wuiltstore.com/cml8w525q00h601gn1abt6wiq_1000215737.webp,https://assets.wuiltstore.com/cml8w53ab00h701gn1mb6hduf_1000215738.webp,ACTIVE,بلانر وتودوليست,https://lolishop.wuiltstore.com/ar/product/all/نن-2,Global,2026-02-05T06:22:20.246Z,2026-02-05T06:28:57.739Z,,,,
نن-2,,,,,أشكال,اربعة,,,,,,Available,25,,,,https://assets.wuiltstore.com/cml8w4yrn00h301gn5ip53xrf_1000215750.webp,,,https://lolishop.wuiltstore.com/ar/product/all/نن-2,,,,,,,
نن-2,,,,,أشكال,تلاتة ,,,,,,Available,25,,,,https://assets.wuiltstore.com/cml8w4wjm00h101gn8k3nhx7w_1000215749.webp,,,https://lolishop.wuiltstore.com/ar/product/all/نن-2,,,,,,,
نن-2,,,,,أشكال,اتنين ,,,,,,Available,25,,,,https://assets.wuiltstore.com/cml8w4veg00h001gn11eg7im6_1000215752.webp,,,https://lolishop.wuiltstore.com/ar/product/all/نن-2,,,,,,,
نن-2,,,,,أشكال,واحد,,,,,,Available,25,,,,https://assets.wuiltstore.com/cml8w4t9i00gy01gnfjfw7b3x_1000215751.webp,,,https://lolishop.wuiltstore.com/ar/product/all/نن-2,,,,,,,
نوته-فواصل-وكبسولة-ف-علبة-شيك,نوته فواصل وكبسولة ف علبة شيك,,نوته فواصل وكبسولة ف علبة شيك,,نوته,3,,,,,,Available,135,,,https://assets.wuiltstore.com/cml8um2x400fi01gneh0a8gze_IMG20260204225539.webp https://assets.wuiltstore.com/cml8um4tu00fj01gn39fv0ose_IMG20260204225803.webp https://assets.wuiltstore.com/cml8um6il00fk01gn9k2q5ijy_IMG20260204225753.webp https://assets.wuiltstore.com/cml8um84p00fl01gneiyz4s5j_IMG20260204225748.webp https://assets.wuiltstore.com/cml8umbd700fn01gnbaivaj3o_IMG20260204225735.webp https://assets.wuiltstore.com/cml8umd2500fo01gn4omv3jps_IMG20260204225718.webp https://assets.wuiltstore.com/cml8umevr00fp01gn1qkq7anz_IMG20260204225636.webp https://assets.wuiltstore.com/cml8umgln00fq01gn0vmtf3ad_IMG20260204225557.webp https://assets.wuiltstore.com/cml8umido00fr01gn0k23dceh_IMG20260204225519.webp https://assets.wuiltstore.com/cml8um9q200fm01gn9dhnclho_IMG20260204225743.webp https://assets.wuiltstore.com/cml8umly700ft01gnaoamcvb2_IMG20260204225503.webp https://assets.wuiltstore.com/cml8umk8200fs01gn5ddn8x21_IMG20260204225439.webp,https://assets.wuiltstore.com/cml8umgln00fq01gn0vmtf3ad_IMG20260204225557.webp,ACTIVE,,https://lolishop.wuiltstore.com/ar/product/all/نوته-فواصل-وكبسولة-ف-علبة-شيك,Global,2026-02-05T05:39:46.363Z,2026-02-05T05:46:27.922Z,,,,
نوته-فواصل-وكبسولة-ف-علبة-شيك,,,,,نوته,2,,,,,,Available,135,,,,https://assets.wuiltstore.com/cml8umevr00fp01gn1qkq7anz_IMG20260204225636.webp,,,https://lolishop.wuiltstore.com/ar/product/all/نوته-فواصل-وكبسولة-ف-علبة-شيك,,,,,,,
نوته-فواصل-وكبسولة-ف-علبة-شيك,,,,,نوته,1,,,,,,Available,135,,,,https://assets.wuiltstore.com/cml8um2x400fi01gneh0a8gze_IMG20260204225539.webp,,,https://lolishop.wuiltstore.com/ar/product/all/نوته-فواصل-وكبسولة-ف-علبة-شيك,,,,,,,
استيكي-نوت-وتكت-رول,استيكي نوت وتكت رول,,استيكي نوت وتكت رول,,استيكي نوت,1,,,,,,Available,45,,,https://assets.wuiltstore.com/cml8u0pxw00ec01gn5lnr6b4q_IMG20260205000505.webp https://assets.wuiltstore.com/cml8u0rwt00ed01gn9tvyavek_IMG20260205001027.webp https://assets.wuiltstore.com/cml8u0tmo00ee01gn0tci5mwr_IMG20260205001023.webp https://assets.wuiltstore.com/cml8u0vdr00ef01gn8ynq9zxd_IMG20260205001001.webp https://assets.wuiltstore.com/cml8u0x3k00eg01gncow4bilb_IMG20260205000957.webp https://assets.wuiltstore.com/cml8u0yv100eh01gn4fn1hbyj_IMG20260205000914.webp https://assets.wuiltstore.com/cml8u10md00ei01gn269kemrd_IMG20260205000907.webp https://assets.wuiltstore.com/cml8u12cf00ej01gnbotdhb7w_IMG20260205001115.webp https://assets.wuiltstore.com/cml8u142y00ek01gnew4v9dig_IMG20260205000830.webp https://assets.wuiltstore.com/cml8u15ti00el01gnfycjcs9r_IMG20260205000753.webp https://assets.wuiltstore.com/cml8u19kc00en01gn5jow28jf_IMG20260205000748.webp https://assets.wuiltstore.com/cml8u17k100em01gncdc74kld_IMG20260205000510.webp,https://assets.wuiltstore.com/cml8u10md00ei01gn269kemrd_IMG20260205000907.webp,ACTIVE,استيكي نوت وفواصل ,https://lolishop.wuiltstore.com/ar/product/all/استيكي-نوت-وتكت-رول,Global,2026-02-05T05:23:09.865Z,2026-02-05T05:24:14.315Z,,,,
استيكي-نوت-وتكت-رول,,,,,استيكي نوت,2,,,,,,Available,45,,,,https://assets.wuiltstore.com/cml8u142y00ek01gnew4v9dig_IMG20260205000830.webp,,,https://lolishop.wuiltstore.com/ar/product/all/استيكي-نوت-وتكت-رول,,,,,,,
مقلمة-مكتب-عصفوره,مقلمة مكتب عصفوره ,,مقلمة مكتب عصفوره ,,,,,,,,,Available,140,120,,https://assets.wuiltstore.com/cmksxxuri0ks401gnex3a427j_1000202279.webp https://assets.wuiltstore.com/cmksxxtrc0ks301gn6yvwh177_1000202282.webp https://assets.wuiltstore.com/cmksxxvj70ks501gn6fi6hm0m_1000202283.webp https://assets.wuiltstore.com/cmksxxwl40ks601gn8ojsb4as_1000202280.webp https://assets.wuiltstore.com/cmksxxyfe0ks801gn245cfvpp_1000202284.webp https://assets.wuiltstore.com/cmksxxxbd0ks701gn682bf16o_1000202281.webp,,ACTIVE,عروض آخر قطع ,https://lolishop.wuiltstore.com/ar/product/all/مقلمة-مكتب-عصفوره,Global,2026-01-25T02:28:34.737Z,2026-02-05T05:07:53.752Z,,,,
منظم-٤-خانة,منظم ٤ خانة ,,منظم ٤ خانة ,,,,,,,,,Available,90,75,,https://assets.wuiltstore.com/cmksxtfmb0krp01gn7orhdbdm_1000202333.webp https://assets.wuiltstore.com/cmksxtgtd0krq01gnd6234sq6_1000202332.webp https://assets.wuiltstore.com/cmksxtj920krs01gnesa8gy5t_1000202331.webp https://assets.wuiltstore.com/cmksxti0c0krr01gn23qvesjg_1000202330.webp,,ACTIVE,عروض آخر قطع ,https://lolishop.wuiltstore.com/ar/product/all/منظم-٤-خانة,Global,2026-01-25T02:25:09.813Z,2026-02-05T05:07:05.029Z,,,,
منظم-أقلام-دور,منظم أقلام ٣ دور ,,منظم أقلام ٣ دور ,,,,,,,,,Available,65,55,,https://assets.wuiltstore.com/cmksxquj10krc01gnbjhsbwsx_1000202344.webp https://assets.wuiltstore.com/cmksxqpnq0kr801gndp1h6aef_1000202347.webp https://assets.wuiltstore.com/cmksxqqy80kr901gn1y5dd5cg_1000202348.webp https://assets.wuiltstore.com/cmksxqs400kra01gn4qizbyes_1000202346.webp https://assets.wuiltstore.com/cmksxqtdm0krb01gn1lwg342v_1000202345.webp,,ACTIVE,عروض آخر قطع ,https://lolishop.wuiltstore.com/ar/product/all/منظم-أقلام-دور,Global,2026-01-25T02:23:02.796Z,2026-02-05T05:06:27.707Z,,,,
منظم-بيضه-مكسورة,منظم بيضه مكسورة ,,منظم بيضه مكسورة ,,,,,,,,,Available,140,115,,https://assets.wuiltstore.com/cmksxbosb0kpx01gncimj4p37_1000202384.webp https://assets.wuiltstore.com/cmksxbpgm0kpy01gn32en71xv_1000202383.webp https://assets.wuiltstore.com/cmksxbq0j0kpz01gnez6a5vmw_1000202382.webp https://assets.wuiltstore.com/cmksxbqoy0kq001gn0ipb9ppf_1000202381.webp https://assets.wuiltstore.com/cmksxbrxt0kq101gnah6zbem7_1000202380.webp https://assets.wuiltstore.com/cmksxbtnm0kq301gnflh5gtvb_1000202379.webp https://assets.wuiltstore.com/cmksxbsyq0kq201gn1pn73rke_1000202378.webp,,ACTIVE,عروض آخر قطع ,https://lolishop.wuiltstore.com/ar/product/all/منظم-بيضه-مكسورة,Global,2026-01-25T02:11:22.020Z,2026-02-05T05:05:35.481Z,,,,
كانز-مناديل-مبللة,كانز مناديل مبللة ,,كانز مناديل مبللة ,,أشكال,سبعة ,,,,,,Available,45,,,https://assets.wuiltstore.com/cmkvvdoh00tfi01gn2iq9bkvi_1000203707.webp https://assets.wuiltstore.com/cmkvvdplk0tfj01gnc2h1he3j_1000203710.webp https://assets.wuiltstore.com/cmkvvdqra0tfk01gn4i6ih9gm_1000203709.webp https://assets.wuiltstore.com/cmkvvdrzj0tfl01gn96za12sf_1000203708.webp https://assets.wuiltstore.com/cmkvvdt5v0tfm01gn1u3y30he_1000203711.webp https://assets.wuiltstore.com/cmkvvdufd0tfn01gn2g7kcecy_1000203713.webp https://assets.wuiltstore.com/cmkvvdvk60tfo01gn2qtibnqf_1000203712.webp https://assets.wuiltstore.com/cmkvvdwr30tfp01gnbhi0fc0d_1000203716.webp https://assets.wuiltstore.com/cmkvvdxyi0tfq01gnb5guhizn_1000203719.webp https://assets.wuiltstore.com/cmkvvdzbe0tfr01gna24u0oed_1000203718.webp https://assets.wuiltstore.com/cmkvve0hk0tfs01gnfa56cvrc_1000203714.webp https://assets.wuiltstore.com/cmkvve2rx0tfu01gn0bijcs6g_1000203717.webp https://assets.wuiltstore.com/cmkvve1no0tft01gngc09hsdh_1000203715.webp,https://assets.wuiltstore.com/cmkvvdzbe0tfr01gna24u0oed_1000203718.webp,ACTIVE,ادوات تجميل ,https://lolishop.wuiltstore.com/ar/product/all/كانز-مناديل-مبللة,Global,2026-01-27T03:40:14.056Z,2026-02-05T04:57:48.938Z,,,,
كانز-مناديل-مبللة,,,,,أشكال,ستة ,,,,,,Available,45,,,,https://assets.wuiltstore.com/cmkvvdvk60tfo01gn2qtibnqf_1000203712.webp,,,https://lolishop.wuiltstore.com/ar/product/all/كانز-مناديل-مبللة,,,,,,,
كانز-مناديل-مبللة,,,,,أشكال,خمسة ,,,,,,Available,45,,,,https://assets.wuiltstore.com/cmkvvdufd0tfn01gn2g7kcecy_1000203713.webp,,,https://lolishop.wuiltstore.com/ar/product/all/كانز-مناديل-مبللة,,,,,,,
كانز-مناديل-مبللة,,,,,أشكال,أربعة ,,,,,,Available,45,,,,https://assets.wuiltstore.com/cmkvvdt5v0tfm01gn1u3y30he_1000203711.webp,,,https://lolishop.wuiltstore.com/ar/product/all/كانز-مناديل-مبللة,,,,,,,
كانز-مناديل-مبللة,,,,,أشكال,تلاتة ,,,,,,Available,45,,,,https://assets.wuiltstore.com/cmkvvdrzj0tfl01gn96za12sf_1000203708.webp,,,https://lolishop.wuiltstore.com/ar/product/all/كانز-مناديل-مبللة,,,,,,,
كانز-مناديل-مبللة,,,,,أشكال,اتنين ,,,,,,Available,45,,,,https://assets.wuiltstore.com/cmkvvdplk0tfj01gnc2h1he3j_1000203710.webp,,,https://lolishop.wuiltstore.com/ar/product/all/كانز-مناديل-مبللة,,,,,,,
كانز-مناديل-مبللة,,,,,أشكال,واحد,,,,,,Available,45,,,,https://assets.wuiltstore.com/cmkvvdoh00tfi01gn2iq9bkvi_1000203707.webp,,,https://lolishop.wuiltstore.com/ar/product/all/كانز-مناديل-مبللة,,,,,,,
علبة-مناديل-فيونكة,علبة مناديل فيونكة ,,علبة مناديل فيونكة ,,,,,,,,,Available,85,65,,https://assets.wuiltstore.com/cmkvu13vv0tak01gn2reshcoa_1000203085.webp https://assets.wuiltstore.com/cmkvu154r0tal01gn3mlu6b0l_1000203088.webp https://assets.wuiltstore.com/cmkvu16d50tam01gnb7eihmg5_1000203087.webp https://assets.wuiltstore.com/cmkvu18p20tao01gn1nlcfu2a_1000203089.webp https://assets.wuiltstore.com/cmkvu17i30tan01gnbl3aeafd_1000203086.webp,,ACTIVE,عروض آخر قطع ,https://lolishop.wuiltstore.com/ar/product/all/علبة-مناديل-فيونكة,Global,2026-01-27T03:02:27.903Z,2026-02-05T04:56:26.603Z,,,,
ترمس,ترمس حراري 3 كوب ستالس ,,ترمس ,,,,,,,,,Available,185,170,,https://assets.wuiltstore.com/cml4oiqr601sl01gng2bf4f1q_1000212235.webp https://assets.wuiltstore.com/cml4ois0c01sm01gnhndc8h7j_1000212236.webp https://assets.wuiltstore.com/cml4oit8201sn01gn1vo4gkn0_1000212238.webp https://assets.wuiltstore.com/cml4oivp301sp01gn2tu48s33_1000212234.webp https://assets.wuiltstore.com/cml4oiueu01so01gnhfh37pd7_1000212237.webp,,ACTIVE,عروض آخر قطع ,https://lolishop.wuiltstore.com/ar/product/all/ترمس,Global,2026-02-02T07:38:08.606Z,2026-02-05T04:54:32.682Z,,,,
بوكس-تهادو-تحابو-للأطفال,بوكس تهادو تحابو للأطفال,,بوكس تهادو تحابو للأطفال,,بوكس,3,,,,,,Available,160,140,,https://assets.wuiltstore.com/cml8kbbkt00or01gn565v9yf9_IMG_20260107_171400_621_1646.webp https://assets.wuiltstore.com/cml8kbcrl00os01gnfll02vpq_IMG_20260107_172410_843_5423.webp https://assets.wuiltstore.com/cml8kbf9500ou01gn2m3ichkx_IMG_20260107_171400_227_2432.webp https://assets.wuiltstore.com/cml8kbgj800ov01gn7tsgfr6w_IMG_20260107_171411_053_2963.webp https://assets.wuiltstore.com/cml8kbhp500ow01gn7pix2ld0_IMG_20260107_171410_348_8199.webp https://assets.wuiltstore.com/cml8kbj1f00ox01gn17sxg9am_IMG_20260107_171410_440_5728.webp https://assets.wuiltstore.com/cml8kblrr00oz01gnfzaq4pk5_IMG_20260107_171410_747_3715.webp https://assets.wuiltstore.com/cml8kbked00oy01gngjft38xt_IMG_20260107_172348_434_4976.webp https://assets.wuiltstore.com/cml8kbdz400ot01gngg6431ty_IMG_20260107_172410_881_9681.webp,https://assets.wuiltstore.com/cml8kbgj800ov01gn7tsgfr6w_IMG_20260107_171411_053_2963.webp,ACTIVE,شغل رمضان,https://lolishop.wuiltstore.com/ar/product/all/بوكس-تهادو-تحابو-للأطفال,Global,2026-02-05T00:51:28.443Z,2026-02-05T00:52:17.602Z,,,,
بوكس-تهادو-تحابو-للأطفال,,,,,بوكس,2,,,,,,Available,160,140,,,https://assets.wuiltstore.com/cml8kbf9500ou01gn2m3ichkx_IMG_20260107_171400_227_2432.webp,,,https://lolishop.wuiltstore.com/ar/product/all/بوكس-تهادو-تحابو-للأطفال,,,,,,,
بوكس-تهادو-تحابو-للأطفال,,,,,بوكس,1,,,,,,Available,160,140,,,https://assets.wuiltstore.com/cml8kbbkt00or01gn565v9yf9_IMG_20260107_171400_621_1646.webp,,,https://lolishop.wuiltstore.com/ar/product/all/بوكس-تهادو-تحابو-للأطفال,,,,,,,
نن-1,برايات الفضاء و كرومي ,,نن,,أشكال,واحد,,,,,,Available,15,,,https://assets.wuiltstore.com/cml5uvhsg00cn01gnggua538d_1000212199.webp https://assets.wuiltstore.com/cml5uvs0100cw01gn8i8c6dv4_1000212195.webp https://assets.wuiltstore.com/cml5uviwt00co01gnclapgo0x_1000212200.webp https://assets.wuiltstore.com/cml5uvk3400cp01gn1smsb3un_1000212201.webp https://assets.wuiltstore.com/cml5uvl6r00cq01gnfzt1g5bb_1000212196.webp https://assets.wuiltstore.com/cml5uvmbl00cr01gn6c3c5cxc_1000212198.webp https://assets.wuiltstore.com/cml5uvnga00cs01gndxpacrwa_1000212197.webp https://assets.wuiltstore.com/cml5uvojk00ct01gn13rr04m8_1000212193.webp https://assets.wuiltstore.com/cml5uvppk00cu01gndft19gfl_1000212194.webp https://assets.wuiltstore.com/cml5uvqvl00cv01gn3hqi5ewd_1000212192.webp,https://assets.wuiltstore.com/cml5uvhsg00cn01gnggua538d_1000212199.webp,ACTIVE,,https://lolishop.wuiltstore.com/ar/product/all/نن-1,Global,2026-02-03T03:23:47.466Z,2026-02-03T03:26:20.054Z,,,,
نن-1,,,,,أشكال,سبعة ,,,,,,Available,15,,,,https://assets.wuiltstore.com/cml5uvppk00cu01gndft19gfl_1000212194.webp,,,https://lolishop.wuiltstore.com/ar/product/all/نن-1,,,,,,,
نن-1,,,,,أشكال,ستة ,,,,,,Available,15,,,,https://assets.wuiltstore.com/cml5uvojk00ct01gn13rr04m8_1000212193.webp,,,https://lolishop.wuiltstore.com/ar/product/all/نن-1,,,,,,,
نن-1,,,,,أشكال,خمسة ,,,,,,Available,15,,,,https://assets.wuiltstore.com/cml5uvmbl00cr01gn6c3c5cxc_1000212198.webp,,,https://lolishop.wuiltstore.com/ar/product/all/نن-1,,,,,,,
نن-1,,,,,أشكال,اربعة,,,,,,Available,15,,,,https://assets.wuiltstore.com/cml5uvl6r00cq01gnfzt1g5bb_1000212196.webp,,,https://lolishop.wuiltstore.com/ar/product/all/نن-1,,,,,,,
نن-1,,,,,أشكال,تلاتة ,,,,,,Available,15,,,,https://assets.wuiltstore.com/cml5uvk3400cp01gn1smsb3un_1000212201.webp,,,https://lolishop.wuiltstore.com/ar/product/all/نن-1,,,,,,,
نن-1,,,,,أشكال,اتنين ,,,,,,Available,15,,,,https://assets.wuiltstore.com/cml5uviwt00co01gnclapgo0x_1000212200.webp,,,https://lolishop.wuiltstore.com/ar/product/all/نن-1,,,,,,,
منظمات مكتبية,منظم كتب كبير,,منظم كتب كبير,,أخضر,بينك,,,,,,3,60,55,,https://assets.wuiltstore.com/cmkkatka601jb01gnfuhibh2s_IMG20260116221556.webp https://assets.wuiltstore.com/cmkkatm8d01jc01gnhd8r3o47_IMG20260116221553.webp https://assets.wuiltstore.com/cmkkatqeq01je01gnhteeg31l_IMG20260116221454.webp https://assets.wuiltstore.com/cmkkatsfj01jf01gn9vipdr4v_IMG20260116221450.webp https://assets.wuiltstore.com/cmkkatul901jg01gnb3hc8go8_IMG20260116221441.webp https://assets.wuiltstore.com/cmkkato9i01jd01gnbzew7xwj_IMG20260116221550.webp https://assets.wuiltstore.com/cmkkatwn501jh01gn83cpal8w_IMG20260116221425.webp https://assets.wuiltstore.com/cmkkatyo001ji01gngid1fzbo_IMG20260116221418.webp https://assets.wuiltstore.com/cmkkau2ei01jk01gn1tnzf7uz_IMG20260116221405.webp https://assets.wuiltstore.com/cmkkau0md01jj01gn9cx8c5v9_IMG20260116214638.webp,https://assets.wuiltstore.com/cmkkatqeq01je01gnhteeg31l_IMG20260116221454.webp,ACTIVE,منظمات مكتب,https://lolishop.wuiltstore.com/ar/product/all/منظمات مكتبية,Global,2026-01-19T01:19:14.932Z,2026-02-02T23:13:06.300Z,,,,
منظمات مكتبية,,,,,أخضر,أخضر,,,,,,3,60,55,,,https://assets.wuiltstore.com/cmkkatm8d01jc01gnhd8r3o47_IMG20260116221553.webp,,,https://lolishop.wuiltstore.com/ar/product/all/منظمات مكتبية,,,,,,,
منظمات مكتبية,,,,,أخضر,أصفر,,,,,,5,60,55,,,https://assets.wuiltstore.com/cmkkau0md01jj01gn9cx8c5v9_IMG20260116214638.webp,,,https://lolishop.wuiltstore.com/ar/product/all/منظمات مكتبية,,,,,,,
تت,تشكيله استيكي نوت اناناس ,,تت,,أشكال,أربعة ,,,,,,Available,30,,,https://assets.wuiltstore.com/cml5h2fwc00vf01gn9onfal2z_1000212229.webp https://assets.wuiltstore.com/cml5h2gy800vg01gnevfhb3p5_1000212228.webp https://assets.wuiltstore.com/cml5h2i4m00vh01gn47cq2e23_1000212225.webp https://assets.wuiltstore.com/cml5h2j9a00vi01gnge0e2n4p_1000212227.webp https://assets.wuiltstore.com/cml5h2kbk00vj01gnhtmcaac6_1000212226.webp https://assets.wuiltstore.com/cml5h2lgt00vk01gn6q456vn7_1000212224.webp https://assets.wuiltstore.com/cml5h2nlv00vm01gnb21ybspt_1000212223.webp https://assets.wuiltstore.com/cml5h2mia00vl01gnfh7sdth8_1000212222.webp,https://assets.wuiltstore.com/cml5h2mia00vl01gnfh7sdth8_1000212222.webp,ACTIVE,استيكي نوت وفواصل ,https://lolishop.wuiltstore.com/ar/product/all/تت,Global,2026-02-02T20:57:16.892Z,2026-02-02T20:59:38.750Z,,,,
تت,,,,,أشكال,تلاتة ,,,,,,Available,30,,,,https://assets.wuiltstore.com/cml5h2j9a00vi01gnge0e2n4p_1000212227.webp,,,https://lolishop.wuiltstore.com/ar/product/all/تت,,,,,,,
تت,,,,,أشكال,اتنين ,,,,,,Available,30,,,,https://assets.wuiltstore.com/cml5h2i4m00vh01gn47cq2e23_1000212225.webp,,,https://lolishop.wuiltstore.com/ar/product/all/تت,,,,,,,
تت,,,,,أشكال,واحد,,,,,,Available,30,,,,https://assets.wuiltstore.com/cml5h2fwc00vf01gn9onfal2z_1000212229.webp,,,https://lolishop.wuiltstore.com/ar/product/all/تت,,,,,,,
مم,تشكيله تابس ديناصور ,,مم,,أشكال,اتنين ,,,,,,Available,50,45,,https://assets.wuiltstore.com/cml5gyood00v301gnfzd2ffhz_1000212178.webp https://assets.wuiltstore.com/cml5gypyi00v401gn48a32gsn_1000212179.webp https://assets.wuiltstore.com/cml5gyr0q00v501gn8edic4o1_1000212182.webp https://assets.wuiltstore.com/cml5gys7a00v601gnhghlawwf_1000212181.webp https://assets.wuiltstore.com/cml5gyte200v701gn27dfaeok_1000212180.webp https://assets.wuiltstore.com/cml5gyuoh00v801gncot7b2is_1000212184.webp https://assets.wuiltstore.com/cml5gywt400va01gnhkujf9ta_1000212183.webp https://assets.wuiltstore.com/cml5gyvuq00v901gn82cz3gz6_1000212185.webp,https://assets.wuiltstore.com/cml5gyte200v701gn27dfaeok_1000212180.webp,ACTIVE,استيكي نوت وفواصل ,https://lolishop.wuiltstore.com/ar/product/all/مم,Global,2026-02-02T20:54:21.524Z,2026-02-02T20:56:04.264Z,,,,
مم,,,,,أشكال,واحد,,,,,,Available,50,45,,,https://assets.wuiltstore.com/cml5gyvuq00v901gn82cz3gz6_1000212185.webp,,,https://lolishop.wuiltstore.com/ar/product/all/مم,,,,,,,
مفكرة-رمضان-كريم,مفكرة رمضان كريم ,,مفكرة رمضان كريم ,,,,,,,,,Available,95,85,,https://assets.wuiltstore.com/cml5gxip000us01gn73nc8hug_IMG20260201214020.webp https://assets.wuiltstore.com/cml5gxkph00ut01gne5d228ri_IMG20260201214015.webp https://assets.wuiltstore.com/cml5gxmo300uu01gn6emb8r3f_IMG20260201213933.webp https://assets.wuiltstore.com/cml5gxojk00uv01gn64rd12a6_IMG20260201213926.webp https://assets.wuiltstore.com/cml5gxqd300uw01gng1ni9wxv_IMG20260201213919.webp https://assets.wuiltstore.com/cml5gxs6800ux01gn9lqm7crp_IMG20260201213909.webp https://assets.wuiltstore.com/cml5gxu7e00uy01gn2sng18l5_IMG20260201213902.webp https://assets.wuiltstore.com/cml5gxw1f00uz01gn8yp00u71_IMG20260201213849.webp https://assets.wuiltstore.com/cml5gxxwe00v001gn3isme1lq_IMG20260201213837.webp https://assets.wuiltstore.com/cml5gy1qu00v201gnguv41vif_IMG20260201213829.webp https://assets.wuiltstore.com/cml5gxzri00v101gncv569zhe_IMG20260201213814.webp,,ACTIVE,شغل رمضان,https://lolishop.wuiltstore.com/ar/product/all/مفكرة-رمضان-كريم,Global,2026-02-02T20:53:26.926Z,2026-02-02T20:53:26.993Z,,,,
كك,تشكيله تابس منبه ,,كك,,أشكال,اتنين ,,,,,,Available,50,45,,https://assets.wuiltstore.com/cml5gs79y00u101gn4qb8b0fk_1000212172.webp https://assets.wuiltstore.com/cml5gs8fg00u201gn5s9kcrvu_1000212171.webp https://assets.wuiltstore.com/cml5gs9qt00u301gnck5rfnxh_1000212173.webp https://assets.wuiltstore.com/cml5gsb0p00u401gn1xkw11ox_1000212176.webp https://assets.wuiltstore.com/cml5gsevx00u701gnfkc57hjq_1000212174.webp https://assets.wuiltstore.com/cml5gsdiw00u601gn9h796kuu_1000212177.webp https://assets.wuiltstore.com/cml5gsc6c00u501gn3wc1d7yw_1000212175.webp,https://assets.wuiltstore.com/cml5gsc6c00u501gn3wc1d7yw_1000212175.webp,ACTIVE,استيكي نوت وفواصل ,https://lolishop.wuiltstore.com/ar/product/all/كك,Global,2026-02-02T20:49:19.159Z,2026-02-02T20:52:39.800Z,,,,
كك,,,,,أشكال,واحد,,,,,,Available,50,45,,,https://assets.wuiltstore.com/cml5gs8fg00u201gn5s9kcrvu_1000212171.webp,,,https://lolishop.wuiltstore.com/ar/product/all/كك,,,,,,,
تراي-معدن,تراي معدن 2 دور ,,تراي معدن ,,,,,,,,,Available,250,230,,https://assets.wuiltstore.com/cml4okwsn01ss01gn6jck4vnt_1000212231.webp https://assets.wuiltstore.com/cml4okuc001sq01gnfgfp0744_1000212233.webp https://assets.wuiltstore.com/cml4okvl101sr01gn6h4jgan0_1000212232.webp https://assets.wuiltstore.com/cml4okxkc01st01gn0mmrhljr_1000212230.webp,,ACTIVE,منظمات مكتب,https://lolishop.wuiltstore.com/ar/product/all/تراي-معدن,Global,2026-02-02T07:39:46.474Z,2026-02-02T20:51:15.272Z,,,,
ميني-تيبس,ميني تيبس ,,ميني تيبس ,,أشكال,خمسة ,,,,,,Available,30,,,https://assets.wuiltstore.com/cml4no80q01rw01gnh22o981f_1000210567.webp https://assets.wuiltstore.com/cml4no95901rx01gnbervb8x7_1000210570.webp https://assets.wuiltstore.com/cml4nob5f01rz01gnfnq73mr7_1000210572.webp https://assets.wuiltstore.com/cml4noc3f01s001gnc5h4fv5c_1000210569.webp https://assets.wuiltstore.com/cml4nod6z01s101gn8nn62txm_1000210566.webp https://assets.wuiltstore.com/cml4noe8801s201gndqn39vlb_1000210565.webp https://assets.wuiltstore.com/cml4nofan01s301gncvwp17gw_1000210568.webp https://assets.wuiltstore.com/cml4nogco01s401gn3mio8amb_1000210571.webp https://assets.wuiltstore.com/cml4noa7d01ry01gnansv9k1n_1000210573.webp https://assets.wuiltstore.com/cml4nohdk01s501gngvnp2qsj_1000210574.webp,https://assets.wuiltstore.com/cml4noe8801s201gndqn39vlb_1000210565.webp,ACTIVE,,https://lolishop.wuiltstore.com/ar/product/all/ميني-تيبس,Global,2026-02-02T07:14:24.625Z,2026-02-02T07:16:22.842Z,,,,
ميني-تيبس,,,,,أشكال,أربعة ,,,,,,Available,30,,,,https://assets.wuiltstore.com/cml4nod6z01s101gn8nn62txm_1000210566.webp,,,https://lolishop.wuiltstore.com/ar/product/all/ميني-تيبس,,,,,,,
ميني-تيبس,,,,,أشكال,تلاتة ,,,,,,Available,30,,,,https://assets.wuiltstore.com/cml4nob5f01rz01gnfnq73mr7_1000210572.webp,,,https://lolishop.wuiltstore.com/ar/product/all/ميني-تيبس,,,,,,,
ميني-تيبس,,,,,أشكال,اتنين ,,,,,,Available,30,,,,https://assets.wuiltstore.com/cml4no95901rx01gnbervb8x7_1000210570.webp,,,https://lolishop.wuiltstore.com/ar/product/all/ميني-تيبس,,,,,,,
ميني-تيبس,,,,,أشكال,واحد,,,,,,Available,30,,,,https://assets.wuiltstore.com/cml4no80q01rw01gnh22o981f_1000210567.webp,,,https://lolishop.wuiltstore.com/ar/product/all/ميني-تيبس,,,,,,,
#NAME?,ميني هايلايتر فسفوري M.G ,,ميني هايلايتر فسفوري M.G ,,,,,,,,,Available,90,85,,https://assets.wuiltstore.com/cmkpyomny0eky01gn2wqzgjdp_1000199537.webp https://assets.wuiltstore.com/cmkpyonvx0ekz01gn8ip6fnz6_1000199538.webp https://assets.wuiltstore.com/cmkpyop1f0el001gnc3qpgq1k_1000199541.webp https://assets.wuiltstore.com/cmkpyoqac0el101gnfazoh9sc_1000199539.webp https://assets.wuiltstore.com/cmkpyorrg0el201gn3e78h8pa_1000199542.webp https://assets.wuiltstore.com/cmkpyot0z0el301gnedqehzce_1000199543.webp https://assets.wuiltstore.com/cmkpyov3g0el501gnabtm8fu5_1000199540.webp https://assets.wuiltstore.com/cmkpyou1e0el401gnbayxft9c_1000199544.webp,,ACTIVE,هايلايتر ,https://lolishop.wuiltstore.com/ar/product/all/---m-g,Global,2026-01-23T00:26:06.674Z,2026-02-02T00:22:44.762Z,,,,
---m-g-,ميني هايلايتر فسفوري M.G,,ميني هايلايتر فسفوري M.G,,,,,,,,,Available,95,85,,https://assets.wuiltstore.com/cmkpypy120ela01gndz9g11bq_1000199546.webp https://assets.wuiltstore.com/cmkpypz7s0elb01gn5srv6927_1000199545.webp https://assets.wuiltstore.com/cmkpyq0an0elc01gndmhggnv4_1000199547.webp https://assets.wuiltstore.com/cmkpyq1cc0eld01gn9ux63xhd_1000199550.webp https://assets.wuiltstore.com/cmkpyq2nf0ele01gn9y5ebc12_1000199549.webp https://assets.wuiltstore.com/cmkpyq3s90elf01gngb6haito_1000199548.webp https://assets.wuiltstore.com/cmkpyq5030elg01gn4uce99jq_1000199551.webp https://assets.wuiltstore.com/cmkpyq6980elh01gn9l3d8cgq_1000199552.webp https://assets.wuiltstore.com/cmkpyq8bx0elj01gnfv20c7wm_1000199553.webp https://assets.wuiltstore.com/cmkpyq7e80eli01gn264a5tkr_1000199554.webp,,ACTIVE,هايلايتر ,https://lolishop.wuiltstore.com/ar/product/all/---m-g-,Global,2026-01-23T00:27:08.116Z,2026-02-02T00:22:24.291Z,,,,
--,طقم هايلايتر بأستيكة 6 ألوان ,,طقم هايلايتر بأستيكة 6 ألوان ,,,,,,,,,Available,95,,,https://assets.wuiltstore.com/cmksvv4xv0kli01gndjoz1bod_1000202482.webp https://assets.wuiltstore.com/cmksvv60w0klj01gnhudshjle_1000202485.webp https://assets.wuiltstore.com/cmksvv72f0klk01gn2qzp347w_1000202483.webp https://assets.wuiltstore.com/cmksvv85o0kll01gn8dna0w4a_1000202486.webp https://assets.wuiltstore.com/cmksvv9b20klm01gn4kbkcf6k_1000202487.webp https://assets.wuiltstore.com/cmksvvalh0kln01gn89jga4cv_1000202488.webp https://assets.wuiltstore.com/cmksvvbql0klo01gnfto09jvb_1000202484.webp https://assets.wuiltstore.com/cmksvvcv70klp01gn3dpt8tg4_1000202480.webp https://assets.wuiltstore.com/cmksvve670klq01gn2crj9eng_1000202481.webp,,ACTIVE,هايلايتر ,https://lolishop.wuiltstore.com/ar/product/all/--,Global,2026-01-25T01:30:30.079Z,2026-02-02T00:21:42.583Z,,,,
---6-,طقم هايلايتر روايح 6 ألوان ,,طقم هايلايتر روايح 6 ألوان ,,,,,,,,,Available,160,150,,https://assets.wuiltstore.com/cmkuotfxi0poc01gn8d742448_1000203007.webp https://assets.wuiltstore.com/cmkuotgvp0pod01gn9uei28zo_1000203006.webp https://assets.wuiltstore.com/cmkuoths30poe01gn6slab7es_1000203005.webp https://assets.wuiltstore.com/cmkuotisd0pof01gn2h6jhpjs_1000203004.webp https://assets.wuiltstore.com/cmkuotjyb0pog01gn8csf9rf3_1000203003.webp https://assets.wuiltstore.com/cmkuotl5h0poh01gn1e0z8bm9_1000202999.webp https://assets.wuiltstore.com/cmkuotmbq0poi01gnhd4a1cya_1000203000.webp https://assets.wuiltstore.com/cmkuotorz0pok01gngnp0ghyu_1000203001.webp https://assets.wuiltstore.com/cmkuotnhk0poj01gn9hm96uxt_1000203002.webp,,ACTIVE,هايلايتر ,https://lolishop.wuiltstore.com/ar/product/all/---6-,Global,2026-01-26T07:48:46.003Z,2026-02-02T00:19:33.865Z,,,,
---,كوريكتور شريط و سائل ,,كوريكتور شريط و سائل ,,ألوان,ازرق,,,,,,Available,45,,,https://assets.wuiltstore.com/cmkx84zla0x1n01gn0k0h5mdj_1000203751.webp https://assets.wuiltstore.com/cmkx850q00x1o01gn9u2b1922_1000203750.webp https://assets.wuiltstore.com/cmkx851yg0x1p01gn5boket2d_1000203747.webp https://assets.wuiltstore.com/cmkx8538f0x1q01gnh2xpdms2_1000203744.webp https://assets.wuiltstore.com/cmkx854gu0x1r01gnfe6l20rx_1000203748.webp https://assets.wuiltstore.com/cmkx855my0x1s01gnd7al2i2v_1000203745.webp https://assets.wuiltstore.com/cmkx858080x1u01gn8y9icux7_1000203749.webp https://assets.wuiltstore.com/cmkx856ug0x1t01gne65yhbmp_1000203746.webp,https://assets.wuiltstore.com/cmkx84zla0x1n01gn0k0h5mdj_1000203751.webp,ACTIVE,منتجات أخري,https://lolishop.wuiltstore.com/ar/product/all/---,Global,2026-01-28T02:25:09.847Z,2026-02-02T00:17:27.514Z,,,,
---,,,,,ألوان,موف ,,,,,,Available,45,,,,https://assets.wuiltstore.com/cmkx855my0x1s01gnd7al2i2v_1000203745.webp,,,https://lolishop.wuiltstore.com/ar/product/all/---,,,,,,,
---,,,,,ألوان,بنك ,,,,,,Available,45,,,,https://assets.wuiltstore.com/cmkx851yg0x1p01gn5boket2d_1000203747.webp,,,https://lolishop.wuiltstore.com/ar/product/all/---,,,,,,,
مغناطيس-ثلاجة-تعليم-الصلاة,مغناطيس ثلاجة تعليم الصلاة,,مغناطيس ثلاجة تعليم الصلاة,,تعليم الصلاة,بناتي,,,,,,Available,40,35,,https://assets.wuiltstore.com/cml3p9lbt047k01gnczcs8qs1_IMG20260131231343.webp https://assets.wuiltstore.com/cml3p9nb0047l01gn0tkb5sao_IMG20260131231340.webp https://assets.wuiltstore.com/cml3p9p95047m01gn05pdbdrk_IMG20260131231332.webp https://assets.wuiltstore.com/cml3p9r84047n01gn88yadqe2_IMG20260131231327.webp https://assets.wuiltstore.com/cml3p9t5i047o01gn12vmhfu4_IMG20260131231238_BURST000_COVER.webp https://assets.wuiltstore.com/cml3p9v17047p01gncynfcpll_IMG20260131231238_BURST002.webp https://assets.wuiltstore.com/cml3p9za5047r01gn78gx2ng8_IMG20260131231206.webp https://assets.wuiltstore.com/cml3p9xam047q01gn685d3piv_IMG20260131231145.webp,https://assets.wuiltstore.com/cml3p9lbt047k01gnczcs8qs1_IMG20260131231343.webp,ACTIVE,شغل رمضان,https://lolishop.wuiltstore.com/ar/product/all/مغناطيس-ثلاجة-تعليم-الصلاة,Global,2026-02-01T15:11:14.774Z,2026-02-01T22:47:31.994Z,,,,
مغناطيس-ثلاجة-تعليم-الصلاة,,,,,تعليم الصلاة,أولادي,,,,,,Available,40,35,,,https://assets.wuiltstore.com/cml3p9p95047m01gn05pdbdrk_IMG20260131231332.webp,,,https://lolishop.wuiltstore.com/ar/product/all/مغناطيس-ثلاجة-تعليم-الصلاة,,,,,,,
مغناطيس-ثلاجة-أذكار-وعبارات-تشجيعية,مغناطيس ثلاجة أذكار وعبارات تشجيعية,,مغناطيس ثلاجة أذكار وعبارات تشجيعية,,,,,,,,,Available,40,35,,https://assets.wuiltstore.com/cml3p5yoz047101gn7pty8vc5_IMG20260131231435.webp https://assets.wuiltstore.com/cml3p60lc047201gn9t1f6ah9_IMG20260131231431.webp https://assets.wuiltstore.com/cml3p64ll047401gncqhi6f2i_IMG20260131231356.webp https://assets.wuiltstore.com/cml3p62pq047301gn07gxhis0_IMG20260131231353.webp,,ACTIVE,شغل رمضان,https://lolishop.wuiltstore.com/ar/product/all/مغناطيس-ثلاجة-أذكار-وعبارات-تشجيعية,Global,2026-02-01T15:08:25.382Z,2026-02-01T15:08:25.435Z,,,,
استيكر-ايموشن,استيكر ايموشن,,استيكر ايموشن,,,,,,,,,Available,15,,,https://assets.wuiltstore.com/cml3p3p5o046x01gn6w1l5qq6_IMG20260131231823.webp https://assets.wuiltstore.com/cml3p3nag046w01gnaea49f38_IMG20260131231734.webp,,ACTIVE,استيكر,https://lolishop.wuiltstore.com/ar/product/all/استيكر-ايموشن,Global,2026-02-01T15:06:37.509Z,2026-02-01T15:06:37.583Z,,,,
كارت-توك-منقار,كارت توك منقار ,,كارت توك منقار ,,توك,2,,,,,,Available,25,,,https://assets.wuiltstore.com/cml3k16uk03xk01gnekl60bdu_IMG20260131235336.webp https://assets.wuiltstore.com/cml3k1aak03xm01gn3olmaeo2_IMG20260131235423.webp https://assets.wuiltstore.com/cml3k18j503xl01gn8f1kg3qb_IMG20260131235415.webp,https://assets.wuiltstore.com/cml3k1aak03xm01gn3olmaeo2_IMG20260131235423.webp,ACTIVE,توكه وشنطة وشراب,https://lolishop.wuiltstore.com/ar/product/all/كارت-توك-منقار,Global,2026-02-01T12:44:44.903Z,2026-02-01T12:45:08.937Z,,,,
كارت-توك-منقار,,,,,توك,1,,,,,,Available,25,,,,https://assets.wuiltstore.com/cml3k16uk03xk01gnekl60bdu_IMG20260131235336.webp,,,https://lolishop.wuiltstore.com/ar/product/all/كارت-توك-منقار,,,,,,,
توكة-أستك-أطفال, توكة أستك أطفال,, توكة أستك أطفال,,توك أستك,6,,,,,,Available,25,,,https://assets.wuiltstore.com/cml3i6uio03uk01gn8k46hgvj_IMG20260201000000.webp https://assets.wuiltstore.com/cml3i6w0i03ul01gn17384vwm_IMG20260201000113.webp https://assets.wuiltstore.com/cml3i6xiu03um01gngta79ckq_IMG20260201000040.webp https://assets.wuiltstore.com/cml3i6yy603un01gn598cef76_IMG20260201000005.webp https://assets.wuiltstore.com/cml3i71zc03up01gn55yd0ysy_IMG20260131235853.webp https://assets.wuiltstore.com/cml3i738x03uq01gn1dqt5ago_IMG20260131235733.webp https://assets.wuiltstore.com/cml3i74re03ur01gn77oghf16_IMG20260131235708.webp https://assets.wuiltstore.com/cml3i76em03us01gnb4sw0i3x_IMG20260131235556.webp https://assets.wuiltstore.com/cml3i782003ut01gn5vjahilp_IMG20260131235541.webp https://assets.wuiltstore.com/cml3i7b8503uv01gn9d037qke_IMG20260131235512.webp https://assets.wuiltstore.com/cml3i79o203uu01gn0iah0zbk_IMG20260131235456.webp https://assets.wuiltstore.com/cml3i70hf03uo01gnbzjy0z1e_IMG20260131235913.webp,https://assets.wuiltstore.com/cml3i74re03ur01gn77oghf16_IMG20260131235708.webp,ACTIVE,توكه وشنطة وشراب,https://lolishop.wuiltstore.com/ar/product/all/توكة-أستك-أطفال,Global,2026-02-01T11:53:09.548Z,2026-02-01T12:39:50.888Z,,,,
توكة-أستك-أطفال,,,,,توك أستك,5,,,,,,Available,25,,,,https://assets.wuiltstore.com/cml3i76em03us01gnb4sw0i3x_IMG20260131235556.webp,,,https://lolishop.wuiltstore.com/ar/product/all/توكة-أستك-أطفال,,,,,,,
توكة-أستك-أطفال,,,,,توك أستك,4,,,,,,Available,25,,,,https://assets.wuiltstore.com/cml3i79o203uu01gn0iah0zbk_IMG20260131235456.webp,,,https://lolishop.wuiltstore.com/ar/product/all/توكة-أستك-أطفال,,,,,,,
توكة-أستك-أطفال,,,,,توك أستك,3,,,,,,Available,25,,,,https://assets.wuiltstore.com/cml3i70hf03uo01gnbzjy0z1e_IMG20260131235913.webp,,,https://lolishop.wuiltstore.com/ar/product/all/توكة-أستك-أطفال,,,,,,,
توكة-أستك-أطفال,,,,,توك أستك,2,,,,,,Available,25,,,,https://assets.wuiltstore.com/cml3i6w0i03ul01gn17384vwm_IMG20260201000113.webp,,,https://lolishop.wuiltstore.com/ar/product/all/توكة-أستك-أطفال,,,,,,,
توكة-أستك-أطفال,,,,,توك أستك,1,,,,,,Available,25,,,,https://assets.wuiltstore.com/cml3i6uio03uk01gn8k46hgvj_IMG20260201000000.webp,,,https://lolishop.wuiltstore.com/ar/product/all/توكة-أستك-أطفال,,,,,,,
قلم-أبيض,قلم أبيض ,,قلم أبيض ,,,,,,,,,Available,25,,,https://assets.wuiltstore.com/cml3co8xw03nv01gn2c3lenm6_IMG20260201000455.webp https://assets.wuiltstore.com/cml3co78w03nu01gn3m1s5t7a_IMG20260201000453.webp,,ACTIVE,أقلام ,https://lolishop.wuiltstore.com/ar/product/all/قلم-أبيض,Global,2026-02-01T09:18:41.503Z,2026-02-01T09:18:41.554Z,,,,
⁨‫قلم-تحبير-‫m-‫g⁩,قلم تحبير M.G,,قلم تحبير M.G,,,,,,,,,Available,45,40,,https://assets.wuiltstore.com/cml3cjy6n03np01gn7p324nwc_IMG20260201000634.webp https://assets.wuiltstore.com/cml3cjzuk03nq01gnhuz398bl_IMG20260201000631.webp https://assets.wuiltstore.com/cml3ck1f303nr01gn8bu220q9_IMG20260201000628.webp,,ACTIVE,أقلام ,https://lolishop.wuiltstore.com/ar/product/all/⁨‫قلم-تحبير-‫m-‫g⁩,Global,2026-02-01T09:15:23.037Z,2026-02-01T09:15:23.141Z,,,,
⁨‫أقلام-‫touch-‫youmei-أبيض⁩,أقلام touch youmei أبيض,,أقلام touch youmei أبيض,,,,,,,,,Available,25,,,https://assets.wuiltstore.com/cml3byamf03mt01gna4h56kgc_IMG20260201000545.webp https://assets.wuiltstore.com/cml3bydnt03mv01gna4szad6z_IMG20260201000550.webp https://assets.wuiltstore.com/cml3byc6r03mu01gn40r57pxz_IMG20260201000542.webp https://assets.wuiltstore.com/cml3bynj203mz01gn9jeo6qww_IMG_20260201_075637_133.webp,,ACTIVE,أقلام ,https://lolishop.wuiltstore.com/ar/product/all/⁨‫أقلام-‫touch-‫youmei-أبيض⁩,Global,2026-02-01T08:58:32.829Z,2026-02-01T08:58:49.954Z,,,,
نوته-سلك-قلاب-وسط, نوته سلك قلاب وسط,, نوته سلك قلاب وسط,,نوته,2,,,,,,Available,45,40,,https://assets.wuiltstore.com/cml3a4to003m901gng2kt3wbq_IMG20260201000821.webp https://assets.wuiltstore.com/cml3a4vjv03ma01gn5sna5v8d_IMG20260201000818.webp https://assets.wuiltstore.com/cml3a4z7w03mc01gnc5mognsr_IMG20260201000805.webp https://assets.wuiltstore.com/cml3a4xhg03mb01gn060o6uv6_IMG20260201000746.webp,https://assets.wuiltstore.com/cml3a4xhg03mb01gn060o6uv6_IMG20260201000746.webp,ACTIVE,دفاتر ونوت بوك,https://lolishop.wuiltstore.com/ar/product/all/نوته-سلك-قلاب-وسط,Global,2026-02-01T08:07:38.050Z,2026-02-01T08:08:09.753Z,,,,
نوته-سلك-قلاب-وسط,,,,,نوته,1,,,,,,Available,45,40,,,https://assets.wuiltstore.com/cml3a4to003m901gng2kt3wbq_IMG20260201000821.webp,,,https://lolishop.wuiltstore.com/ar/product/all/نوته-سلك-قلاب-وسط,,,,,,,
ميدالية-لابوبو,ميدالية لابوبو,,ميدالية لابوبو,,ميدالية,6,,,,,,Available,50,45,,https://assets.wuiltstore.com/cml3a036103m101gnhbin8fqx_IMG20260201001127.webp https://assets.wuiltstore.com/cml3a04v803m201gn2t879x6w_IMG20260201001057.webp https://assets.wuiltstore.com/cml3a06m403m301gn6l1t4wji_IMG20260201001034.webp https://assets.wuiltstore.com/cml3a089n03m401gnafj5a2r1_IMG20260201001004.webp https://assets.wuiltstore.com/cml3a09vt03m501gn3qgch9vw_IMG20260201000941.webp https://assets.wuiltstore.com/cml3a0bk103m601gn8up300ti_IMG20260201000920.webp https://assets.wuiltstore.com/cml3a0d6503m701gnfkf70s1g_IMG20260201000913.webp,https://assets.wuiltstore.com/cml3a0bk103m601gn8up300ti_IMG20260201000920.webp,ACTIVE,ألعاب ,https://lolishop.wuiltstore.com/ar/product/all/ميدالية-لابوبو,Global,2026-02-01T08:03:57.272Z,2026-02-01T08:05:08.340Z,,,,
ميدالية-لابوبو,,,,,ميدالية,5,,,,,,Available,50,45,,,https://assets.wuiltstore.com/cml3a09vt03m501gn3qgch9vw_IMG20260201000941.webp,,,https://lolishop.wuiltstore.com/ar/product/all/ميدالية-لابوبو,,,,,,,
ميدالية-لابوبو,,,,,ميدالية,4,,,,,,Available,50,45,,,https://assets.wuiltstore.com/cml3a089n03m401gnafj5a2r1_IMG20260201001004.webp,,,https://lolishop.wuiltstore.com/ar/product/all/ميدالية-لابوبو,,,,,,,
ميدالية-لابوبو,,,,,ميدالية,3,,,,,,Available,50,45,,,https://assets.wuiltstore.com/cml3a06m403m301gn6l1t4wji_IMG20260201001034.webp,,,https://lolishop.wuiltstore.com/ar/product/all/ميدالية-لابوبو,,,,,,,
ميدالية-لابوبو,,,,,ميدالية,2,,,,,,Available,50,45,,,https://assets.wuiltstore.com/cml3a04v803m201gn2t879x6w_IMG20260201001057.webp,,,https://lolishop.wuiltstore.com/ar/product/all/ميدالية-لابوبو,,,,,,,
ميدالية-لابوبو,,,,,ميدالية,1,,,,,,Available,50,45,,,https://assets.wuiltstore.com/cml3a036103m101gnhbin8fqx_IMG20260201001127.webp,,,https://lolishop.wuiltstore.com/ar/product/all/ميدالية-لابوبو,,,,,,,
قلم-جيل-كرومي-رصاص-مبيخلصش,قلم جيل كرومي رصاص مبيخلصش ,,قلم جيل كرومي رصاص مبيخلصش ,,,,,,,,,Available,20,,,https://assets.wuiltstore.com/cml2zsj05039401gn7iuqfhd2_1000203694.webp https://assets.wuiltstore.com/cml2zsee3038z01gn0z6u5wum_1000203698.webp https://assets.wuiltstore.com/cml2zsf9z039001gn3rpa5d42_1000203695.webp https://assets.wuiltstore.com/cml2zsg6p039101gn6zjk1r5h_1000203699.webp https://assets.wuiltstore.com/cml2zsh66039201gn1c9xh6jh_1000203696.webp https://assets.wuiltstore.com/cml2zsi2z039301gn7vun4m49_1000203700.webp https://assets.wuiltstore.com/cml2zsjw0039501gngt7wh5yr_1000203697.webp,,ACTIVE,أقلام ,https://lolishop.wuiltstore.com/ar/product/all/قلم-جيل-كرومي-رصاص-مبيخلصش,Global,2026-02-01T03:18:02.656Z,2026-02-01T08:04:20.070Z,,,,
طوق-فيونكه,طوق فيونكه,,طوق فيونكه,,طوق,لبني,,,,,,Available,35,28,,https://assets.wuiltstore.com/cml38wnp603lo01gncoezglkp_IMG20260201001243.webp https://assets.wuiltstore.com/cml38wpgb03lp01gngvtj5jii_IMG20260201001257.webp https://assets.wuiltstore.com/cml38wr2h03lq01gnexvyaozl_IMG20260201001222.webp,https://assets.wuiltstore.com/cml38wr2h03lq01gnexvyaozl_IMG20260201001222.webp,ACTIVE,توكه وشنطة وشراب,https://lolishop.wuiltstore.com/ar/product/all/طوق-فيونكه,Global,2026-02-01T07:33:17.559Z,2026-02-01T08:01:22.863Z,,,,
طوق-فيونكه,,,,,طوق,أخضر,,,,,,Available,35,28,,,https://assets.wuiltstore.com/cml38wpgb03lp01gngvtj5jii_IMG20260201001257.webp,,,https://lolishop.wuiltstore.com/ar/product/all/طوق-فيونكه,,,,,,,
طوق-فيونكه,,,,,طوق,موف,,,,,,Available,35,28,,,https://assets.wuiltstore.com/cml38wnp603lo01gncoezglkp_IMG20260201001243.webp,,,https://lolishop.wuiltstore.com/ar/product/all/طوق-فيونكه,,,,,,,
لل,استيكي نوت غير لاصق ,,لل,,أشكال,عشرة,,,,,,Available,30,,,https://assets.wuiltstore.com/cml308nnh03ad01gnbpm930nl_1000209208.webp https://assets.wuiltstore.com/cml308eka03a301gn22so12tb_1000209221.webp https://assets.wuiltstore.com/cml308fho03a401gnc9e20q1d_1000209220.webp https://assets.wuiltstore.com/cml308gdw03a501gnan1p0lzs_1000209217.webp https://assets.wuiltstore.com/cml308hbr03a601gn6fx65twt_1000209219.webp https://assets.wuiltstore.com/cml308i7903a701gn64qfawk8_1000209218.webp https://assets.wuiltstore.com/cml308j0a03a801gnakk70f0g_1000209216.webp https://assets.wuiltstore.com/cml308jz903a901gnc4nk562g_1000209215.webp https://assets.wuiltstore.com/cml308kwo03aa01gn5e5t6a31_1000209214.webp https://assets.wuiltstore.com/cml308lts03ab01gn1duxarrq_1000209212.webp https://assets.wuiltstore.com/cml308mrd03ac01gnefgt62ek_1000209211.webp https://assets.wuiltstore.com/cml308omc03ae01gn5gj9f6th_1000209209.webp https://assets.wuiltstore.com/cml308piy03af01gnfw9ihmj8_1000209210.webp https://assets.wuiltstore.com/cml308qg603ag01gn9gpegjpt_1000209207.webp https://assets.wuiltstore.com/cml308rcc03ah01gndbeq10yj_1000209206.webp https://assets.wuiltstore.com/cml308s9w03ai01gn2vd45c6i_1000210581.webp https://assets.wuiltstore.com/cml308t4y03aj01gng8oyc02o_1000210582.webp https://assets.wuiltstore.com/cml308uxr03al01gnh95i4dok_1000210584.webp https://assets.wuiltstore.com/cml308vtn03am01gnehdqbil8_1000210583.webp https://assets.wuiltstore.com/cml308wpx03an01gnh9w420zb_1000210586.webp https://assets.wuiltstore.com/cml308xjp03ao01gn5744c4py_1000210587.webp https://assets.wuiltstore.com/cml308yic03ap01gn5qjy0bou_1000210588.webp https://assets.wuiltstore.com/cml3091cb03as01gn6n9q4lii_1000210590.webp https://assets.wuiltstore.com/cml3090id03ar01gnexvp5vd0_1000210589.webp https://assets.wuiltstore.com/cml308u1j03ak01gn2rq246uq_1000210585.webp,https://assets.wuiltstore.com/cml308gdw03a501gnan1p0lzs_1000209217.webp,ACTIVE,استيكي نوت وفواصل ,https://lolishop.wuiltstore.com/ar/product/all/لل,Global,2026-02-01T03:30:29.379Z,2026-02-01T08:00:47.712Z,,,,
لل,,,,,أشكال,تسعة,,,,,,Available,30,,,,https://assets.wuiltstore.com/cml3091cb03as01gn6n9q4lii_1000210590.webp,,,https://lolishop.wuiltstore.com/ar/product/all/لل,,,,,,,
لل,,,,,أشكال,تمانية,,,,,,Available,30,,,,https://assets.wuiltstore.com/cml308wpx03an01gnh9w420zb_1000210586.webp,,,https://lolishop.wuiltstore.com/ar/product/all/لل,,,,,,,
لل,,,,,أشكال,سبعة ,,,,,,Available,30,,,,https://assets.wuiltstore.com/cml308s9w03ai01gn2vd45c6i_1000210581.webp,,,https://lolishop.wuiltstore.com/ar/product/all/لل,,,,,,,
لل,,,,,أشكال,ستة ,,,,,,Available,30,,,,https://assets.wuiltstore.com/cml308piy03af01gnfw9ihmj8_1000209210.webp,,,https://lolishop.wuiltstore.com/ar/product/all/لل,,,,,,,
لل,,,,,أشكال,خمسة ,,,,,,Available,30,,,,https://assets.wuiltstore.com/cml308mrd03ac01gnefgt62ek_1000209211.webp,,,https://lolishop.wuiltstore.com/ar/product/all/لل,,,,,,,
لل,,,,,أشكال,اربعة,,,,,,Available,30,,,,https://assets.wuiltstore.com/cml308lts03ab01gn1duxarrq_1000209212.webp,,,https://lolishop.wuiltstore.com/ar/product/all/لل,,,,,,,
لل,,,,,أشكال,تلاتة ,,,,,,Available,30,,,,https://assets.wuiltstore.com/cml308i7903a701gn64qfawk8_1000209218.webp,,,https://lolishop.wuiltstore.com/ar/product/all/لل,,,,,,,
لل,,,,,أشكال,اتنين ,,,,,,Available,30,,,,https://assets.wuiltstore.com/cml308fho03a401gnc9e20q1d_1000209220.webp,,,https://lolishop.wuiltstore.com/ar/product/all/لل,,,,,,,
لل,,,,,أشكال,واحد,,,,,,Available,30,,,,https://assets.wuiltstore.com/cml308eka03a301gn22so12tb_1000209221.webp,,,https://lolishop.wuiltstore.com/ar/product/all/لل,,,,,,,
تودوليست-1,تودوليست ,,تودوليست ,,أشكال,تلاتة ,,,,,,Available,45,40,,https://assets.wuiltstore.com/cml2zve0s039e01gnfrh0gc3b_1000209196.webp https://assets.wuiltstore.com/cml2zvf8p039f01gn0t0ackui_1000209197.webp https://assets.wuiltstore.com/cml2zvgmf039g01gn2byaf7wp_1000209198.webp https://assets.wuiltstore.com/cml2zvhxd039h01gn26qm99xd_1000209201.webp https://assets.wuiltstore.com/cml2zvj84039i01gn0lcc8j6e_1000209200.webp https://assets.wuiltstore.com/cml2zvkec039j01gn2ee4f2mz_1000209199.webp https://assets.wuiltstore.com/cml2zvllp039k01gn5uurarfe_1000209202.webp https://assets.wuiltstore.com/cml2zvmsn039l01gn0kf961ii_1000209203.webp https://assets.wuiltstore.com/cml2zvp9y039n01gn0ngo6nh9_1000209204.webp https://assets.wuiltstore.com/cml2zvo24039m01gn0lvvcf2i_1000209205.webp,https://assets.wuiltstore.com/cml2zvp9y039n01gn0ngo6nh9_1000209204.webp,ACTIVE,بلانر وتودوليست,https://lolishop.wuiltstore.com/ar/product/all/تودوليست-1,Global,2026-02-01T03:20:22.038Z,2026-02-01T03:21:11.611Z,,,,
تودوليست-1,,,,,أشكال,اتنين ,,,,,,Available,45,40,,,https://assets.wuiltstore.com/cml2zvhxd039h01gn26qm99xd_1000209201.webp,,,https://lolishop.wuiltstore.com/ar/product/all/تودوليست-1,,,,,,,
تودوليست-1,,,,,أشكال,واحد,,,,,,Available,45,40,,,https://assets.wuiltstore.com/cml2zvgmf039g01gn2byaf7wp_1000209198.webp,,,https://lolishop.wuiltstore.com/ar/product/all/تودوليست-1,,,,,,,
قلم-جيل-قلوب,قلم جيل قلوب ,,قلم جيل قلوب ,,أشكال,خمسة ,,,,,,Available,15,,,https://assets.wuiltstore.com/cml2zpp2p038i01gnhkh381iy_1000203681.webp https://assets.wuiltstore.com/cml2zpk9k038d01gnbin05nsu_1000203687.webp https://assets.wuiltstore.com/cml2zpl5y038e01gn1nxq0oyk_1000203684.webp https://assets.wuiltstore.com/cml2zpm1y038f01gnawdwhsil_1000203685.webp https://assets.wuiltstore.com/cml2zpmz7038g01gncdjle945_1000203686.webp https://assets.wuiltstore.com/cml2zpo4t038h01gn7jo572gs_1000203683.webp https://assets.wuiltstore.com/cml2zppzh038j01gn25jdgy9o_1000203682.webp https://assets.wuiltstore.com/cml2zpqvz038k01gn85nof7q3_1000203680.webp https://assets.wuiltstore.com/cml2zprs0038l01gn6ii4bdct_1000210613.webp https://assets.wuiltstore.com/cml2zpstv038m01gnbuyo89ks_1000210611.webp https://assets.wuiltstore.com/cml2zptsu038n01gncjku6a1q_1000210612.webp https://assets.wuiltstore.com/cml2zpvte038p01gn5rbr2n8k_1000210614.webp https://assets.wuiltstore.com/cml2zpuu2038o01gn0m725o3f_1000210610.webp,https://assets.wuiltstore.com/cml2zpuu2038o01gn0m725o3f_1000210610.webp,ACTIVE,أقلام ,https://lolishop.wuiltstore.com/ar/product/all/قلم-جيل-قلوب,Global,2026-02-01T03:15:50.271Z,2026-02-01T03:18:29.800Z,,,,
قلم-جيل-قلوب,,,,,أشكال,اربعة,,,,,,Available,15,,,,https://assets.wuiltstore.com/cml2zpvte038p01gn5rbr2n8k_1000210614.webp,,,https://lolishop.wuiltstore.com/ar/product/all/قلم-جيل-قلوب,,,,,,,
قلم-جيل-قلوب,,,,,أشكال,تلاتة ,,,,,,Available,15,,,,https://assets.wuiltstore.com/cml2zptsu038n01gncjku6a1q_1000210612.webp,,,https://lolishop.wuiltstore.com/ar/product/all/قلم-جيل-قلوب,,,,,,,
قلم-جيل-قلوب,,,,,أشكال,اتنين ,,,,,,Available,15,,,,https://assets.wuiltstore.com/cml2zpstv038m01gnbuyo89ks_1000210611.webp,,,https://lolishop.wuiltstore.com/ar/product/all/قلم-جيل-قلوب,,,,,,,
قلم-جيل-قلوب,,,,,أشكال,واحد,,,,,,Available,15,,,,https://assets.wuiltstore.com/cml2zprs0038l01gn6ii4bdct_1000210613.webp,,,https://lolishop.wuiltstore.com/ar/product/all/قلم-جيل-قلوب,,,,,,,
ميدالية-استيتش-وجيري,ميدالية استيتش وجيري,,ميدالية استيتش وجيري,,ميدالية,1,,,,,,Available,50,45,,https://assets.wuiltstore.com/cml2zjqrd037o01gn4l9k741z_IMG20260201011440.webp https://assets.wuiltstore.com/cml2zjsc0037p01gndzcsabuz_IMG20260201011413.webp https://assets.wuiltstore.com/cml2zjtud037q01gne7veav7e_IMG20260201011344.webp https://assets.wuiltstore.com/cml2zjvh5037r01gn3cpm87cs_IMG20260201011328.webp https://assets.wuiltstore.com/cml2zjx25037s01gngmeabiqd_IMG20260201005821.webp https://assets.wuiltstore.com/cml2zjypc037t01gncpk13nal_IMG20260201005758.webp https://assets.wuiltstore.com/cml2zk0e3037u01gn5h952n5f_IMG20260201005726.webp https://assets.wuiltstore.com/cml2zk3mu037w01gn45tm4h5h_IMG20260201005718.webp https://assets.wuiltstore.com/cml2zk1z4037v01gn34iygiwi_IMG20260201005541.webp,https://assets.wuiltstore.com/cml2zjsc0037p01gndzcsabuz_IMG20260201011413.webp,ACTIVE,توكه وشنطة وشراب,https://lolishop.wuiltstore.com/ar/product/all/ميدالية-استيتش-وجيري,Global,2026-02-01T03:11:18.557Z,2026-02-01T03:12:15.267Z,,,,
ميدالية-استيتش-وجيري,,,,,ميدالية,5,,,,,,Available,50,45,,,https://assets.wuiltstore.com/cml2zk1z4037v01gn34iygiwi_IMG20260201005541.webp,,,https://lolishop.wuiltstore.com/ar/product/all/ميدالية-استيتش-وجيري,,,,,,,
ميدالية-استيتش-وجيري,,,,,ميدالية,4,,,,,,Available,50,45,,,https://assets.wuiltstore.com/cml2zk0e3037u01gn5h952n5f_IMG20260201005726.webp,,,https://lolishop.wuiltstore.com/ar/product/all/ميدالية-استيتش-وجيري,,,,,,,
ميدالية-استيتش-وجيري,,,,,ميدالية,3,,,,,,Available,50,45,,,https://assets.wuiltstore.com/cml2zjx25037s01gngmeabiqd_IMG20260201005821.webp,,,https://lolishop.wuiltstore.com/ar/product/all/ميدالية-استيتش-وجيري,,,,,,,
ميدالية-استيتش-وجيري,,,,,ميدالية,2,,,,,,Available,50,45,,,https://assets.wuiltstore.com/cml2zjvh5037r01gn3cpm87cs_IMG20260201011328.webp,,,https://lolishop.wuiltstore.com/ar/product/all/ميدالية-استيتش-وجيري,,,,,,,
توك-قفاش-كبير,توك قفاش كبير,,توك قفاش كبير,,قفاش,5,,,,,,Available,35,28,,https://assets.wuiltstore.com/cml2zcrnz037g01gnfja1acz2_IMG20260201011525.webp https://assets.wuiltstore.com/cml2zcn2p037d01gn4fgva1jg_IMG20260201011509.webp https://assets.wuiltstore.com/cml2zcoiz037e01gn77a8hgu4_IMG20260201011609.webp https://assets.wuiltstore.com/cml2zcq3z037f01gn5aeb2epn_IMG20260201011553.webp https://assets.wuiltstore.com/cml2zcusp037i01gn5395b69m_IMG20260201011523.webp https://assets.wuiltstore.com/cml2zctak037h01gn0k3e43ei_IMG20260201011538.webp,https://assets.wuiltstore.com/cml2zctak037h01gn0k3e43ei_IMG20260201011538.webp,ACTIVE,توكه وشنطة وشراب,https://lolishop.wuiltstore.com/ar/product/all/توك-قفاش-كبير,Global,2026-02-01T03:05:47.197Z,2026-02-01T03:06:47.285Z,,,,
توك-قفاش-كبير,,,,,قفاش,4,,,,,,Available,35,28,,,https://assets.wuiltstore.com/cml2zcq3z037f01gn5aeb2epn_IMG20260201011553.webp,,,https://lolishop.wuiltstore.com/ar/product/all/توك-قفاش-كبير,,,,,,,
توك-قفاش-كبير,,,,,قفاش,3,,,,,,Available,35,28,,,https://assets.wuiltstore.com/cml2zcoiz037e01gn77a8hgu4_IMG20260201011609.webp,,,https://lolishop.wuiltstore.com/ar/product/all/توك-قفاش-كبير,,,,,,,
توك-قفاش-كبير,,,,,قفاش,2,,,,,,Available,35,28,,,https://assets.wuiltstore.com/cml2zcrnz037g01gnfja1acz2_IMG20260201011525.webp,,,https://lolishop.wuiltstore.com/ar/product/all/توك-قفاش-كبير,,,,,,,
توك-قفاش-كبير,,,,,قفاش,1,,,,,,Available,35,28,,,https://assets.wuiltstore.com/cml2zcn2p037d01gn4fgva1jg_IMG20260201011509.webp,,,https://lolishop.wuiltstore.com/ar/product/all/توك-قفاش-كبير,,,,,,,
مفرش-مكتب-أيكيا,مفرش مكتب أيكيا ,,مفرش مكتب أيكيا ,,ألوان,رمادي ,,,,,,Available,75,,,https://assets.wuiltstore.com/cmkvafjgy0r8s01gn3tj47fsb_1000202181.webp https://assets.wuiltstore.com/cmkvafgha0r8q01gn7zz7dsnu_1000202174.webp https://assets.wuiltstore.com/cmkvafl610r8t01gn1q33f3ll_1000202177.webp https://assets.wuiltstore.com/cmkvafmtr0r8u01gnbbf3g9j1_1000202178.webp https://assets.wuiltstore.com/cmkvafo950r8v01gnfg2ucagw_1000202179.webp https://assets.wuiltstore.com/cmkvafpl90r8w01gndpsehhtm_1000202180.webp,https://assets.wuiltstore.com/cmkvafjgy0r8s01gn3tj47fsb_1000202181.webp,ACTIVE,,https://lolishop.wuiltstore.com/ar/product/all/مفرش-مكتب-أيكيا,Global,2026-01-26T17:53:40.953Z,2026-02-01T02:10:03.643Z,,,,
مفرش-مكتب-أيكيا,,,,,ألوان,اصفر ,,,,,,Available,75,,,,https://assets.wuiltstore.com/cmkvafo950r8v01gnfg2ucagw_1000202179.webp,,,https://lolishop.wuiltstore.com/ar/product/all/مفرش-مكتب-أيكيا,,,,,,,
مفرش-مكتب-أيكيا,,,,,ألوان,اخضر ,,,,,,Available,75,,,,https://assets.wuiltstore.com/cmkvafgha0r8q01gn7zz7dsnu_1000202174.webp,,,https://lolishop.wuiltstore.com/ar/product/all/مفرش-مكتب-أيكيا,,,,,,,
فواصل-ارنوب-كبير,فواصل ارنوب كبير ,,فواصل ارنوب كبير ,,ألوان,ازرق,,,,,,Available,45,40,,https://assets.wuiltstore.com/cmkzwmpq100tv01gn9e3n5g1n_1000203094.webp https://assets.wuiltstore.com/cmkzwmgih00tn01gn69lw2uk6_1000203102.webp https://assets.wuiltstore.com/cmkzwmhm200to01gnhao02dpd_1000203096.webp https://assets.wuiltstore.com/cmkzwmio600tp01gnbpof307r_1000203099.webp https://assets.wuiltstore.com/cmkzwmjpx00tq01gna693hmbz_1000203100.webp https://assets.wuiltstore.com/cmkzwmlvb00ts01gn7n9c4b55_1000203097.webp https://assets.wuiltstore.com/cmkzwmn9g00tt01gn68ak72gq_1000203098.webp https://assets.wuiltstore.com/cmkzwmoi900tu01gn5yqf2gol_1000203095.webp https://assets.wuiltstore.com/cmkzwmkre00tr01gn1fcz0zkt_1000203101.webp,https://assets.wuiltstore.com/cmkzwmkre00tr01gn1fcz0zkt_1000203101.webp,ACTIVE,استيكي نوت وفواصل ,https://lolishop.wuiltstore.com/ar/product/all/فواصل-ارنوب-كبير,Global,2026-01-29T23:26:08.079Z,2026-02-01T02:06:00.649Z,,,,
فواصل-ارنوب-كبير,,,,,ألوان,بنك ,,,,,,Available,45,40,,,https://assets.wuiltstore.com/cmkzwmjpx00tq01gna693hmbz_1000203100.webp,,,https://lolishop.wuiltstore.com/ar/product/all/فواصل-ارنوب-كبير,,,,,,,
فواصل-ارنوب-كبير,,,,,ألوان,اخضر ,,,,,,Available,45,40,,,https://assets.wuiltstore.com/cmkzwmhm200to01gnhao02dpd_1000203096.webp,,,https://lolishop.wuiltstore.com/ar/product/all/فواصل-ارنوب-كبير,,,,,,,
فواصل-ارنوب-كبير,,,,,ألوان,اصفر ,,,,,,Available,45,40,,,https://assets.wuiltstore.com/cmkzwmgih00tn01gn69lw2uk6_1000203102.webp,,,https://lolishop.wuiltstore.com/ar/product/all/فواصل-ارنوب-كبير,,,,,,,
فواصل-كابيبرا,فواصل كابيبرا ,,فواصل كابيبرا ,,ألوان,موف ,,,,,,Available,45,40,,https://assets.wuiltstore.com/cml16fyr703e901gn2e8j7w5j_1000203191.webp https://assets.wuiltstore.com/cml16fpcv03e101gn6ubnaufp_1000203199.webp https://assets.wuiltstore.com/cml16fqid03e201gndxht0iym_1000203197.webp https://assets.wuiltstore.com/cml16frld03e301gn23jqhfov_1000203198.webp https://assets.wuiltstore.com/cml16fsqb03e401gn2yns0lfy_1000203193.webp https://assets.wuiltstore.com/cml16ftw003e501gncbtzejjc_1000203196.webp https://assets.wuiltstore.com/cml16fv4x03e601gn7bud2tgb_1000203195.webp https://assets.wuiltstore.com/cml16fwb803e701gn82nz2xfo_1000203192.webp https://assets.wuiltstore.com/cml16fxiy03e801gn9aka9k2y_1000203194.webp,https://assets.wuiltstore.com/cml16fxiy03e801gn9aka9k2y_1000203194.webp,ACTIVE,استيكي نوت وفواصل ,https://lolishop.wuiltstore.com/ar/product/all/فواصل-كابيبرا,Global,2026-01-30T20:48:35.293Z,2026-02-01T02:05:09.456Z,,,,
فواصل-كابيبرا,,,,,ألوان,ازرق,,,,,,Available,45,40,,,https://assets.wuiltstore.com/cml16fv4x03e601gn7bud2tgb_1000203195.webp,,,https://lolishop.wuiltstore.com/ar/product/all/فواصل-كابيبرا,,,,,,,
فواصل-كابيبرا,,,,,ألوان,اصفر ,,,,,,Available,45,40,,,https://assets.wuiltstore.com/cml16fsqb03e401gn2yns0lfy_1000203193.webp,,,https://lolishop.wuiltstore.com/ar/product/all/فواصل-كابيبرا,,,,,,,
فواصل-كابيبرا,,,,,ألوان,بنك ,,,,,,Available,45,40,,,https://assets.wuiltstore.com/cml16fpcv03e101gn6ubnaufp_1000203199.webp,,,https://lolishop.wuiltstore.com/ar/product/all/فواصل-كابيبرا,,,,,,,
jhj,فواصل هابي كيتي ,,Jhj,,ألوان,ستة,,,,,,Available,45,40,,https://assets.wuiltstore.com/cml1rnf5o00e901gn9i95hbmf_1000202923.webp https://assets.wuiltstore.com/cml1rne1q00e801gne5uu4g3e_1000202930.webp https://assets.wuiltstore.com/cml1rngfp00ea01gn3ww907u9_1000202931.webp https://assets.wuiltstore.com/cml1rnhjk00eb01gn3i20ee15_1000202934.webp https://assets.wuiltstore.com/cml1rnirt00ec01gn6b420sn6_1000202922.webp https://assets.wuiltstore.com/cml1rnjz700ed01gnbvvi574e_1000202933.webp https://assets.wuiltstore.com/cml1rnl1l00ee01gnb2sj17v7_1000202932.webp https://assets.wuiltstore.com/cml1rnm2q00ef01gne6b0acgv_1000202926.webp https://assets.wuiltstore.com/cml1rnn3x00eg01gn4wwwe8bb_1000202929.webp https://assets.wuiltstore.com/cml1rno7o00eh01gn24f8eiyl_1000202928.webp https://assets.wuiltstore.com/cml1rnpb700ei01gn6ung45so_1000202927.webp https://assets.wuiltstore.com/cml1rnqf300ej01gn6zrv3ytj_1000202924.webp https://assets.wuiltstore.com/cml1rnrin00ek01gn0pana2qq_1000202925.webp,https://assets.wuiltstore.com/cml1rnqf300ej01gn6zrv3ytj_1000202924.webp,ACTIVE,,https://lolishop.wuiltstore.com/ar/product/all/jhj,Global,2026-01-31T06:42:25.788Z,2026-02-01T02:04:13.565Z,,,,
jhj,,,,,ألوان,خمسة,,,,,,Available,45,40,,,https://assets.wuiltstore.com/cml1rnm2q00ef01gne6b0acgv_1000202926.webp,,,https://lolishop.wuiltstore.com/ar/product/all/jhj,,,,,,,
jhj,,,,,ألوان,أربعة ,,,,,,Available,45,40,,,https://assets.wuiltstore.com/cml1rnirt00ec01gn6b420sn6_1000202922.webp,,,https://lolishop.wuiltstore.com/ar/product/all/jhj,,,,,,,
jhj,,,,,ألوان,تلاتة ,,,,,,Available,45,40,,,https://assets.wuiltstore.com/cml1rnl1l00ee01gnb2sj17v7_1000202932.webp,,,https://lolishop.wuiltstore.com/ar/product/all/jhj,,,,,,,
jhj,,,,,ألوان,اتنين ,,,,,,Available,45,40,,,https://assets.wuiltstore.com/cml1rnf5o00e901gn9i95hbmf_1000202923.webp,,,https://lolishop.wuiltstore.com/ar/product/all/jhj,,,,,,,
jhj,,,,,ألوان,واحد ,,,,,,Available,45,40,,,https://assets.wuiltstore.com/cml1rne1q00e801gne5uu4g3e_1000202930.webp,,,https://lolishop.wuiltstore.com/ar/product/all/jhj,,,,,,,
تودوليست,تودوليست ,,تودوليست ,,اشكال,أربعة ,,,,,,Available,40,,,https://assets.wuiltstore.com/cml1t4qmw00fu01gn25lc1ibq_1000209193.webp https://assets.wuiltstore.com/cml1t4i9n00fn01gnfmcfbaa1_1000209186.webp https://assets.wuiltstore.com/cml1t4jf900fo01gnhwra5kty_1000209190.webp https://assets.wuiltstore.com/cml1t4kpk00fp01gndwozfkjc_1000209187.webp https://assets.wuiltstore.com/cml1t4lwn00fq01gn561k19x7_1000209189.webp https://assets.wuiltstore.com/cml1t4n2u00fr01gnbjgwhvx3_1000209188.webp https://assets.wuiltstore.com/cml1t4oal00fs01gn8obugabw_1000209191.webp https://assets.wuiltstore.com/cml1t4pef00ft01gn8xtg1wti_1000209192.webp https://assets.wuiltstore.com/cml1t4rup00fv01gn2346ahcc_1000209196.webp,https://assets.wuiltstore.com/cml1t4rup00fv01gn2346ahcc_1000209196.webp,ACTIVE,,https://lolishop.wuiltstore.com/ar/product/all/تودوليست,Global,2026-01-31T07:23:43.936Z,2026-02-01T02:03:41.279Z,,,,
تودوليست,,,,,اشكال,تلاتة ,,,,,,Available,40,,,,https://assets.wuiltstore.com/cml1t4qmw00fu01gn25lc1ibq_1000209193.webp,,,https://lolishop.wuiltstore.com/ar/product/all/تودوليست,,,,,,,
تودوليست,,,,,اشكال,اتنين ,,,,,,Available,40,,,,https://assets.wuiltstore.com/cml1t4jf900fo01gnhwra5kty_1000209190.webp,,,https://lolishop.wuiltstore.com/ar/product/all/تودوليست,,,,,,,
تودوليست,,,,,اشكال,واحد ,,,,,,Available,40,,,,https://assets.wuiltstore.com/cml1t4kpk00fp01gndwozfkjc_1000209187.webp,,,https://lolishop.wuiltstore.com/ar/product/all/تودوليست,,,,,,,
Product_cml1t6yub027601rab14ucdzs,قلم جيل أزرق كابيبرا ,,قلم جيل أزرق كابيبرا ,,أشكال,ستة ,,,,,,Available,15,,,https://assets.wuiltstore.com/cml1t6za400fy01gn8doqfiy7_1000203671.webp https://assets.wuiltstore.com/cml1t70h300fz01gn7w6dg5ri_1000203672.webp https://assets.wuiltstore.com/cml1t71iw00g001gn40qf5cob_1000203675.webp https://assets.wuiltstore.com/cml1t72lo00g101gn9ds4ba15_1000203678.webp https://assets.wuiltstore.com/cml1t73qp00g201gn325xdlnx_1000203677.webp https://assets.wuiltstore.com/cml1t74ri00g301gnd9tmev8i_1000203674.webp https://assets.wuiltstore.com/cml1t75um00g401gngy4c8vb6_1000203676.webp https://assets.wuiltstore.com/cml1t76yq00g501gne5rq2it8_1000203673.webp https://assets.wuiltstore.com/cml1t798u00g701gn06qw4z8u_1000203670.webp https://assets.wuiltstore.com/cml1t781v00g601gn7tlg6tcm_1000203679.webp,https://assets.wuiltstore.com/cml1t798u00g701gn06qw4z8u_1000203670.webp,ACTIVE,,,Global,2026-01-31T07:25:39.313Z,2026-01-31T07:28:01.242Z,,,,
,,,,,أشكال,خمسة ,,,,,,Available,15,,,,https://assets.wuiltstore.com/cml1t76yq00g501gne5rq2it8_1000203673.webp,,,,,,,,,,
,,,,,أشكال,أربعة ,,,,,,Available,15,,,,https://assets.wuiltstore.com/cml1t74ri00g301gnd9tmev8i_1000203674.webp,,,,,,,,,,
,,,,,أشكال,تلاتة ,,,,,,Available,15,,,,https://assets.wuiltstore.com/cml1t73qp00g201gn325xdlnx_1000203677.webp,,,,,,,,,,
,,,,,أشكال,اتنين ,,,,,,Available,15,,,,https://assets.wuiltstore.com/cml1t71iw00g001gn40qf5cob_1000203675.webp,,,,,,,,,,
,,,,,أشكال,واحد,,,,,,Available,15,,,,https://assets.wuiltstore.com/cml1t70h300fz01gn7w6dg5ri_1000203672.webp,,,,,,,,,,
فواصل-استيتش,فواصل استيتش ,,فواصل استيتش ,,,,,,,,,Available,40,35,,https://assets.wuiltstore.com/cml1sumv100f601gn5yu02qcj_1000203110.webp https://assets.wuiltstore.com/cml1suo5h00f701gnbr5g99sm_1000203111.webp https://assets.wuiltstore.com/cml1sup9o00f801gn9ddj2y3l_1000203109.webp https://assets.wuiltstore.com/cml1suqdi00f901gnew1567qx_1000203107.webp https://assets.wuiltstore.com/cml1surk200fa01gnf1kq9e7s_1000203103.webp https://assets.wuiltstore.com/cml1susn900fb01gncjup9eda_1000203108.webp https://assets.wuiltstore.com/cml1sutoj00fc01gn8t2q93sz_1000203105.webp https://assets.wuiltstore.com/cml1suvwe00fe01gnde64fdgf_1000203106.webp https://assets.wuiltstore.com/cml1suus200fd01gn94q8d2pm_1000203104.webp,,ACTIVE,استيكي نوت وفواصل ,https://lolishop.wuiltstore.com/ar/product/all/فواصل-استيتش,Global,2026-01-31T07:16:03.447Z,2026-01-31T07:16:03.511Z,,,,
لال,فواصل استيتش كبير ,,لال,,اشكال,أربعة ,,,,,,Available,40,,,https://assets.wuiltstore.com/cml1smy5600ev01gn8ycn8yvo_1000203159.webp https://assets.wuiltstore.com/cml1smz8200ew01gn33979j81_1000203155.webp https://assets.wuiltstore.com/cml1sn0bq00ex01gn4aw36icr_1000203152.webp https://assets.wuiltstore.com/cml1sn1h200ey01gndur0765t_1000203158.webp https://assets.wuiltstore.com/cml1sn2le00ez01gnhnb6g4rf_1000203153.webp https://assets.wuiltstore.com/cml1sn3oj00f001gn5b5pb42h_1000203161.webp https://assets.wuiltstore.com/cml1sn4tn00f101gn0tu2869t_1000203154.webp https://assets.wuiltstore.com/cml1sn5xz00f201gn3ui9ez17_1000203157.webp https://assets.wuiltstore.com/cml1sn79f00f301gn7002a07e_1000203162.webp https://assets.wuiltstore.com/cml1sn8iu00f401gn59x51ou2_1000203160.webp https://assets.wuiltstore.com/cml1sn9tp00f501gnenpi89db_1000203156.webp,https://assets.wuiltstore.com/cml1sn4tn00f101gn0tu2869t_1000203154.webp,ACTIVE,,https://lolishop.wuiltstore.com/ar/product/all/لال,Global,2026-01-31T07:10:04.631Z,2026-01-31T07:13:56.210Z,,,,
لال,,,,,اشكال,تلاتة ,,,,,,Available,40,,,,https://assets.wuiltstore.com/cml1sn2le00ez01gnhnb6g4rf_1000203153.webp,,,https://lolishop.wuiltstore.com/ar/product/all/لال,,,,,,,
لال,,,,,اشكال,اتنين ,,,,,,Available,40,,,,https://assets.wuiltstore.com/cml1smz8200ew01gn33979j81_1000203155.webp,,,https://lolishop.wuiltstore.com/ar/product/all/لال,,,,,,,
لال,,,,,اشكال,واحد ,,,,,,Available,40,,,,https://assets.wuiltstore.com/cml1smy5600ev01gn8ycn8yvo_1000203159.webp,,,https://lolishop.wuiltstore.com/ar/product/all/لال,,,,,,,
ةةة,فواصل كرومي صغير ,,ةةة,,ألوان,موف ,,,,,,Available,35,,,https://assets.wuiltstore.com/cml1shbc400el01gn7lya28z0_1000203663.webp https://assets.wuiltstore.com/cml1shcjm00em01gn5uf62asf_1000203662.webp https://assets.wuiltstore.com/cml1shdof00en01gn9z79bdhj_1000203667.webp https://assets.wuiltstore.com/cml1shesf00eo01gn0q0xe3fk_1000203664.webp https://assets.wuiltstore.com/cml1shg0l00ep01gnc97o9dmm_1000203665.webp https://assets.wuiltstore.com/cml1shh7100eq01gn029x49dx_1000203668.webp https://assets.wuiltstore.com/cml1shi8j00er01gnawjt0n3w_1000203666.webp https://assets.wuiltstore.com/cml1shjdo00es01gn87xi0h0f_1000203669.webp,https://assets.wuiltstore.com/cml1shjdo00es01gn87xi0h0f_1000203669.webp,ACTIVE,,https://lolishop.wuiltstore.com/ar/product/all/ةةة,Global,2026-01-31T07:05:41.849Z,2026-01-31T07:11:12.986Z,,,,
ةةة,,,,,ألوان,ازرق,,,,,,Available,35,,,,https://assets.wuiltstore.com/cml1shcjm00em01gn5uf62asf_1000203662.webp,,,https://lolishop.wuiltstore.com/ar/product/all/ةةة,,,,,,,
ةةة,,,,,ألوان,بنك ,,,,,,Available,35,,,,https://assets.wuiltstore.com/cml1shesf00eo01gn0q0xe3fk_1000203664.webp,,,https://lolishop.wuiltstore.com/ar/product/all/ةةة,,,,,,,
ممم,فواصل دينو كبير ,,ممم,,ألوان,بنك ,,,,,,Available,45,40,,https://assets.wuiltstore.com/cml168m2d03dp01gn601v8afm_1000203190.webp https://assets.wuiltstore.com/cml168nbu03dq01gn7cpgc1gc_1000203188.webp https://assets.wuiltstore.com/cml168oiv03dr01gn8y9rh9l2_1000203187.webp https://assets.wuiltstore.com/cml168plv03ds01gn9jtt7yfq_1000203186.webp https://assets.wuiltstore.com/cml168qsp03dt01gncl65abc1_1000203183.webp https://assets.wuiltstore.com/cml168kvj03do01gnhsl84zwj_1000203189.webp https://assets.wuiltstore.com/cml168tbb03dv01gnbda8h2dz_1000203184.webp https://assets.wuiltstore.com/cml168s2l03du01gncc1v79wy_1000203185.webp,https://assets.wuiltstore.com/cml168tbb03dv01gnbda8h2dz_1000203184.webp,ACTIVE,استيكي نوت وفواصل ,https://lolishop.wuiltstore.com/ar/product/all/ممم,Global,2026-01-30T20:43:02.845Z,2026-01-30T20:46:00.614Z,,,,
ممم,,,,,ألوان,ازرق,,,,,,Available,45,40,,,https://assets.wuiltstore.com/cml168nbu03dq01gn7cpgc1gc_1000203188.webp,,,https://lolishop.wuiltstore.com/ar/product/all/ممم,,,,,,,
ممم,,,,,ألوان,اصفر ,,,,,,Available,45,40,,,https://assets.wuiltstore.com/cml168oiv03dr01gn8y9rh9l2_1000203187.webp,,,https://lolishop.wuiltstore.com/ar/product/all/ممم,,,,,,,
⁨‫دفتر-‫200-ورقة-كبير-سيما⁩,دفتر 200 ورقة كبير سيما,,دفتر 200 ورقة كبير سيما,,,,,,,,,Available,125,115,,https://assets.wuiltstore.com/cmkyhpejo014001gnbq4xh522_IMG20260128223535.webp https://assets.wuiltstore.com/cmkyhpgho014101gn5bv97tpe_IMG20260128223558.webp,,ACTIVE,دفاتر ونوت بوك,https://lolishop.wuiltstore.com/ar/product/all/⁨‫دفتر-‫200-ورقة-كبير-سيما⁩,Global,2026-01-28T23:40:44.578Z,2026-01-28T23:40:44.672Z,,,,
بلانشيطة-جلد-أسود-مجوز,بلانشيطة جلد أسود مجوز,,بلانشيطة جلد أسود مجوز,,,,,,,,,Available,60,55,,https://assets.wuiltstore.com/cmkyhhkii013401gnayjg8bpy_IMG20260128095048.webp https://assets.wuiltstore.com/cmkyhhipg013301gna910a731_IMG20260128095110.webp,,ACTIVE,منتجات أخري,https://lolishop.wuiltstore.com/ar/product/all/بلانشيطة-جلد-أسود-مجوز,Global,2026-01-28T23:34:36.918Z,2026-01-28T23:34:37.017Z,,,,
مج-ايس-كوفي-جود-مورنيج,مج ايس كوفي جود مورنيج ,,مج ايس كوفي جود مورنيج ,,,,,,,,,Available,100,,,https://assets.wuiltstore.com/cmkxxoxvk0y6801gnfjarcnx9_1000203852.webp https://assets.wuiltstore.com/cmkxxoz4r0y6901gn3j1e1mq4_1000203855.webp https://assets.wuiltstore.com/cmkxxp1nj0y6b01gnhvjoa5hj_1000203854.webp https://assets.wuiltstore.com/cmkxxp0ft0y6a01gn6q8r71qj_1000203853.webp,,ACTIVE,مجات وزجاجة,https://lolishop.wuiltstore.com/ar/product/all/مج-ايس-كوفي-جود-مورنيج,Global,2026-01-28T14:20:31.042Z,2026-01-28T14:20:31.097Z,,,,
مج-ايس-كوفي-4,مج ايس كوفي ,,مج ايس كوفي ,,,,,,,,,Available,55,45,,https://assets.wuiltstore.com/cmkxxmkp80y5y01gnfm67f2ra_1000203847.webp https://assets.wuiltstore.com/cmkxxmlz30y5z01gn3yckg6fn_1000203848.webp https://assets.wuiltstore.com/cmkxxmnb20y6001gn8xl84mo1_1000203849.webp https://assets.wuiltstore.com/cmkxxmpn40y6201gnhx1r2bhe_1000203851.webp https://assets.wuiltstore.com/cmkxxmogl0y6101gn9cr36y4h_1000203850.webp,,ACTIVE,مجات وزجاجة,https://lolishop.wuiltstore.com/ar/product/all/مج-ايس-كوفي-4,Global,2026-01-28T14:18:40.635Z,2026-01-28T14:18:40.697Z,,,,
مج-ايس-كوفي-3,مج ايس كوفي ,,مج ايس كوفي ,,,,,,,,,Available,55,45,,https://assets.wuiltstore.com/cmkxxfhzb0y5801gnhemu1wax_1000203841.webp https://assets.wuiltstore.com/cmkxxfj970y5901gndr2gcpk6_1000203842.webp https://assets.wuiltstore.com/cmkxxfkjk0y5a01gn2z0r1vzv_1000203843.webp https://assets.wuiltstore.com/cmkxxflv40y5b01gnai7a2v8i_1000203846.webp https://assets.wuiltstore.com/cmkxxfog40y5d01gn13hy0kj0_1000203845.webp https://assets.wuiltstore.com/cmkxxfn6r0y5c01gnfe55fmq8_1000203844.webp,,ACTIVE,مجات وزجاجة,https://lolishop.wuiltstore.com/ar/product/all/مج-ايس-كوفي-3,Global,2026-01-28T14:13:10.541Z,2026-01-28T14:13:10.635Z,,,,
مج-ايس-كوفي-2,مج ايس كوفي ,,مج ايس كوفي ,,,,,,,,,Available,55,45,,https://assets.wuiltstore.com/cmkxxemdb0y4s01gn6xd1fxgt_1000203836.webp https://assets.wuiltstore.com/cmkxxenin0y4t01gn6ahk7avb_1000203837.webp https://assets.wuiltstore.com/cmkxxeosv0y4u01gncs1hha95_1000203840.webp https://assets.wuiltstore.com/cmkxxer890y4w01gn8wek4y6f_1000203839.webp https://assets.wuiltstore.com/cmkxxeq0d0y4v01gndmrx6jmo_1000203838.webp,,ACTIVE,مجات وزجاجة,https://lolishop.wuiltstore.com/ar/product/all/مج-ايس-كوفي-2,Global,2026-01-28T14:12:29.525Z,2026-01-28T14:12:29.623Z,,,,
مج-ايس-كوفي-1,مج ايس كوفي ,,مج ايس كوفي ,,,,,,,,,Available,55,45,,https://assets.wuiltstore.com/cmkxxdftp0y4n01gn5j6o6hz6_1000203831.webp https://assets.wuiltstore.com/cmkxxdh100y4o01gn8c4mad0c_1000203832.webp https://assets.wuiltstore.com/cmkxxdial0y4p01gnbl4c2j5b_1000203834.webp https://assets.wuiltstore.com/cmkxxdl0y0y4r01gnh2ric8gy_1000203833.webp https://assets.wuiltstore.com/cmkxxdjjp0y4q01gn3ideaflj_1000203835.webp,,ACTIVE,مجات وزجاجة,https://lolishop.wuiltstore.com/ar/product/all/مج-ايس-كوفي-1,Global,2026-01-28T14:11:34.484Z,2026-01-28T14:11:34.598Z,,,,
مج-ايس-كوفي,مج ايس كوفي ,,مج ايس كوفي ,,,,,,,,,Available,55,45,,https://assets.wuiltstore.com/cmkxxazgn0y4801gn5fei0g9d_1000203826.webp https://assets.wuiltstore.com/cmkxxb0ud0y4901gnd7lh5zn9_1000203827.webp https://assets.wuiltstore.com/cmkxxb26a0y4a01gn2ph09g91_1000203829.webp https://assets.wuiltstore.com/cmkxxb3i60y4b01gn77h62m5d_1000203830.webp https://assets.wuiltstore.com/cmkxxb4qx0y4c01gngnme7y0a_1000203828.webp,,ACTIVE,مجات وزجاجة,https://lolishop.wuiltstore.com/ar/product/all/مج-ايس-كوفي,Global,2026-01-28T14:09:39.939Z,2026-01-28T14:09:40.078Z,,,,
مبرد-أظافر-قطعتين,مبرد أظافر قطعتين ,,مبرد أظافر قطعتين ,,أشكال,خمسة ,,,,,,Available,25,,,https://assets.wuiltstore.com/cmkxx5upm0y3201gn442912yz_1000203809.webp https://assets.wuiltstore.com/cmkxx5vvd0y3301gn1nm55zbg_1000203808.webp https://assets.wuiltstore.com/cmkxx5x350y3401gnh3e675g0_1000203810.webp https://assets.wuiltstore.com/cmkxx5yep0y3501gn4jxs1ajg_1000203813.webp https://assets.wuiltstore.com/cmkxx5zm30y3601gn9hdaekwr_1000203816.webp https://assets.wuiltstore.com/cmkxx60t90y3701gnfylh73ue_1000203812.webp https://assets.wuiltstore.com/cmkxx623c0y3801gn7ryr7pbg_1000203815.webp https://assets.wuiltstore.com/cmkxx63ch0y3901gn9jz6a44k_1000203817.webp https://assets.wuiltstore.com/cmkxx65x40y3b01gnan5z37eq_1000203814.webp https://assets.wuiltstore.com/cmkxx64ix0y3a01gngqr308jm_1000203811.webp,https://assets.wuiltstore.com/cmkxx623c0y3801gn7ryr7pbg_1000203815.webp,ACTIVE,ادوات تجميل ,https://lolishop.wuiltstore.com/ar/product/all/مبرد-أظافر-قطعتين,Global,2026-01-28T14:05:40.498Z,2026-01-28T14:08:05.031Z,,,,
مبرد-أظافر-قطعتين,,,,,أشكال,أربعة ,,,,,,Available,25,,,,https://assets.wuiltstore.com/cmkxx5zm30y3601gn9hdaekwr_1000203816.webp,,,https://lolishop.wuiltstore.com/ar/product/all/مبرد-أظافر-قطعتين,,,,,,,
مبرد-أظافر-قطعتين,,,,,أشكال,تلاتة ,,,,,,Available,25,,,,https://assets.wuiltstore.com/cmkxx5x350y3401gnh3e675g0_1000203810.webp,,,https://lolishop.wuiltstore.com/ar/product/all/مبرد-أظافر-قطعتين,,,,,,,
مبرد-أظافر-قطعتين,,,,,أشكال,اتنين ,,,,,,Available,25,,,,https://assets.wuiltstore.com/cmkxx5vvd0y3301gn1nm55zbg_1000203808.webp,,,https://lolishop.wuiltstore.com/ar/product/all/مبرد-أظافر-قطعتين,,,,,,,
مبرد-أظافر-قطعتين,,,,,أشكال,واحد,,,,,,Available,25,,,,https://assets.wuiltstore.com/cmkxx5upm0y3201gn442912yz_1000203809.webp,,,https://lolishop.wuiltstore.com/ar/product/all/مبرد-أظافر-قطعتين,,,,,,,
مج-ارنوب-مضلع,مج ارنوب مضلع ,,مج ارنوب مضلع ,,,,,,,,,Available,95,85,,https://assets.wuiltstore.com/cmkxx17ae0y1k01gn4227g3ko_1000203819.webp https://assets.wuiltstore.com/cmkxx18gl0y1l01gnd7k4cs9w_1000203818.webp https://assets.wuiltstore.com/cmkxx19n40y1m01gnflg5a3sx_1000203821.webp https://assets.wuiltstore.com/cmkxx1auu0y1n01gn9c8yfjzb_1000203820.webp https://assets.wuiltstore.com/cmkxx1c0x0y1o01gnell81j8i_1000203823.webp https://assets.wuiltstore.com/cmkxx1d830y1p01gn202g2nl0_1000203822.webp https://assets.wuiltstore.com/cmkxx1efw0y1q01gnb12n3z8c_1000203824.webp https://assets.wuiltstore.com/cmkxx1fos0y1r01gnd0zr0mdd_1000203825.webp,,ACTIVE,مجات وزجاجة,https://lolishop.wuiltstore.com/ar/product/all/مج-ارنوب-مضلع,Global,2026-01-28T14:02:03.423Z,2026-01-28T14:02:03.538Z,,,,
كيس-صلصال-فوم,كيس صلصال فوم ,,كيس صلصال فوم ,,ألوان,أربعة ,,,,,,Available,25,,,https://assets.wuiltstore.com/cmkx8idzl0x2h01gn7qg898te_1000203788.webp https://assets.wuiltstore.com/cmkx8if8s0x2i01gn5bmufy0a_1000203784.webp https://assets.wuiltstore.com/cmkx8ighk0x2j01gn7j269wpt_1000203789.webp https://assets.wuiltstore.com/cmkx8ihqc0x2k01gn2qkjakc2_1000203795.webp https://assets.wuiltstore.com/cmkx8iiys0x2l01gn8vpk0vq0_1000203794.webp https://assets.wuiltstore.com/cmkx8ik810x2m01gn277xarjp_1000203790.webp https://assets.wuiltstore.com/cmkx8ilhz0x2n01gnfa9u5vm3_1000203796.webp https://assets.wuiltstore.com/cmkx8imr40x2o01gn7sa70ch5_1000203797.webp https://assets.wuiltstore.com/cmkx8io2u0x2p01gn4ws6ct5k_1000203798.webp https://assets.wuiltstore.com/cmkx8ipd30x2q01gn8wbaafij_1000203799.webp,https://assets.wuiltstore.com/cmkx8ipd30x2q01gn8wbaafij_1000203799.webp,ACTIVE,ألعاب ,https://lolishop.wuiltstore.com/ar/product/all/كيس-صلصال-فوم,Global,2026-01-28T02:35:33.178Z,2026-01-28T02:36:18.384Z,,,,
كيس-صلصال-فوم,,,,,ألوان,تلاتة ,,,,,,Available,25,,,,https://assets.wuiltstore.com/cmkx8iiys0x2l01gn8vpk0vq0_1000203794.webp,,,https://lolishop.wuiltstore.com/ar/product/all/كيس-صلصال-فوم,,,,,,,
كيس-صلصال-فوم,,,,,ألوان,اتنين ,,,,,,Available,25,,,,https://assets.wuiltstore.com/cmkx8ighk0x2j01gn7j269wpt_1000203789.webp,,,https://lolishop.wuiltstore.com/ar/product/all/كيس-صلصال-فوم,,,,,,,
كيس-صلصال-فوم,,,,,ألوان,واحد ,,,,,,Available,25,,,,https://assets.wuiltstore.com/cmkx8idzl0x2h01gn7qg898te_1000203788.webp,,,https://lolishop.wuiltstore.com/ar/product/all/كيس-صلصال-فوم,,,,,,,
كوب-كبير,كوب كبير ,,كوب كبير ,,أشكال,تلاتة ,,,,,,Available,55,45,,https://assets.wuiltstore.com/cmkx7y5po0x1501gn07qu0fi1_1000203728.webp https://assets.wuiltstore.com/cmkx7y7080x1601gnhrpy6eq6_1000203729.webp https://assets.wuiltstore.com/cmkx7y84k0x1701gn251vacba_1000203731.webp https://assets.wuiltstore.com/cmkx7y9cc0x1801gn8s67dr6t_1000203730.webp https://assets.wuiltstore.com/cmkx7yajg0x1901gnerzqaqhm_1000203734.webp https://assets.wuiltstore.com/cmkx7ybpj0x1a01gnffd9fprb_1000203733.webp https://assets.wuiltstore.com/cmkx7ycv90x1b01gnfvja4ufd_1000203737.webp https://assets.wuiltstore.com/cmkx7ye2w0x1c01gn9ya59nfy_1000203736.webp https://assets.wuiltstore.com/cmkx7ygfj0x1e01gne0gjgfre_1000203735.webp https://assets.wuiltstore.com/cmkx7yfa30x1d01gnagcgens1_1000203732.webp,https://assets.wuiltstore.com/cmkx7ycv90x1b01gnfvja4ufd_1000203737.webp,ACTIVE,مجات وزجاجة,https://lolishop.wuiltstore.com/ar/product/all/كوب-كبير,Global,2026-01-28T02:19:51.014Z,2026-01-28T02:20:22.939Z,,,,
كوب-كبير,,,,,أشكال,اتنين ,,,,,,Available,55,45,,,https://assets.wuiltstore.com/cmkx7y84k0x1701gn251vacba_1000203731.webp,,,https://lolishop.wuiltstore.com/ar/product/all/كوب-كبير,,,,,,,
كوب-كبير,,,,,أشكال,واحد,,,,,,Available,55,45,,,https://assets.wuiltstore.com/cmkx7y7080x1601gnhrpy6eq6_1000203729.webp,,,https://lolishop.wuiltstore.com/ar/product/all/كوب-كبير,,,,,,,
قلم-جيل-أزرق-كابيبرا,قلم جيل أزرق كابيبرا ,,قلم جيل أزرق كابيبرا ,,اشكال,ستة ,,,,,,Available,15,,,https://assets.wuiltstore.com/cmkx7i5130wzv01gn8awlayai_1000203679.webp https://assets.wuiltstore.com/cmkx7i69z0wzw01gnac8wcbvh_1000203678.webp https://assets.wuiltstore.com/cmkx7i7hl0wzx01gn2jql0r1t_1000203675.webp https://assets.wuiltstore.com/cmkx7i8og0wzy01gn8bfe2vpx_1000203676.webp https://assets.wuiltstore.com/cmkx7i9tz0wzz01gnb4144dlj_1000203677.webp https://assets.wuiltstore.com/cmkx7iax90x0001gnbt2k8bwf_1000203674.webp https://assets.wuiltstore.com/cmkx7ibyt0x0101gn4l68byem_1000203673.webp https://assets.wuiltstore.com/cmkx7id1j0x0201gnfno42gpr_1000203672.webp https://assets.wuiltstore.com/cmkx7ifca0x0401gn56cp13p0_1000203670.webp https://assets.wuiltstore.com/cmkx7ie760x0301gnh5z7gf00_1000203671.webp,https://assets.wuiltstore.com/cmkx7ifca0x0401gn56cp13p0_1000203670.webp,ACTIVE,أقلام ,https://lolishop.wuiltstore.com/ar/product/all/قلم-جيل-أزرق-كابيبرا,Global,2026-01-28T02:07:23.679Z,2026-01-28T02:09:11.710Z,,,,
قلم-جيل-أزرق-كابيبرا,,,,,اشكال,خمسة ,,,,,,Available,15,,,,https://assets.wuiltstore.com/cmkx7id1j0x0201gnfno42gpr_1000203672.webp,,,https://lolishop.wuiltstore.com/ar/product/all/قلم-جيل-أزرق-كابيبرا,,,,,,,
قلم-جيل-أزرق-كابيبرا,,,,,اشكال,أربعة ,,,,,,Available,15,,,,https://assets.wuiltstore.com/cmkx7ibyt0x0101gn4l68byem_1000203673.webp,,,https://lolishop.wuiltstore.com/ar/product/all/قلم-جيل-أزرق-كابيبرا,,,,,,,
قلم-جيل-أزرق-كابيبرا,,,,,اشكال,تلاتة ,,,,,,Available,15,,,,https://assets.wuiltstore.com/cmkx7iax90x0001gnbt2k8bwf_1000203674.webp,,,https://lolishop.wuiltstore.com/ar/product/all/قلم-جيل-أزرق-كابيبرا,,,,,,,
قلم-جيل-أزرق-كابيبرا,,,,,اشكال,اتنين ,,,,,,Available,15,,,,https://assets.wuiltstore.com/cmkx7i9tz0wzz01gnb4144dlj_1000203677.webp,,,https://lolishop.wuiltstore.com/ar/product/all/قلم-جيل-أزرق-كابيبرا,,,,,,,
قلم-جيل-أزرق-كابيبرا,,,,,اشكال,واحد ,,,,,,Available,15,,,,https://assets.wuiltstore.com/cmkx7i7hl0wzx01gn2jql0r1t_1000203675.webp,,,https://lolishop.wuiltstore.com/ar/product/all/قلم-جيل-أزرق-كابيبرا,,,,,,,
⁨‫طقم-هايلايتر-‫8-ألوان-باستل⁩,طقم هايلايتر 8 ألوان باستل ,,طقم هايلايتر 8 ألوان باستل ,,,,,,,,,Available,140,130,,https://assets.wuiltstore.com/cmkupra4q0pqm01gn5stnax22_1000202737.webp https://assets.wuiltstore.com/cmkupr3fv0pqg01gn1xzihsnz_1000202743.webp https://assets.wuiltstore.com/cmkupr2ca0pqf01gng6z42klw_1000202744.webp https://assets.wuiltstore.com/cmkupr4mv0pqh01gndqxl7iy7_1000202742.webp https://assets.wuiltstore.com/cmkupr5w70pqi01gndqc7f141_1000202741.webp https://assets.wuiltstore.com/cmkupr6wb0pqj01gnhsvo3l7z_1000202740.webp https://assets.wuiltstore.com/cmkupr7zz0pqk01gn6hql9mbd_1000202739.webp https://assets.wuiltstore.com/cmkupr94o0pql01gnhz2scc3g_1000202738.webp https://assets.wuiltstore.com/cmkuprc9t0pqo01gnd9owdtwe_1000202736.webp https://assets.wuiltstore.com/cmkuprb4v0pqn01gn4do63ayg_1000202735.webp,,ACTIVE,هايلايتر ,https://lolishop.wuiltstore.com/ar/product/all/⁨‫طقم-هايلايتر-‫8-ألوان-باستل⁩,Global,2026-01-26T08:14:54.651Z,2026-01-28T00:29:19.462Z,,,,
⁨‫طقم-هايلايتر-جليتر-‫5-ألوان⁩,طقم هايلايتر جليتر 5 ألوان ,,طقم هايلايتر جليتر 5 ألوان ,,,,,,,,,Available,100,95,,https://assets.wuiltstore.com/cmkupks7f0ppo01gn7b0cdldb_1000202771.webp https://assets.wuiltstore.com/cmkupkr610ppn01gn98fd64pm_1000202772.webp https://assets.wuiltstore.com/cmkupkp7o0ppl01gn8sx78lyz_1000202774.webp https://assets.wuiltstore.com/cmkupkq650ppm01gne655fey7_1000202773.webp https://assets.wuiltstore.com/cmkupktby0ppp01gnbtmjgfby_1000202770.webp https://assets.wuiltstore.com/cmkupkug20ppq01gn3g0x35e7_1000202769.webp https://assets.wuiltstore.com/cmkupkvhm0ppr01gn96gz4qec_1000202768.webp https://assets.wuiltstore.com/cmkupkwjh0pps01gnfrbigxnz_1000202767.webp https://assets.wuiltstore.com/cmkupkxo00ppt01gn5oji2jwt_1000202766.webp https://assets.wuiltstore.com/cmkupkywn0ppu01gncoi1d2ar_1000202765.webp,,ACTIVE,هايلايتر ,https://lolishop.wuiltstore.com/ar/product/all/⁨‫طقم-هايلايتر-جليتر-‫5-ألوان⁩,Global,2026-01-26T08:09:57.731Z,2026-01-28T00:26:28.454Z,,,,
⁨‫طقم-هايلايتر-‫6-ألوان⁩,طقم هايلايتر 6 ألوان ,,طقم هايلايتر 6 ألوان ,,,,,,,,,Available,150,,,https://assets.wuiltstore.com/cmkuq9e4m0psi01gnd17q314o_1000202715.webp https://assets.wuiltstore.com/cmkuq977c0psb01gngmu5f70x_1000202723.webp https://assets.wuiltstore.com/cmkuq96bx0psa01gnar917ety_1000202724.webp https://assets.wuiltstore.com/cmkuq985g0psc01gn2hf97pvl_1000202722.webp https://assets.wuiltstore.com/cmkuq99300psd01gn8qnk0v2n_1000202721.webp https://assets.wuiltstore.com/cmkuq9a0c0pse01gn8nkyfe4b_1000202720.webp https://assets.wuiltstore.com/cmkuq9b170psf01gn53sedxb6_1000202719.webp https://assets.wuiltstore.com/cmkuq9c2d0psg01gn0pfz9r5u_1000202718.webp https://assets.wuiltstore.com/cmkuq9d560psh01gnh58yc863_1000202717.webp https://assets.wuiltstore.com/cmkuq9f8l0psj01gnchcz74pd_1000202716.webp,,ACTIVE,هايلايتر ,https://lolishop.wuiltstore.com/ar/product/all/⁨‫طقم-هايلايتر-‫6-ألوان⁩,Global,2026-01-26T08:28:59.804Z,2026-01-28T00:25:16.527Z,,,,
بلانر-رجل-الفضاء,بلانر رجل الفضاء,,بلانر رجل الفضاء,,بلانر رجل الفضاء,4,,,,,,Available,190,175,,https://assets.wuiltstore.com/cmkwdci2a0udy01gn7imf07cg_IMG20260107153212_3628.webp https://assets.wuiltstore.com/cmkwdcjbw0udz01gn9uv2cwwa_IMG20260107153230_9490.webp https://assets.wuiltstore.com/cmkwdckmf0ue001gn31zb6hg2_IMG20260107153306_8843.webp https://assets.wuiltstore.com/cmkwdclxu0ue101gn5xcf7i1y_IMG20260107153315_4155.webp https://assets.wuiltstore.com/cmkwdcn6t0ue201gn9yd73odc_IMG20260107153332_5260.webp https://assets.wuiltstore.com/cmkwdcofi0ue301gnhveabupa_IMG20260107153345_8109.webp https://assets.wuiltstore.com/cmkwdcppg0ue401gng4eq44pi_IMG20260107153355_2862.webp https://assets.wuiltstore.com/cmkwdcs960ue601gn7otq4ytg_IMG20260107153852_6294.webp https://assets.wuiltstore.com/cmkwdcqy60ue501gnfcqh0lrr_IMG20260107154417_3562.webp,https://assets.wuiltstore.com/cmkwdcn6t0ue201gn9yd73odc_IMG20260107153332_5260.webp,ACTIVE,بلانر وتودوليست,https://lolishop.wuiltstore.com/ar/product/all/بلانر-رجل-الفضاء,Global,2026-01-27T12:03:12.177Z,2026-01-27T13:08:31.263Z,,,,
بلانر-رجل-الفضاء,,,,,بلانر رجل الفضاء,3,,,,,,Available,190,175,,,https://assets.wuiltstore.com/cmkwdclxu0ue101gn5xcf7i1y_IMG20260107153315_4155.webp,,,https://lolishop.wuiltstore.com/ar/product/all/بلانر-رجل-الفضاء,,,,,,,
بلانر-رجل-الفضاء,,,,,بلانر رجل الفضاء,2,,,,,,Available,190,175,,,https://assets.wuiltstore.com/cmkwdckmf0ue001gn31zb6hg2_IMG20260107153306_8843.webp,,,https://lolishop.wuiltstore.com/ar/product/all/بلانر-رجل-الفضاء,,,,,,,
بلانر-رجل-الفضاء,,,,,بلانر رجل الفضاء,1,,,,,,Available,190,175,,,https://assets.wuiltstore.com/cmkwdci2a0udy01gn7imf07cg_IMG20260107153212_3628.webp,,,https://lolishop.wuiltstore.com/ar/product/all/بلانر-رجل-الفضاء,,,,,,,
بلانر-كرومي-1,بلانر كرومي,,بلانر كرومي,,بلانر كرومي,4,,,,,,Available,180,160,,https://assets.wuiltstore.com/cmkwcdbzk0ucb01gn4scpettr_IMG_20251228_204501_483_5575.webp https://assets.wuiltstore.com/cmkwcdczw0ucc01gnc9hqdj5h_IMG_20251228_204501_945_4018.webp https://assets.wuiltstore.com/cmkwcddwx0ucd01gn65k212lu_IMG_20251228_204502_227_7600.webp https://assets.wuiltstore.com/cmkwcdexa0uce01gn2r3c831o_IMG_20251228_204502_153_4158.webp https://assets.wuiltstore.com/cmkwcdfuk0ucf01gnhfuf771w_IMG_20251228_204505_723_5648.webp https://assets.wuiltstore.com/cmkwcdgv30ucg01gngbsl82i0_IMG_20251228_204505_544_2173.webp https://assets.wuiltstore.com/cmkwcdhur0uch01gnf6ndd3qo_IMG_20251228_204505_354_5360.webp https://assets.wuiltstore.com/cmkwcdiw10uci01gn7usogdjz_IMG_20251228_204505_407_3149.webp https://assets.wuiltstore.com/cmkwcdju40ucj01gn6afb74py_IMG_20251228_204505_964_3905.webp https://assets.wuiltstore.com/cmkwcdkuq0uck01gn2zxzevgk_IMG_20251228_204501_328_7280__1_.webp,https://assets.wuiltstore.com/cmkwcdkuq0uck01gn2zxzevgk_IMG_20251228_204501_328_7280__1_.webp,ACTIVE,بلانر وتودوليست,https://lolishop.wuiltstore.com/ar/product/all/بلانر-كرومي-1,Global,2026-01-27T11:35:51.219Z,2026-01-27T11:40:23.568Z,,,,
بلانر-كرومي-1,,,,,بلانر كرومي,3,,,,,,Available,180,160,,,https://assets.wuiltstore.com/cmkwcdgv30ucg01gngbsl82i0_IMG_20251228_204505_544_2173.webp,,,https://lolishop.wuiltstore.com/ar/product/all/بلانر-كرومي-1,,,,,,,
بلانر-كرومي-1,,,,,بلانر كرومي,2,,,,,,Available,180,160,,,https://assets.wuiltstore.com/cmkwcdexa0uce01gn2r3c831o_IMG_20251228_204502_153_4158.webp,,,https://lolishop.wuiltstore.com/ar/product/all/بلانر-كرومي-1,,,,,,,
بلانر-كرومي-1,,,,,بلانر كرومي,1,,,,,,Available,180,160,,,https://assets.wuiltstore.com/cmkwcdbzk0ucb01gn4scpettr_IMG_20251228_204501_483_5575.webp,,,https://lolishop.wuiltstore.com/ar/product/all/بلانر-كرومي-1,,,,,,,
بلانر-لابوبو,بلانر لابوبو,,بلانر لابوبو,,بلانر لابوبو,4,,,,,,Available,170,150,,https://assets.wuiltstore.com/cmkwbw4vt0ubw01gn08l2hxu5_IMG_20260101_100203_463_2078.webp https://assets.wuiltstore.com/cmkwbw60f0ubx01gnh45heg7p_IMG_20260101_100205_983_5774.webp https://assets.wuiltstore.com/cmkwbw74f0uby01gnd7hrgoaq_IMG_20260101_100203_540_6404.webp https://assets.wuiltstore.com/cmkwbw85j0ubz01gn10wc6mxy_IMG_20260101_100203_538_6077.webp https://assets.wuiltstore.com/cmkwbw9690uc001gnd066gyup_IMG_20260101_100203_024_7465.webp https://assets.wuiltstore.com/cmkwbwa680uc101gn7jgm9yev_IMG_20260101_100205_459_6985.webp https://assets.wuiltstore.com/cmkwbwb670uc201gn09bl7mg9_IMG_20260101_100205_707_4009.webp https://assets.wuiltstore.com/cmkwbwcan0uc301gn3aagaeps_IMG_20260101_100205_729_1614.webp https://assets.wuiltstore.com/cmkwbwdfq0uc401gnbe69b2qh_IMG_20260101_100205_653_4314.webp,https://assets.wuiltstore.com/cmkwbwb670uc201gn09bl7mg9_IMG_20260101_100205_707_4009.webp,ACTIVE,بلانر وتودوليست,https://lolishop.wuiltstore.com/ar/product/all/بلانر-لابوبو,Global,2026-01-27T11:22:28.908Z,2026-01-27T11:25:57.554Z,,,,
بلانر-لابوبو,,,,,بلانر لابوبو,3,,,,,,Available,170,150,,,https://assets.wuiltstore.com/cmkwbwa680uc101gn7jgm9yev_IMG_20260101_100205_459_6985.webp,,,https://lolishop.wuiltstore.com/ar/product/all/بلانر-لابوبو,,,,,,,
بلانر-لابوبو,,,,,بلانر لابوبو,2,,,,,,Available,170,150,,,https://assets.wuiltstore.com/cmkwbw60f0ubx01gnh45heg7p_IMG_20260101_100205_983_5774.webp,,,https://lolishop.wuiltstore.com/ar/product/all/بلانر-لابوبو,,,,,,,
بلانر-لابوبو,,,,,بلانر لابوبو,1,,,,,,Available,170,150,,,https://assets.wuiltstore.com/cmkwbw4vt0ubw01gn08l2hxu5_IMG_20260101_100203_463_2078.webp,,,https://lolishop.wuiltstore.com/ar/product/all/بلانر-لابوبو,,,,,,,
كريم-جليسرين-افونا,كريم جليسرين افونا ,,كريم جليسرين افونا ,,,,,,,,,Available,35,,,https://assets.wuiltstore.com/cmkvvkl150tgf01gn33igdvyw_1000203727.webp https://assets.wuiltstore.com/cmkvvkn8u0tgh01gn1xg8aa1a_1000203726.webp https://assets.wuiltstore.com/cmkvvkm3p0tgg01gn5afcgesm_1000203725.webp,,ACTIVE,ادوات تجميل ,https://lolishop.wuiltstore.com/ar/product/all/كريم-جليسرين-افونا,Global,2026-01-27T03:45:36.175Z,2026-01-27T03:45:36.244Z,,,,
كريم-تمارا-للشعر,كريم تمارا للشعر ,,كريم تمارا للشعر ,,,,,,,,,Available,40,,,https://assets.wuiltstore.com/cmkvvgw1x0tg301gn1t5r0jq6_1000203724.webp https://assets.wuiltstore.com/cmkvvgx7h0tg401gngeeqft66_1000203723.webp https://assets.wuiltstore.com/cmkvvgye80tg501gnfime1bwy_1000203720.webp https://assets.wuiltstore.com/cmkvvh0qa0tg701gnfiephtog_1000203721.webp https://assets.wuiltstore.com/cmkvvgzjt0tg601gngg0r89hi_1000203722.webp,,ACTIVE,ادوات تجميل ,https://lolishop.wuiltstore.com/ar/product/all/كريم-تمارا-للشعر,Global,2026-01-27T03:42:43.866Z,2026-01-27T03:42:43.904Z,,,,
فواصل-كرومي,فواصل كرومي ,,فواصل كرومي ,,,,,,,,,Available,40,35,,https://assets.wuiltstore.com/cmkvv5j8z0te301gn6n4qaz53_1000203655.webp https://assets.wuiltstore.com/cmkvv5kh90te401gn2dmoa1qu_1000203657.webp https://assets.wuiltstore.com/cmkvv5lo30te501gn7hj49z8b_1000203659.webp https://assets.wuiltstore.com/cmkvv5mut0te601gnclv3b32y_1000203658.webp https://assets.wuiltstore.com/cmkvv5o2a0te701gndh7c96tn_1000203656.webp https://assets.wuiltstore.com/cmkvv5qf70te901gn5an658j6_1000203660.webp https://assets.wuiltstore.com/cmkvv5pbv0te801gn1de1ahit_1000203661.webp,,ACTIVE,استيكي نوت وفواصل ,https://lolishop.wuiltstore.com/ar/product/all/فواصل-كرومي,Global,2026-01-27T03:33:54.019Z,2026-01-27T03:33:54.073Z,,,,
مج-ايس-كوفي-يد-ألوان,مج ايس كوفي يد ألوان ,,مج ايس كوفي يد ألوان ,,ألوان,ازرق,,,,,,Available,100,,,https://assets.wuiltstore.com/cmkvv1m9q0tda01gngww190h9_1000203173.webp https://assets.wuiltstore.com/cmkvv1net0tdb01gn11nt6rkz_1000203174.webp https://assets.wuiltstore.com/cmkvv1oi30tdc01gnavelb4a6_1000203177.webp https://assets.wuiltstore.com/cmkvv1t490tdg01gnbmw69hx2_1000203178.webp https://assets.wuiltstore.com/cmkvv1pnz0tdd01gn2grob7ox_1000203180.webp https://assets.wuiltstore.com/cmkvv1qs60tde01gndffjh8xz_1000203179.webp https://assets.wuiltstore.com/cmkvv1ryh0tdf01gn05ixe1dq_1000203176.webp https://assets.wuiltstore.com/cmkvv1uag0tdh01gnbtho9pc4_1000203175.webp https://assets.wuiltstore.com/cmkvv1wq90tdj01gn4apw7y1z_1000203182.webp https://assets.wuiltstore.com/cmkvv1vjy0tdi01gn3x7afk2e_1000203181.webp,https://assets.wuiltstore.com/cmkvv1m9q0tda01gngww190h9_1000203173.webp,ACTIVE,مجات وزجاجة,https://lolishop.wuiltstore.com/ar/product/all/مج-ايس-كوفي-يد-ألوان,Global,2026-01-27T03:30:51.329Z,2026-01-27T03:31:21.075Z,,,,
مج-ايس-كوفي-يد-ألوان,,,,,ألوان,برتقالي ,,,,,,Available,100,,,,https://assets.wuiltstore.com/cmkvv1pnz0tdd01gn2grob7ox_1000203180.webp,,,https://lolishop.wuiltstore.com/ar/product/all/مج-ايس-كوفي-يد-ألوان,,,,,,,
مج-ايس-كوفي-يد-ألوان,,,,,ألوان,اخضر ,,,,,,Available,100,,,,https://assets.wuiltstore.com/cmkvv1net0tdb01gn11nt6rkz_1000203174.webp,,,https://lolishop.wuiltstore.com/ar/product/all/مج-ايس-كوفي-يد-ألوان,,,,,,,
مج-ايس-كوفي-فواكه,مج ايس كوفي فواكه ,,مج ايس كوفي فواكه ,,ألوان,برتقال ,,,,,,Available,105,,,https://assets.wuiltstore.com/cmkvuxxkk0tcx01gn3xtygy1u_1000203163.webp https://assets.wuiltstore.com/cmkvuxyqj0tcy01gnbvqefc3i_1000203164.webp https://assets.wuiltstore.com/cmkvuxzv80tcz01gnbr369meu_1000203165.webp https://assets.wuiltstore.com/cmkvuy11m0td001gnd67debuu_1000203168.webp https://assets.wuiltstore.com/cmkvuy27u0td101gn583m8hb3_1000203167.webp https://assets.wuiltstore.com/cmkvuy3dl0td201gn5k507xdq_1000203166.webp https://assets.wuiltstore.com/cmkvuy4je0td301gnc081560m_1000203171.webp https://assets.wuiltstore.com/cmkvuy5sz0td401gn2ewx9jcm_1000203170.webp https://assets.wuiltstore.com/cmkvuy86p0td601gncit54jhh_1000203169.webp https://assets.wuiltstore.com/cmkvuy70p0td501gn2e2747bu_1000203172.webp,https://assets.wuiltstore.com/cmkvuxxkk0tcx01gn3xtygy1u_1000203163.webp,ACTIVE,مجات وزجاجة,https://lolishop.wuiltstore.com/ar/product/all/مج-ايس-كوفي-فواكه,Global,2026-01-27T03:27:59.422Z,2026-01-27T03:28:42.653Z,,,,
مج-ايس-كوفي-فواكه,,,,,ألوان,ازرق,,,,,,Available,105,,,,https://assets.wuiltstore.com/cmkvuy86p0td601gncit54jhh_1000203169.webp,,,https://lolishop.wuiltstore.com/ar/product/all/مج-ايس-كوفي-فواكه,,,,,,,
مج-ايس-كوفي-فواكه,,,,,ألوان,اخضر ,,,,,,Available,105,,,,https://assets.wuiltstore.com/cmkvuxyqj0tcy01gnbvqefc3i_1000203164.webp,,,https://lolishop.wuiltstore.com/ar/product/all/مج-ايس-كوفي-فواكه,,,,,,,
مج-بابلز-ايس-كوفي,مج بابلز ايس كوفي ,,مج بابلز ايس كوفي ,,,,,,,,,Available,55,45,,https://assets.wuiltstore.com/cmkvuvv590tcp01gn9i2p4ioc_1000203112.webp https://assets.wuiltstore.com/cmkvuvwfb0tcq01gn0l0a6n2t_1000203115.webp https://assets.wuiltstore.com/cmkvuvxoa0tcr01gn95wnemye_1000203118.webp https://assets.wuiltstore.com/cmkvuvyvi0tcs01gn2zs625rp_1000203117.webp https://assets.wuiltstore.com/cmkvuw00h0tct01gneaub2wwr_1000203114.webp https://assets.wuiltstore.com/cmkvuw14s0tcu01gn4sb7536f_1000203116.webp https://assets.wuiltstore.com/cmkvuw2ay0tcv01gnb28cd3nx_1000203113.webp,,ACTIVE,مجات وزجاجة,https://lolishop.wuiltstore.com/ar/product/all/مج-بابلز-ايس-كوفي,Global,2026-01-27T03:26:22.804Z,2026-01-27T03:26:22.899Z,,,,
علبة-مناديل-باندا,علبة مناديل باندا ,,علبة مناديل باندا ,,ألوان,اخضر ,,,,,,Available,50,,,https://assets.wuiltstore.com/cmkvtyjd30ta801gn48dbe8d6_1000203075.webp https://assets.wuiltstore.com/cmkvtykot0ta901gn4qls9h4i_1000203080.webp https://assets.wuiltstore.com/cmkvtylwl0taa01gngxyv0m25_1000203077.webp https://assets.wuiltstore.com/cmkvtyn700tab01gnhvxwe2lu_1000203078.webp https://assets.wuiltstore.com/cmkvtyoen0tac01gnb1i38vhh_1000203081.webp https://assets.wuiltstore.com/cmkvtypno0tad01gn5xkf6u3n_1000203076.webp https://assets.wuiltstore.com/cmkvtyqtk0tae01gn99erfjvp_1000203079.webp https://assets.wuiltstore.com/cmkvtys0j0taf01gnfnb1df14_1000203082.webp https://assets.wuiltstore.com/cmkvtyulp0tah01gne97f5mzo_1000203083.webp https://assets.wuiltstore.com/cmkvtyta80tag01gn7jrg1flv_1000203084.webp,https://assets.wuiltstore.com/cmkvtykot0ta901gn4qls9h4i_1000203080.webp,ACTIVE,منتجات أخري,https://lolishop.wuiltstore.com/ar/product/all/علبة-مناديل-باندا,Global,2026-01-27T03:00:27.977Z,2026-01-27T03:01:14.541Z,,,,
علبة-مناديل-باندا,,,,,ألوان,اسود,,,,,,Available,50,,,,https://assets.wuiltstore.com/cmkvtyta80tag01gn7jrg1flv_1000203084.webp,,,https://lolishop.wuiltstore.com/ar/product/all/علبة-مناديل-باندا,,,,,,,
علبة-مناديل-باندا,,,,,ألوان,ازرق,,,,,,Available,50,,,,https://assets.wuiltstore.com/cmkvtyoen0tac01gnb1i38vhh_1000203081.webp,,,https://lolishop.wuiltstore.com/ar/product/all/علبة-مناديل-باندا,,,,,,,
علبة-مناديل-باندا,,,,,ألوان,بنك ,,,,,,Available,50,,,,https://assets.wuiltstore.com/cmkvtyjd30ta801gn48dbe8d6_1000203075.webp,,,https://lolishop.wuiltstore.com/ar/product/all/علبة-مناديل-باندا,,,,,,,
مج-بابلز-بإيد,مج بابلز بإيد ,,مج بابلز بإيد ,,,,,,,,,Available,60,55,,https://assets.wuiltstore.com/cmkvtup1l0t9r01gnab6t996m_1000203052.webp https://assets.wuiltstore.com/cmkvtuq700t9s01gn60pa63q4_1000203049.webp https://assets.wuiltstore.com/cmkvturbp0t9t01gnf7mc0beu_1000203051.webp https://assets.wuiltstore.com/cmkvtusij0t9u01gn0uka97px_1000203050.webp https://assets.wuiltstore.com/cmkvtuuu20t9w01gn5bknha7k_1000203054.webp https://assets.wuiltstore.com/cmkvtutkz0t9v01gnf1ureg3l_1000203053.webp,,ACTIVE,مجات وزجاجة,https://lolishop.wuiltstore.com/ar/product/all/مج-بابلز-بإيد,Global,2026-01-27T02:57:28.819Z,2026-01-27T02:57:28.855Z,,,,
مج-جود-مورنيج-كبير,مج جود مورنيج كبير ,,مج جود مورنيج كبير ,,,,,,,,,Available,75,65,,https://assets.wuiltstore.com/cmkvtqsex0t9i01gn5tfogd7c_1000203044.webp https://assets.wuiltstore.com/cmkvtqtka0t9j01gncjpb7ie6_1000203045.webp https://assets.wuiltstore.com/cmkvtqurh0t9k01gn05636jeq_1000203046.webp https://assets.wuiltstore.com/cmkvtqx1i0t9m01gnbo7n3hwo_1000203048.webp https://assets.wuiltstore.com/cmkvtqvwa0t9l01gnc9v1hnkp_1000203047.webp,,ACTIVE,مجات وزجاجة,https://lolishop.wuiltstore.com/ar/product/all/مج-جود-مورنيج-كبير,Global,2026-01-27T02:54:26.448Z,2026-01-27T02:54:26.477Z,,,,
مج-بيركس-فاميه-مضلع,مج بيركس فاميه مضلع ,,مج بيركس فاميه مضلع ,,,,,,,,,Available,95,,,https://assets.wuiltstore.com/cmkvtit950t8u01gn145ka2pl_1000203036.webp https://assets.wuiltstore.com/cmkvtiuhl0t8v01gngm910ud4_1000203037.webp https://assets.wuiltstore.com/cmkvtivhy0t8w01gn02iq8idc_1000203041.webp https://assets.wuiltstore.com/cmkvtiwm80t8x01gng88g43bs_1000203040.webp https://assets.wuiltstore.com/cmkvtixs50t8y01gnfa4yh8et_1000203039.webp https://assets.wuiltstore.com/cmkvtiyx70t8z01gn6nmp7brk_1000203038.webp https://assets.wuiltstore.com/cmkvtizzp0t9001gnbm9p1f10_1000203042.webp https://assets.wuiltstore.com/cmkvtj0xf0t9101gnfuov0ydt_1000203043.webp,,ACTIVE,مجات وزجاجة,https://lolishop.wuiltstore.com/ar/product/all/مج-بيركس-فاميه-مضلع,Global,2026-01-27T02:48:14.255Z,2026-01-27T02:48:14.335Z,,,,
مج-حراري-باندا-ديجيتال,مج حراري باندا ديجيتال ,,مج حراري باندا ديجيتال ,,أشكال,تلاتة ,,,,,,Available,150,,,https://assets.wuiltstore.com/cmkvt6xop0t7z01gn7pdagt66_1000203026.webp https://assets.wuiltstore.com/cmkvt6ytt0t8001gndh9b8ktm_1000203027.webp https://assets.wuiltstore.com/cmkvt70410t8101gn8xdhcoy4_1000203028.webp https://assets.wuiltstore.com/cmkvt71970t8201gnb138503d_1000203031.webp https://assets.wuiltstore.com/cmkvt72ej0t8301gngdh69q40_1000203030.webp https://assets.wuiltstore.com/cmkvt73kd0t8401gn0f7z4ni6_1000203029.webp https://assets.wuiltstore.com/cmkvt74r20t8501gnfuw10fby_1000203032.webp https://assets.wuiltstore.com/cmkvt75zf0t8601gn5gk030rm_1000203033.webp https://assets.wuiltstore.com/cmkvt78ag0t8801gn516keyq5_1000203035.webp https://assets.wuiltstore.com/cmkvt774v0t8701gn3yw52yhv_1000203034.webp,https://assets.wuiltstore.com/cmkvt774v0t8701gn3yw52yhv_1000203034.webp,ACTIVE,مجات وزجاجة,https://lolishop.wuiltstore.com/ar/product/all/مج-حراري-باندا-ديجيتال,Global,2026-01-27T02:39:00.181Z,2026-01-27T02:39:34.898Z,,,,
مج-حراري-باندا-ديجيتال,,,,,أشكال,اتنين ,,,,,,Available,150,,,,https://assets.wuiltstore.com/cmkvt70410t8101gn8xdhcoy4_1000203028.webp,,,https://lolishop.wuiltstore.com/ar/product/all/مج-حراري-باندا-ديجيتال,,,,,,,
مج-حراري-باندا-ديجيتال,,,,,أشكال,واحد,,,,,,Available,150,,,,https://assets.wuiltstore.com/cmkvt6xop0t7z01gn7pdagt66_1000203026.webp,,,https://lolishop.wuiltstore.com/ar/product/all/مج-حراري-باندا-ديجيتال,,,,,,,
مج-دبدوب-بالمعلقة,مج دبدوب بالمعلقة ,,مج دبدوب بالمعلقة ,,,,,,,,,Available,70,60,,https://assets.wuiltstore.com/cmkvt25q10t7k01gncbz1hky8_1000203022.webp https://assets.wuiltstore.com/cmkvt26xk0t7l01gn65vx3l0h_1000203025.webp https://assets.wuiltstore.com/cmkvt29f30t7n01gngi2f2cqv_1000203023.webp https://assets.wuiltstore.com/cmkvt285n0t7m01gnd0jqg8e1_1000203024.webp,,ACTIVE,مجات وزجاجة,https://lolishop.wuiltstore.com/ar/product/all/مج-دبدوب-بالمعلقة,Global,2026-01-27T02:35:17.312Z,2026-01-27T02:35:17.352Z,,,,
فواصل-مدوره,فواصل مدوره ,,فواصل مدوره ,,أشكال,خمسة ,,,,,,Available,45,40,,https://assets.wuiltstore.com/cmkvswrip0t7001gn3r50b6e8_1000202960.webp https://assets.wuiltstore.com/cmkvswsk50t7101gn4vgidh0p_1000202963.webp https://assets.wuiltstore.com/cmkvswtog0t7201gn4pakcl8e_1000202962.webp https://assets.wuiltstore.com/cmkvswuw60t7301gn6sf02vk5_1000202961.webp https://assets.wuiltstore.com/cmkvsww1y0t7401gn44ik68jf_1000202966.webp https://assets.wuiltstore.com/cmkvswx4x0t7501gnb3s3g3ct_1000202965.webp https://assets.wuiltstore.com/cmkvswy7w0t7601gn6tox3a0o_1000202964.webp https://assets.wuiltstore.com/cmkvswzhf0t7701gn4t74aj5s_1000202967.webp https://assets.wuiltstore.com/cmkvsx1po0t7901gn8wy3ff4n_1000202968.webp https://assets.wuiltstore.com/cmkvsx0k30t7801gnblhefx6n_1000202969.webp,https://assets.wuiltstore.com/cmkvsx1po0t7901gn8wy3ff4n_1000202968.webp,ACTIVE,استيكي نوت وفواصل ,https://lolishop.wuiltstore.com/ar/product/all/فواصل-مدوره,Global,2026-01-27T02:31:05.607Z,2026-01-27T02:33:00.183Z,,,,
فواصل-مدوره,,,,,أشكال,اتنين ,,,,,,Available,45,40,,,https://assets.wuiltstore.com/cmkvswtog0t7201gn4pakcl8e_1000202962.webp,,,https://lolishop.wuiltstore.com/ar/product/all/فواصل-مدوره,,,,,,,
فواصل-مدوره,,,,,أشكال,أربعة ,,,,,,Available,45,40,,,https://assets.wuiltstore.com/cmkvswy7w0t7601gn6tox3a0o_1000202964.webp,,,https://lolishop.wuiltstore.com/ar/product/all/فواصل-مدوره,,,,,,,
فواصل-مدوره,,,,,أشكال,تلاتة ,,,,,,Available,45,40,,,https://assets.wuiltstore.com/cmkvsww1y0t7401gn44ik68jf_1000202966.webp,,,https://lolishop.wuiltstore.com/ar/product/all/فواصل-مدوره,,,,,,,
فواصل-مدوره,,,,,أشكال,واحد,,,,,,Available,45,40,,,https://assets.wuiltstore.com/cmkvswrip0t7001gn3r50b6e8_1000202960.webp,,,https://lolishop.wuiltstore.com/ar/product/all/فواصل-مدوره,,,,,,,
فواصل-نص-لون,فواصل نص لون ,,فواصل نص لون ,,ألوان,بنك ,,,,,,Available,45,40,,https://assets.wuiltstore.com/cmkvsrqhv0t6g01gn2g8dhq8v_1000202949.webp https://assets.wuiltstore.com/cmkvsrrob0t6h01gnb9sm052p_1000202950.webp https://assets.wuiltstore.com/cmkvsrsto0t6i01gnb2zk01iy_1000202951.webp https://assets.wuiltstore.com/cmkvsrtxf0t6j01gnbnx471c9_1000202952.webp https://assets.wuiltstore.com/cmkvsruzz0t6k01gn6bmt3m2c_1000202953.webp https://assets.wuiltstore.com/cmkvsrw950t6l01gn7cqzhcsy_1000202954.webp https://assets.wuiltstore.com/cmkvsrxc20t6m01gn1qxueg4k_1000202955.webp https://assets.wuiltstore.com/cmkvsrzkr0t6o01gn7yhl228q_1000202958.webp https://assets.wuiltstore.com/cmkvsrygs0t6n01gncs0392t9_1000202959.webp,https://assets.wuiltstore.com/cmkvsrqhv0t6g01gn2g8dhq8v_1000202949.webp,ACTIVE,استيكي نوت وفواصل ,https://lolishop.wuiltstore.com/ar/product/all/فواصل-نص-لون,Global,2026-01-27T02:27:11.080Z,2026-01-27T02:31:50.538Z,,,,
فواصل-نص-لون,,,,,ألوان,ازرق,,,,,,Available,45,40,,,https://assets.wuiltstore.com/cmkvsrtxf0t6j01gnbnx471c9_1000202952.webp,,,https://lolishop.wuiltstore.com/ar/product/all/فواصل-نص-لون,,,,,,,
فواصل-نص-لون,,,,,ألوان,بني ,,,,,,Available,45,40,,,https://assets.wuiltstore.com/cmkvsrsto0t6i01gnb2zk01iy_1000202951.webp,,,https://lolishop.wuiltstore.com/ar/product/all/فواصل-نص-لون,,,,,,,
فواصل-نص-لون,,,,,ألوان,بيج,,,,,,Available,45,40,,,https://assets.wuiltstore.com/cmkvsrrob0t6h01gnb9sm052p_1000202950.webp,,,https://lolishop.wuiltstore.com/ar/product/all/فواصل-نص-لون,,,,,,,
فواصل-كيتي-كبير,فواصل كيتي كبير,,فواصل كيتي كبير,,أشكال,واحد,,,,,,Available,55,,,https://assets.wuiltstore.com/cmkvsnphy0t5y01gn8q15gm33_1000202939.webp https://assets.wuiltstore.com/cmkvsnqn00t5z01gn6evb984b_1000202940.webp https://assets.wuiltstore.com/cmkvsnrwt0t6001gnaj1ieb0l_1000202941.webp https://assets.wuiltstore.com/cmkvsnt4c0t6101gnetps7z8d_1000202942.webp https://assets.wuiltstore.com/cmkvsnuff0t6201gn8ruv2cjg_1000202943.webp https://assets.wuiltstore.com/cmkvsnvpy0t6301gndzyi6ujm_1000202944.webp https://assets.wuiltstore.com/cmkvsnwyv0t6401gn2uajd7mp_1000202945.webp https://assets.wuiltstore.com/cmkvsny8u0t6501gn9g2na7lr_1000202946.webp https://assets.wuiltstore.com/cmkvso0tc0t6701gnbdbpex7r_1000202947.webp https://assets.wuiltstore.com/cmkvsnzlg0t6601gn0iy22lcs_1000202948.webp,https://assets.wuiltstore.com/cmkvsnphy0t5y01gn8q15gm33_1000202939.webp,ACTIVE,استيكي نوت وفواصل ,https://lolishop.wuiltstore.com/ar/product/all/فواصل-كيتي-كبير,Global,2026-01-27T02:24:03.166Z,2026-01-27T02:24:36.814Z,,,,
فواصل-كيتي-كبير,,,,,أشكال,تلاتة ,,,,,,Available,55,,,,https://assets.wuiltstore.com/cmkvsnt4c0t6101gnetps7z8d_1000202942.webp,,,https://lolishop.wuiltstore.com/ar/product/all/فواصل-كيتي-كبير,,,,,,,
فواصل-كيتي-كبير,,,,,أشكال,اتنين ,,,,,,Available,55,,,,https://assets.wuiltstore.com/cmkvsnuff0t6201gn8ruv2cjg_1000202943.webp,,,https://lolishop.wuiltstore.com/ar/product/all/فواصل-كيتي-كبير,,,,,,,
فواصل-نص-لون-صغيره,فواصل نص لون صغيره ,,فواصل نص لون صغيره ,,,,,,,,,Available,38,,,https://assets.wuiltstore.com/cmkvsld6l0t5t01gn2tbx24qs_1000202935.webp https://assets.wuiltstore.com/cmkvsleaa0t5u01gn9amz3ilf_1000202936.webp https://assets.wuiltstore.com/cmkvslfca0t5v01gnc1gh1abz_1000202937.webp https://assets.wuiltstore.com/cmkvslgh30t5w01gn2fsvhbbx_1000202938.webp,,ACTIVE,استيكي نوت وفواصل ,https://lolishop.wuiltstore.com/ar/product/all/فواصل-نص-لون-صغيره,Global,2026-01-27T02:22:13.806Z,2026-01-27T02:22:13.905Z,,,,
فواصل-و-استيكي-نوت-حوت,فواصل و استيكي نوت حوت ,,فواصل و استيكي نوت حوت ,,,,,,,,,Available,50,45,,https://assets.wuiltstore.com/cmkvsjrsh0t5k01gn5oo990gz_1000202914.webp https://assets.wuiltstore.com/cmkvsjt0c0t5l01gna5qg4379_1000202915.webp https://assets.wuiltstore.com/cmkvsju9l0t5m01gndyhyb8su_1000202918.webp https://assets.wuiltstore.com/cmkvsjvfj0t5n01gn7jki7l41_1000202921.webp https://assets.wuiltstore.com/cmkvsjwkz0t5o01gn4okfbxy4_1000202917.webp https://assets.wuiltstore.com/cmkvsjxn30t5p01gng9jic9ol_1000202920.webp https://assets.wuiltstore.com/cmkvsjzv30t5r01gndi872u9a_1000202919.webp https://assets.wuiltstore.com/cmkvsjys40t5q01gn6pgx0ahu_1000202916.webp,,ACTIVE,استيكي نوت وفواصل ,https://lolishop.wuiltstore.com/ar/product/all/فواصل-و-استيكي-نوت-حوت,Global,2026-01-27T02:20:59.536Z,2026-01-27T02:20:59.578Z,,,,
فوطة-ديزني,فوطة ديزني ,,فوطة ديزني ,,أشكال,تلاتة ,,,,,,Available,60,,,https://assets.wuiltstore.com/cmkvju4990sal01gnayvp1436_1000202908.webp https://assets.wuiltstore.com/cmkvju5ip0sam01gncaso3uav_1000202911.webp https://assets.wuiltstore.com/cmkvju6pl0san01gn92wxfg50_1000202913.webp https://assets.wuiltstore.com/cmkvju83i0sao01gn2myebylw_1000202910.webp https://assets.wuiltstore.com/cmkvjuapy0saq01gn6pe74sv6_1000202912.webp https://assets.wuiltstore.com/cmkvju9ez0sap01gn3pvwb2j4_1000202909.webp,https://assets.wuiltstore.com/cmkvjuapy0saq01gn6pe74sv6_1000202912.webp,ACTIVE,منتجات أخري,https://lolishop.wuiltstore.com/ar/product/all/فوطة-ديزني,Global,2026-01-26T22:17:05.607Z,2026-01-27T02:17:10.261Z,,,,
فوطة-ديزني,,,,,أشكال,اتنين ,,,,,,Available,60,,,,https://assets.wuiltstore.com/cmkvju5ip0sam01gncaso3uav_1000202911.webp,,,https://lolishop.wuiltstore.com/ar/product/all/فوطة-ديزني,,,,,,,
فوطة-ديزني,,,,,أشكال,واحد,,,,,,Available,60,,,,https://assets.wuiltstore.com/cmkvju4990sal01gnayvp1436_1000202908.webp,,,https://lolishop.wuiltstore.com/ar/product/all/فوطة-ديزني,,,,,,,
فوم-صلصال,فوم صلصال ,,فوم صلصال ,,,,,,,,,Available,30,,,https://assets.wuiltstore.com/cmkvjq27b0s9y01gnb3a965hj_1000202899.webp https://assets.wuiltstore.com/cmkvjq3ds0s9z01gn5kyfelwh_1000202902.webp https://assets.wuiltstore.com/cmkvjq4lg0sa001gnfm9g6trc_1000202901.webp https://assets.wuiltstore.com/cmkvjq5ir0sa101gng9s53sf7_1000202900.webp https://assets.wuiltstore.com/cmkvjq6ks0sa201gn8x3q91py_1000202903.webp https://assets.wuiltstore.com/cmkvjq79k0sa301gngj5mdo89_1000202904.webp https://assets.wuiltstore.com/cmkvjq7y40sa401gnh67og39s_1000202905.webp https://assets.wuiltstore.com/cmkvjq9f20sa601gn4u3xfg7n_1000202907.webp https://assets.wuiltstore.com/cmkvjq8ob0sa501gn1kdqaxkj_1000202906.webp,,ACTIVE,ألعاب ,https://lolishop.wuiltstore.com/ar/product/all/فوم-صلصال,Global,2026-01-26T22:13:56.349Z,2026-01-26T22:13:56.418Z,,,,
قلم-جيل-أزرق-انسيابي,قلم جيل أزرق انسيابي ,,قلم جيل أزرق انسيابي ,,,,,,,,,Available,25,,,https://assets.wuiltstore.com/cmkvjnwx30s9c01gncixegmnp_1000202889.webp https://assets.wuiltstore.com/cmkvjnxw60s9d01gngc5acncf_1000202890.webp https://assets.wuiltstore.com/cmkvjnypy0s9e01gn3fecfhcr_1000202893.webp https://assets.wuiltstore.com/cmkvjnzkl0s9f01gn031uhubq_1000202896.webp https://assets.wuiltstore.com/cmkvjo0mv0s9g01gnbedr35yb_1000202892.webp https://assets.wuiltstore.com/cmkvjo1lh0s9h01gn0mn859zl_1000202891.webp https://assets.wuiltstore.com/cmkvjo2j90s9i01gnawricgnf_1000202894.webp https://assets.wuiltstore.com/cmkvjo3na0s9j01gne61z1028_1000202897.webp https://assets.wuiltstore.com/cmkvjo62m0s9l01gn72slcp0v_1000202895.webp https://assets.wuiltstore.com/cmkvjo4wn0s9k01gnfnel4ldg_1000202898.webp,,ACTIVE,أقلام ,https://lolishop.wuiltstore.com/ar/product/all/قلم-جيل-أزرق-انسيابي,Global,2026-01-26T22:12:16.283Z,2026-01-26T22:12:16.359Z,,,,
قربة-مياه,قربة مياه ,,قربة مياه ,,,,,,,,,Available,40,,,https://assets.wuiltstore.com/cmkvjme650s8w01gnevvue7ap_1000202884.webp https://assets.wuiltstore.com/cmkvjmf8l0s8x01gn7wd65xsk_1000202887.webp https://assets.wuiltstore.com/cmkvjmg6p0s8y01gn0k37f59a_1000202886.webp https://assets.wuiltstore.com/cmkvjmi5l0s9001gn75vv3l6h_1000202885.webp https://assets.wuiltstore.com/cmkvjmh3h0s8z01gncgn9g7mz_1000202888.webp,,ACTIVE,منتجات أخري,https://lolishop.wuiltstore.com/ar/product/all/قربة-مياه,Global,2026-01-26T22:11:05.288Z,2026-01-26T22:11:05.488Z,,,,
قلم-جيل-أزرق-ألوانه-مدرجة,قلم جيل أزرق ألوانه مدرجة ,,قلم جيل أزرق ألوانه مدرجة ,,ألوان,بنك ,,,,,,Available,30,25,,https://assets.wuiltstore.com/cmkvjjxcl0s8b01gn5mog5ob2_1000205461.webp https://assets.wuiltstore.com/cmkvjjygv0s8c01gnet7zcxfo_1000205460.webp https://assets.wuiltstore.com/cmkvjjzho0s8d01gnbbcg2d12_1000202882.webp https://assets.wuiltstore.com/cmkvjk0cf0s8e01gnfmk6gbx6_1000202883.webp https://assets.wuiltstore.com/cmkvjk2e20s8g01gncbts6j0t_1000202880.webp https://assets.wuiltstore.com/cmkvjk1ea0s8f01gnh9jr8yub_1000202881.webp,https://assets.wuiltstore.com/cmkvjk2e20s8g01gncbts6j0t_1000202880.webp,ACTIVE,أقلام ,https://lolishop.wuiltstore.com/ar/product/all/قلم-جيل-أزرق-ألوانه-مدرجة,Global,2026-01-26T22:09:10.199Z,2026-01-26T22:09:44.526Z,,,,
قلم-جيل-أزرق-ألوانه-مدرجة,,,,,ألوان,اصفر ,,,,,,Available,30,25,,,https://assets.wuiltstore.com/cmkvjjygv0s8c01gnet7zcxfo_1000205460.webp,,,https://lolishop.wuiltstore.com/ar/product/all/قلم-جيل-أزرق-ألوانه-مدرجة,,,,,,,
قلم-جيل-أزرق-ألوانه-مدرجة,,,,,ألوان,ازرق,,,,,,Available,30,25,,,https://assets.wuiltstore.com/cmkvjk1ea0s8f01gnh9jr8yub_1000202881.webp,,,https://lolishop.wuiltstore.com/ar/product/all/قلم-جيل-أزرق-ألوانه-مدرجة,,,,,,,
قلم-جيل-أزرق-ألوانه-مدرجة,,,,,ألوان,موف ,,,,,,Available,30,25,,,https://assets.wuiltstore.com/cmkvjjxcl0s8b01gn5mog5ob2_1000205461.webp,,,https://lolishop.wuiltstore.com/ar/product/all/قلم-جيل-أزرق-ألوانه-مدرجة,,,,,,,
⁨‫طقم-هايلايتر-‫3-ألوان⁩-1,طقم هايلايتر 3 ألوان ,,طقم هايلايتر 3 ألوان ,,,,,,,,,Available,60,,,https://assets.wuiltstore.com/cmkvh88d50ryj01gnbmbphe1v_1000202707.webp https://assets.wuiltstore.com/cmkvh89ko0ryk01gngnf3524k_1000202708.webp https://assets.wuiltstore.com/cmkvh8ama0ryl01gn0xzr2ciq_1000202711.webp https://assets.wuiltstore.com/cmkvh8bjt0rym01gn0ipq5qul_1000202710.webp https://assets.wuiltstore.com/cmkvh8cpc0ryn01gng72o0m22_1000202709.webp https://assets.wuiltstore.com/cmkvh8dxg0ryo01gndmmrg9x4_1000202712.webp https://assets.wuiltstore.com/cmkvh8g3z0ryq01gnejhv2yaz_1000202713.webp https://assets.wuiltstore.com/cmkvh8f610ryp01gn8mdlekc7_1000202714.webp,,ACTIVE,هايلايتر ,https://lolishop.wuiltstore.com/ar/product/all/⁨‫طقم-هايلايتر-‫3-ألوان⁩-1,Global,2026-01-26T21:04:05.263Z,2026-01-26T21:04:05.338Z,,,,
مقلمة-معدن-بألوان-باستل-مربعة,مقلمة معدن بألوان باستل مربعة ,,مقلمة معدن بألوان باستل مربعة ,,ألوان,موف ,,,,,,Available,40,,,https://assets.wuiltstore.com/cmkvgn46q0rvi01gn1iqq8cw3_1000202269.webp https://assets.wuiltstore.com/cmkvgn5fo0rvj01gnhqvqhyai_1000202270.webp https://assets.wuiltstore.com/cmkvgn6ob0rvk01gnfc08fssd_1000202273.webp https://assets.wuiltstore.com/cmkvgn7zc0rvl01gnf8oegu1m_1000202272.webp https://assets.wuiltstore.com/cmkvgn9bh0rvm01gn5ip6bzz3_1000202271.webp https://assets.wuiltstore.com/cmkvgnaob0rvn01gnh1p66y0u_1000202274.webp https://assets.wuiltstore.com/cmkvgnc030rvo01gn16djbjxo_1000202275.webp https://assets.wuiltstore.com/cmkvgndao0rvp01gndsne4t7r_1000202276.webp https://assets.wuiltstore.com/cmkvgnelg0rvq01gn6l46g36q_1000202278.webp https://assets.wuiltstore.com/cmkvgnfv70rvr01gndq3d6ov2_1000202277.webp,https://assets.wuiltstore.com/cmkvgn9bh0rvm01gn5ip6bzz3_1000202271.webp,ACTIVE,منظمات مكتب,https://lolishop.wuiltstore.com/ar/product/all/مقلمة-معدن-بألوان-باستل-مربعة,Global,2026-01-26T20:47:40.051Z,2026-01-26T20:49:06.418Z,,,,
مقلمة-معدن-بألوان-باستل-مربعة,,,,,ألوان,بنك ,,,,,,Available,40,,,,https://assets.wuiltstore.com/cmkvgn46q0rvi01gn1iqq8cw3_1000202269.webp,,,https://lolishop.wuiltstore.com/ar/product/all/مقلمة-معدن-بألوان-باستل-مربعة,,,,,,,
مقلمة-معدن-بألوان-باستل-مربعة,,,,,ألوان,اخضر ,,,,,,Available,40,,,,https://assets.wuiltstore.com/cmkvgn6ob0rvk01gnfc08fssd_1000202273.webp,,,https://lolishop.wuiltstore.com/ar/product/all/مقلمة-معدن-بألوان-باستل-مربعة,,,,,,,
مقلمة-معدن-بألوان-باستل-مربعة,,,,,ألوان,ازرق,,,,,,Available,40,,,,https://assets.wuiltstore.com/cmkvgnelg0rvq01gn6l46g36q_1000202278.webp,,,https://lolishop.wuiltstore.com/ar/product/all/مقلمة-معدن-بألوان-باستل-مربعة,,,,,,,
مقلمة-معدن,مقلمة معدن ,,مقلمة معدن ,,ألوان,زتوني ,,,,,,Available,40,,,https://assets.wuiltstore.com/cmkvfz0190rsh01gnbjnv5jrr_1000202241.webp https://assets.wuiltstore.com/cmkvfz1bd0rsi01gnb7xz5i3p_1000202242.webp https://assets.wuiltstore.com/cmkvfz2n90rsj01gnhnca5t3p_1000202243.webp https://assets.wuiltstore.com/cmkvfz3x00rsk01gnfrdwgee5_1000202245.webp https://assets.wuiltstore.com/cmkvfz59z0rsl01gnetjk0i60_1000202249.webp https://assets.wuiltstore.com/cmkvfz6kr0rsm01gn2unk0n0r_1000202246.webp https://assets.wuiltstore.com/cmkvfz7ue0rsn01gngy5malrd_1000202250.webp https://assets.wuiltstore.com/cmkvfz98j0rso01gn92flap4e_1000202247.webp https://assets.wuiltstore.com/cmkvfzaii0rsp01gn3dmggrx7_1000202244.webp https://assets.wuiltstore.com/cmkvfzbtp0rsq01gn5u3n030h_1000202248.webp https://assets.wuiltstore.com/cmkvfzd720rsr01gn7687aua6_1000202251.webp https://assets.wuiltstore.com/cmkvfzlk80rsx01gnfx4od9n0_1000202257.webp https://assets.wuiltstore.com/cmkvfzen20rss01gn5gdu2sbf_1000202252.webp https://assets.wuiltstore.com/cmkvfzfzj0rst01gn6n5nabqp_1000202255.webp https://assets.wuiltstore.com/cmkvfzhdx0rsu01gncmnqhv2j_1000202254.webp https://assets.wuiltstore.com/cmkvfziuu0rsv01gnev16cp02_1000202253.webp https://assets.wuiltstore.com/cmkvfzk7l0rsw01gnhbbebm70_1000202256.webp https://assets.wuiltstore.com/cmkvfzmu20rsy01gnduvs4nxk_1000202258.webp https://assets.wuiltstore.com/cmkvfzpmk0rt001gn90bd5pkp_1000202260.webp https://assets.wuiltstore.com/cmkvfzo830rsz01gnfjv30i3x_1000202259.webp,https://assets.wuiltstore.com/cmkvfziuu0rsv01gnev16cp02_1000202253.webp,ACTIVE,منظمات مكتب,https://lolishop.wuiltstore.com/ar/product/all/مقلمة-معدن,Global,2026-01-26T20:28:54.810Z,2026-01-26T20:30:07.688Z,,,,
مقلمة-معدن,,,,,ألوان,اخضر ,,,,,,Available,40,,,,https://assets.wuiltstore.com/cmkvfz7ue0rsn01gngy5malrd_1000202250.webp,,,https://lolishop.wuiltstore.com/ar/product/all/مقلمة-معدن,,,,,,,
مقلمة-معدن,,,,,ألوان,احمر,,,,,,Available,40,,,,https://assets.wuiltstore.com/cmkvfzhdx0rsu01gncmnqhv2j_1000202254.webp,,,https://lolishop.wuiltstore.com/ar/product/all/مقلمة-معدن,,,,,,,
مقلمة-معدن,,,,,ألوان,موف ,,,,,,Available,40,,,,https://assets.wuiltstore.com/cmkvfz0190rsh01gnbjnv5jrr_1000202241.webp,,,https://lolishop.wuiltstore.com/ar/product/all/مقلمة-معدن,,,,,,,
مقلمة-معدن,,,,,ألوان,ازرق,,,,,,Available,40,,,,https://assets.wuiltstore.com/cmkvfzlk80rsx01gnfx4od9n0_1000202257.webp,,,https://lolishop.wuiltstore.com/ar/product/all/مقلمة-معدن,,,,,,,
مقلمة-معدن,,,,,ألوان,لبني ,,,,,,Available,40,,,,https://assets.wuiltstore.com/cmkvfz6kr0rsm01gn2unk0n0r_1000202246.webp,,,https://lolishop.wuiltstore.com/ar/product/all/مقلمة-معدن,,,,,,,
مقلمة-في-علبة-فاكيوم,مقلمة في علبة فاكيوم ,,مقلمة في علبة فاكيوم ,,أشكال,تلاتة ,,,,,,Available,45,,,https://assets.wuiltstore.com/cmkvft5ze0rrt01gn2yrq9e6c_1000202240.webp https://assets.wuiltstore.com/cmkvfswfn0rrm01gn86f9fpcr_1000202227.webp https://assets.wuiltstore.com/cmkvfsxsl0rrn01gnajrz259r_1000202230.webp https://assets.wuiltstore.com/cmkvfszbd0rro01gn5sj7207p_1000202229.webp https://assets.wuiltstore.com/cmkvft0m00rrp01gn1c1ecuco_1000202228.webp https://assets.wuiltstore.com/cmkvft2290rrq01gn4y3afb40_1000202231.webp https://assets.wuiltstore.com/cmkvft3cw0rrr01gnbjlwb2aa_1000202232.webp https://assets.wuiltstore.com/cmkvft4o40rrs01gn31xd7t2c_1000202237.webp https://assets.wuiltstore.com/cmkvft8ml0rrv01gna0qc71tq_1000202239.webp https://assets.wuiltstore.com/cmkvft78w0rru01gn9vi9fro8_1000202238.webp,https://assets.wuiltstore.com/cmkvft0m00rrp01gn1c1ecuco_1000202228.webp,ACTIVE,مقالم مدرسية,https://lolishop.wuiltstore.com/ar/product/all/مقلمة-في-علبة-فاكيوم,Global,2026-01-26T20:24:10.344Z,2026-01-26T20:25:12.536Z,,,,
مقلمة-في-علبة-فاكيوم,,,,,أشكال,اتنين ,,,,,,Available,45,,,,https://assets.wuiltstore.com/cmkvfswfn0rrm01gn86f9fpcr_1000202227.webp,,,https://lolishop.wuiltstore.com/ar/product/all/مقلمة-في-علبة-فاكيوم,,,,,,,
مقلمة-في-علبة-فاكيوم,,,,,أشكال,واحد,,,,,,Available,45,,,,https://assets.wuiltstore.com/cmkvft5ze0rrt01gn2yrq9e6c_1000202240.webp,,,https://lolishop.wuiltstore.com/ar/product/all/مقلمة-في-علبة-فاكيوم,,,,,,,
مقلمة-شفافة-مخططه,مقلمة شفافة مخططه ,,مقلمة شفافة مخططه ,,ألوان,اصفر ,,,,,,Available,25,,,https://assets.wuiltstore.com/cmkvfnrse0rrb01gn1vhi51k1_1000202216.webp https://assets.wuiltstore.com/cmkvfntbo0rrc01gn3x5kd7y2_1000202217.webp https://assets.wuiltstore.com/cmkvfnuu20rrd01gn6khf6mjx_1000202218.webp https://assets.wuiltstore.com/cmkvfnxsx0rrf01gnggb87uqz_1000202219.webp https://assets.wuiltstore.com/cmkvfnwaa0rre01gng593etfb_1000202220.webp,https://assets.wuiltstore.com/cmkvfnwaa0rre01gng593etfb_1000202220.webp,ACTIVE,مقالم مدرسية,https://lolishop.wuiltstore.com/ar/product/all/مقلمة-شفافة-مخططه,Global,2026-01-26T20:20:10.954Z,2026-01-26T20:21:05.191Z,,,,
مقلمة-شفافة-مخططه,,,,,ألوان,احمر,,,,,,Available,25,,,,https://assets.wuiltstore.com/cmkvfnuu20rrd01gn6khf6mjx_1000202218.webp,,,https://lolishop.wuiltstore.com/ar/product/all/مقلمة-شفافة-مخططه,,,,,,,
مقلمة-شفافة-مخططه,,,,,ألوان,برتقال ,,,,,,Available,25,,,,https://assets.wuiltstore.com/cmkvfnxsx0rrf01gnggb87uqz_1000202219.webp,,,https://lolishop.wuiltstore.com/ar/product/all/مقلمة-شفافة-مخططه,,,,,,,
مقلمة-شفافة-مخططه,,,,,ألوان,موف ,,,,,,Available,25,,,,https://assets.wuiltstore.com/cmkvfnrse0rrb01gn1vhi51k1_1000202216.webp,,,https://lolishop.wuiltstore.com/ar/product/all/مقلمة-شفافة-مخططه,,,,,,,
مقلمة-شفافة-مخططه,,,,,ألوان,ازرق,,,,,,Available,25,,,,https://assets.wuiltstore.com/cmkvfntbo0rrc01gn3x5kd7y2_1000202217.webp,,,https://lolishop.wuiltstore.com/ar/product/all/مقلمة-شفافة-مخططه,,,,,,,
مقلمة-اكريليك-استيتش-و-كرومي,مقلمة اكريليك استيتش و كرومي ,,مقلمة اكريليك استيتش و كرومي ,,ألوان,أبيض ,,,,,,Available,175,150,,https://assets.wuiltstore.com/cmkvfdsu40rq501gn79y4ee1s_1000202196.webp https://assets.wuiltstore.com/cmkvfdu3g0rq601gncmst5wkq_1000202197.webp https://assets.wuiltstore.com/cmkvfdv7j0rq701gn86ui13v2_1000202203.webp https://assets.wuiltstore.com/cmkvfdw9i0rq801gn86f45ss0_1000202204.webp https://assets.wuiltstore.com/cmkvfdxe90rq901gnbk5hg4lq_1000202201.webp https://assets.wuiltstore.com/cmkvfdykx0rqa01gnczw77l9d_1000202199.webp https://assets.wuiltstore.com/cmkvfdzqt0rqb01gn6ofg0etu_1000202202.webp https://assets.wuiltstore.com/cmkvfe0y10rqc01gng3439jiv_1000202200.webp https://assets.wuiltstore.com/cmkvfe3730rqe01gnb1zy8qaf_1000202198.webp https://assets.wuiltstore.com/cmkvfe23d0rqd01gnbz2tb0as_1000202205.webp,https://assets.wuiltstore.com/cmkvfe0y10rqc01gng3439jiv_1000202200.webp,ACTIVE,منظمات مكتب,https://lolishop.wuiltstore.com/ar/product/all/مقلمة-اكريليك-استيتش-و-كرومي,Global,2026-01-26T20:12:25.831Z,2026-01-26T20:13:16.697Z,,,,
مقلمة-اكريليك-استيتش-و-كرومي,,,,,ألوان,موف ,,,,,,Available,175,150,,,https://assets.wuiltstore.com/cmkvfdw9i0rq801gn86f45ss0_1000202204.webp,,,https://lolishop.wuiltstore.com/ar/product/all/مقلمة-اكريليك-استيتش-و-كرومي,,,,,,,
مقلمة-اكريليك-استيتش-و-كرومي,,,,,ألوان,ازرق,,,,,,Available,175,150,,,https://assets.wuiltstore.com/cmkvfdu3g0rq601gncmst5wkq_1000202197.webp,,,https://lolishop.wuiltstore.com/ar/product/all/مقلمة-اكريليك-استيتش-و-كرومي,,,,,,,
مقلمة-اكريليك-استيتش-و-كرومي,,,,,ألوان,بنك ,,,,,,Available,175,150,,,https://assets.wuiltstore.com/cmkvfdsu40rq501gn79y4ee1s_1000202196.webp,,,https://lolishop.wuiltstore.com/ar/product/all/مقلمة-اكريليك-استيتش-و-كرومي,,,,,,,
مقلمة,مقلمة ,,مقلمة ,,ألوان,أبيض ,,,,,,Available,25,,,https://assets.wuiltstore.com/cmkvaunvb0r9s01gnh5soa7jx_1000202182.webp https://assets.wuiltstore.com/cmkvaup890r9t01gngs6j0xsi_1000202184.webp https://assets.wuiltstore.com/cmkvauqjf0r9u01gn34jq71cx_1000202186.webp https://assets.wuiltstore.com/cmkvaurw40r9v01gn42ix22xc_1000202187.webp https://assets.wuiltstore.com/cmkvaut4f0r9w01gn634q4eqd_1000202185.webp https://assets.wuiltstore.com/cmkvauvsf0r9y01gn0txq66wv_1000202183.webp https://assets.wuiltstore.com/cmkvauufh0r9x01gn0fj22iql_1000202188.webp,https://assets.wuiltstore.com/cmkvauvsf0r9y01gn0txq66wv_1000202183.webp,ACTIVE,مقالم مدرسية,https://lolishop.wuiltstore.com/ar/product/all/مقلمة,Global,2026-01-26T18:05:34.472Z,2026-01-26T18:07:35.341Z,,,,
مقلمة,,,,,ألوان,اخضر ,,,,,,Available,25,,,,https://assets.wuiltstore.com/cmkvaunvb0r9s01gnh5soa7jx_1000202182.webp,,,https://lolishop.wuiltstore.com/ar/product/all/مقلمة,,,,,,,
مقلمة,,,,,ألوان,ارزق,,,,,,Available,25,,,,https://assets.wuiltstore.com/cmkvaut4f0r9w01gn634q4eqd_1000202185.webp,,,https://lolishop.wuiltstore.com/ar/product/all/مقلمة,,,,,,,
مقلمة,,,,,ألوان,احمر,,,,,,Available,25,,,,https://assets.wuiltstore.com/cmkvaup890r9t01gngs6j0xsi_1000202184.webp,,,https://lolishop.wuiltstore.com/ar/product/all/مقلمة,,,,,,,
مقلمة,,,,,ألوان,برتقالي ,,,,,,Available,25,,,,https://assets.wuiltstore.com/cmkvaurw40r9v01gn42ix22xc_1000202187.webp,,,https://lolishop.wuiltstore.com/ar/product/all/مقلمة,,,,,,,
مقلمة,,,,,ألوان,اصفر ,,,,,,Available,25,,,,https://assets.wuiltstore.com/cmkvauufh0r9x01gn0fj22iql_1000202188.webp,,,https://lolishop.wuiltstore.com/ar/product/all/مقلمة,,,,,,,
مشابك-الزكريات,مشابك الزكريات ,,مشابك الزكريات ,,أشكال,تلاتة ,,,,,,Available,35,,,https://assets.wuiltstore.com/cmkvaj2q50r9a01gnatcx05r2_1000202171.webp https://assets.wuiltstore.com/cmkvaj40k0r9b01gndyelg0ij_1000202170.webp https://assets.wuiltstore.com/cmkvaj58p0r9c01gn0f8hf0cj_1000202168.webp https://assets.wuiltstore.com/cmkvaj6hs0r9d01gn8kgg0p09_1000202167.webp https://assets.wuiltstore.com/cmkvaj7q50r9e01gnfkpbdry4_1000202169.webp https://assets.wuiltstore.com/cmkvaj8vf0r9f01gne8p44jrx_1000202166.webp https://assets.wuiltstore.com/cmkvajbmm0r9h01gndvnoh5f6_1000202165.webp https://assets.wuiltstore.com/cmkvaja540r9g01gn643tayia_1000202164.webp,https://assets.wuiltstore.com/cmkvaj7q50r9e01gnfkpbdry4_1000202169.webp,ACTIVE,منتجات أخري,https://lolishop.wuiltstore.com/ar/product/all/مشابك-الزكريات,Global,2026-01-26T17:56:33.876Z,2026-01-26T17:57:19.570Z,,,,
مشابك-الزكريات,,,,,أشكال,اتنين ,,,,,,Available,35,,,,https://assets.wuiltstore.com/cmkvaj6hs0r9d01gn8kgg0p09_1000202167.webp,,,https://lolishop.wuiltstore.com/ar/product/all/مشابك-الزكريات,,,,,,,
مشابك-الزكريات,,,,,أشكال,واحد,,,,,,Available,35,,,,https://assets.wuiltstore.com/cmkvaj2q50r9a01gnatcx05r2_1000202171.webp,,,https://lolishop.wuiltstore.com/ar/product/all/مشابك-الزكريات,,,,,,,
مراية-ميني,مراية ميني ,,مراية ميني ,,,,,,,,,Available,30,,,https://assets.wuiltstore.com/cmkvaa7oz0r8j01gn5xt33i8u_1000202163.webp https://assets.wuiltstore.com/cmkvaa6wf0r8i01gnevn74mjv_1000202162.webp,,ACTIVE,ادوات تجميل ,https://lolishop.wuiltstore.com/ar/product/all/مراية-ميني,Global,2026-01-26T17:49:39.503Z,2026-01-26T17:49:39.553Z,,,,
مج-ديزني-بورسلين,مج ديزني بورسلين ,,مج ديزني بورسلين ,,,,,,,,,Available,125,,,https://assets.wuiltstore.com/cmkva6sr50r8201gnf99cendo_1000202864.webp https://assets.wuiltstore.com/cmkva6ty40r8301gn1k011dup_1000202865.webp https://assets.wuiltstore.com/cmkva6v2l0r8401gngzmq8jr9_1000202866.webp https://assets.wuiltstore.com/cmkva6w880r8501gnakhg5xhi_1000202870.webp https://assets.wuiltstore.com/cmkva6xdz0r8601gn94w975of_1000202869.webp https://assets.wuiltstore.com/cmkva6ykl0r8701gnas487eej_1000202868.webp https://assets.wuiltstore.com/cmkva6zqr0r8801gngo4s2aue_1000202867.webp https://assets.wuiltstore.com/cmkva70xc0r8901gnamt77ze7_1000202871.webp https://assets.wuiltstore.com/cmkva73920r8b01gn5tc72jlk_1000202872.webp https://assets.wuiltstore.com/cmkva726v0r8a01gnbd2m5x59_1000202873.webp,,ACTIVE,مجات وزجاجة,https://lolishop.wuiltstore.com/ar/product/all/مج-ديزني-بورسلين,Global,2026-01-26T17:47:01.088Z,2026-01-26T17:47:01.131Z,,,,
مج-دبدوب-بشاليمو,مج دبدوب بشاليمو ,,مج دبدوب بشاليمو ,,,,,,,,,Available,95,85,,https://assets.wuiltstore.com/cmkva4u9s0r7w01gnhkca7mij_1000203017.webp https://assets.wuiltstore.com/cmkva4vka0r7x01gnamsvbx7x_1000203018.webp https://assets.wuiltstore.com/cmkva4wuk0r7y01gnh5hk7t4f_1000203021.webp https://assets.wuiltstore.com/cmkva4zbv0r8001gn1goldrax_1000203020.webp https://assets.wuiltstore.com/cmkva4y3i0r7z01gndpsxgqpx_1000203019.webp,,ACTIVE,مجات وزجاجة,https://lolishop.wuiltstore.com/ar/product/all/مج-دبدوب-بشاليمو,Global,2026-01-26T17:45:29.750Z,2026-01-26T17:45:29.794Z,,,,
مج-شي-ان,مج شي ان ,,مج شي ان ,,,,,,,,,Available,175,160,,https://assets.wuiltstore.com/cmkva38q80r7o01gndpt51d68_1000202856.webp https://assets.wuiltstore.com/cmkva39vq0r7p01gneuledkcm_1000202857.webp https://assets.wuiltstore.com/cmkva3b0p0r7q01gngl7t4rkh_1000202858.webp https://assets.wuiltstore.com/cmkva3c8m0r7r01gn4z0z40hq_1000202859.webp https://assets.wuiltstore.com/cmkva3dbz0r7s01gncs89c37h_1000202860.webp https://assets.wuiltstore.com/cmkva3eip0r7t01gn9tq9g51o_1000202861.webp https://assets.wuiltstore.com/cmkva3gz70r7v01gn21ubdahn_1000202862.webp https://assets.wuiltstore.com/cmkva3fp90r7u01gnd6930arj_1000202863.webp,,ACTIVE,مجات وزجاجة,https://lolishop.wuiltstore.com/ar/product/all/مج-شي-ان,Global,2026-01-26T17:44:15.243Z,2026-01-26T17:44:15.309Z,,,,
مج-عسلي-بشاليموه,مج عسلي بشاليموه ,,مج عسلي بشاليموه ,,,,,,,,,Available,70,60,,https://assets.wuiltstore.com/cmkva0r3g0r7e01gn3gpcdjsz_1000202852.webp https://assets.wuiltstore.com/cmkva0s9a0r7f01gn207617ij_1000202853.webp https://assets.wuiltstore.com/cmkva0ukl0r7h01gnhsemcnrv_1000202854.webp https://assets.wuiltstore.com/cmkva0tfg0r7g01gnc1rjeael_1000202855.webp,,ACTIVE,مجات وزجاجة,https://lolishop.wuiltstore.com/ar/product/all/مج-عسلي-بشاليموه,Global,2026-01-26T17:42:18.981Z,2026-01-26T17:42:19.017Z,,,,
مج-قهوه-توم-و-جيري,مج قهوه توم و جيري ,,مج قهوه توم و جيري ,,,,,,,,,Available,45,40,,https://assets.wuiltstore.com/cmkv9w37b0r6x01gn90xxenzu_1000202849.webp https://assets.wuiltstore.com/cmkv9w5nf0r6z01gn5xmwgttq_1000202850.webp https://assets.wuiltstore.com/cmkv9w4eo0r6y01gn64rh3upi_1000202851.webp,,ACTIVE,مجات وزجاجة,https://lolishop.wuiltstore.com/ar/product/all/مج-قهوه-توم-و-جيري,Global,2026-01-26T17:38:41.391Z,2026-01-26T17:38:41.456Z,,,,
مج-قهوه-جود-مورنيج-صغير,مج قهوه جود مورنيج صغير ,,مج قهوه جود مورنيج صغير ,,ألوان,اخضر ,,,,,,Available,35,30,,https://assets.wuiltstore.com/cmkv9qvpq0r6l01gn0bfdfuc5_1000202837.webp https://assets.wuiltstore.com/cmkv9qwuj0r6m01gncx8gbb21_1000202838.webp https://assets.wuiltstore.com/cmkv9r1l10r6q01gn1p3d7u8n_1000202842.webp https://assets.wuiltstore.com/cmkv9qy1n0r6n01gn3hsgculr_1000202839.webp https://assets.wuiltstore.com/cmkv9qz8l0r6o01gn0pvc2pv8_1000202840.webp https://assets.wuiltstore.com/cmkv9r0en0r6p01gngiuu28oy_1000202841.webp https://assets.wuiltstore.com/cmkv9r2o30r6r01gna2rz8npj_1000202843.webp,https://assets.wuiltstore.com/cmkv9r2o30r6r01gna2rz8npj_1000202843.webp,ACTIVE,,https://lolishop.wuiltstore.com/ar/product/all/مج-قهوه-جود-مورنيج-صغير,Global,2026-01-26T17:34:37.785Z,2026-01-26T17:35:58.348Z,,,,
مج-قهوه-جود-مورنيج-صغير,,,,,ألوان,ازرق,,,,,,Available,35,30,,,https://assets.wuiltstore.com/cmkv9qwuj0r6m01gncx8gbb21_1000202838.webp,,,https://lolishop.wuiltstore.com/ar/product/all/مج-قهوه-جود-مورنيج-صغير,,,,,,,
مج-قهوه-جود-مورنيج-صغير,,,,,ألوان,اصفر ,,,,,,Available,35,30,,,https://assets.wuiltstore.com/cmkv9qvpq0r6l01gn0bfdfuc5_1000202837.webp,,,https://lolishop.wuiltstore.com/ar/product/all/مج-قهوه-جود-مورنيج-صغير,,,,,,,
مج-قهوه-بالبلز-صغير,مج قهوه بالبلز صغير ,,مج قهوه بالبلز صغير ,,,,,,,,,Available,35,30,,https://assets.wuiltstore.com/cmkv9lpom0r5w01gnhqpj5y3f_1000202844.webp https://assets.wuiltstore.com/cmkv9lqv00r5x01gnc70m7ucu_1000202845.webp https://assets.wuiltstore.com/cmkv9ls1h0r5y01gn4853188p_1000202846.webp https://assets.wuiltstore.com/cmkv9ludt0r6001gnbuhofibl_1000202847.webp https://assets.wuiltstore.com/cmkv9lt8g0r5z01gn0oxt2vxs_1000202848.webp,,ACTIVE,مجات وزجاجة,https://lolishop.wuiltstore.com/ar/product/all/مج-قهوه-بالبلز-صغير,Global,2026-01-26T17:30:37.291Z,2026-01-26T17:30:37.382Z,,,,
⁨‫طقم-منظم-رحلات-‫4-قطع⁩,طقم منظم رحلات 4 قطع ,,طقم منظم رحلات 4 قطع ,,,,,,,,,Available,60,55,,https://assets.wuiltstore.com/cmkv4gsmj0qqu01gnenyv3mcn_1000202706.webp https://assets.wuiltstore.com/cmkv4gtvd0qqv01gn5g096fxd_1000202705.webp https://assets.wuiltstore.com/cmkv4gv3p0qqw01gnd2rzg02p_1000202704.webp https://assets.wuiltstore.com/cmkv4gwar0qqx01gn73frc36c_1000202703.webp https://assets.wuiltstore.com/cmkv4gxjl0qqy01gn6l57gaj1_1000202702.webp https://assets.wuiltstore.com/cmkv4gyqp0qqz01gn1ay8b0id_1000202701.webp https://assets.wuiltstore.com/cmkv4h1580qr101gne4it2gxi_1000202700.webp https://assets.wuiltstore.com/cmkv4gzwa0qr001gngqnhdyve_1000202699.webp,,ACTIVE,"منظمات مكتب,ادوات تجميل ",https://lolishop.wuiltstore.com/ar/product/all/⁨‫طقم-منظم-رحلات-‫4-قطع⁩,Global,2026-01-26T15:06:49.761Z,2026-01-26T16:16:10.356Z,,,,
طوق-شي-ان,طوق شي ان ,,طوق شي ان ,,,,,,,,,Available,70,65,,https://assets.wuiltstore.com/cmkupuhxb0pr101gncglw5koo_1000203066.webp https://assets.wuiltstore.com/cmkupuj340pr201gngyqc6m7l_1000203065.webp,,ACTIVE,توكه وشنطة وشراب,https://lolishop.wuiltstore.com/ar/product/all/طوق-شي-ان,Global,2026-01-26T08:17:34.830Z,2026-01-26T15:58:30.559Z,,,,
مج-ترندي-سادة,مج ترندي سادة ,,مج ترندي سادة ,,,,,,,,,Available,110,90,,https://assets.wuiltstore.com/cmkv53r640qv101gn8gap0yo1_1000202833.webp https://assets.wuiltstore.com/cmkv53sfb0qv201gn1vgx2006_1000202834.webp https://assets.wuiltstore.com/cmkv53uw50qv401gncylc704b_1000202835.webp https://assets.wuiltstore.com/cmkv53tnx0qv301gnfbwlaoe4_1000202836.webp,,ACTIVE,مجات وزجاجة,https://lolishop.wuiltstore.com/ar/product/all/مج-ترندي-سادة,Global,2026-01-26T15:24:40.977Z,2026-01-26T15:24:41.019Z,,,,
مج-ترندي-فلاورز,مج ترندي فلاورز ,,مج ترندي فلاورز ,,,,,,,,,Available,130,125,,https://assets.wuiltstore.com/cmkv523j40qur01gn1pip20q4_1000202826.webp https://assets.wuiltstore.com/cmkv524vr0qus01gnfg3sajn5_1000202827.webp https://assets.wuiltstore.com/cmkv5263g0qut01gned136rjd_1000202828.webp https://assets.wuiltstore.com/cmkv527bn0quu01gnd3vghxuk_1000202829.webp https://assets.wuiltstore.com/cmkv528i70quv01gn2or9gnmw_1000202830.webp https://assets.wuiltstore.com/cmkv52ayk0qux01gn5s3h7evd_1000202831.webp https://assets.wuiltstore.com/cmkv529rk0quw01gn98p95y8p_1000202832.webp,,ACTIVE,مجات وزجاجة,https://lolishop.wuiltstore.com/ar/product/all/مج-ترندي-فلاورز,Global,2026-01-26T15:23:23.667Z,2026-01-26T15:23:23.719Z,,,,
مج-لولي-بشاليموه,مج لولي بشاليموه ,,مج لولي بشاليموه ,,,,,,,,,Available,95,85,,https://assets.wuiltstore.com/cmkv4zy4a0qu201gn4bvs13x6_1000202820.webp https://assets.wuiltstore.com/cmkv4zz7j0qu301gn0ni1b73c_1000202823.webp https://assets.wuiltstore.com/cmkv500aj0qu401gn1dto2s8d_1000202822.webp https://assets.wuiltstore.com/cmkv501ec0qu501gnbrie4yie_1000202821.webp https://assets.wuiltstore.com/cmkv503or0qu701gn4pu9hvet_1000202824.webp https://assets.wuiltstore.com/cmkv502gv0qu601gng4n08yz6_1000202825.webp,,ACTIVE,مجات وزجاجة,https://lolishop.wuiltstore.com/ar/product/all/مج-لولي-بشاليموه,Global,2026-01-26T15:21:43.456Z,2026-01-26T15:21:43.517Z,,,,
مج-ميكي-بومبيه,مج ميكي بومبيه ,,مج ميكي بومبيه ,,,,,,,,,Available,95,85,,https://assets.wuiltstore.com/cmkv4wj9b0qtq01gn6atk7yvq_1000202815.webp https://assets.wuiltstore.com/cmkv4wkhs0qtr01gn8zfy1jdl_1000202816.webp https://assets.wuiltstore.com/cmkv4wlq00qts01gn9w1fcnin_1000202817.webp https://assets.wuiltstore.com/cmkv4wnzr0qtu01gng28c45tz_1000202818.webp https://assets.wuiltstore.com/cmkv4wmv10qtt01gn2ea73ajo_1000202819.webp,,ACTIVE,مجات وزجاجة,https://lolishop.wuiltstore.com/ar/product/all/مج-ميكي-بومبيه,Global,2026-01-26T15:19:04.098Z,2026-01-26T15:19:04.139Z,,,,
مج-ميكي-يد-ألوان,مج ميكي يد ألوان ,,مج ميكي يد ألوان ,,أشكال,ميمي ,,,,,,Available,105,95,,https://assets.wuiltstore.com/cmkv4n97j0qsf01gnbkwag1d0_1000202804.webp https://assets.wuiltstore.com/cmkv4nae80qsg01gncrgs860x_1000202805.webp https://assets.wuiltstore.com/cmkv4nbjv0qsh01gncd98cnqa_1000202806.webp https://assets.wuiltstore.com/cmkv4ncqk0qsi01gnhh8qdyxc_1000202808.webp https://assets.wuiltstore.com/cmkv4ndwi0qsj01gnevlwbstm_1000202809.webp https://assets.wuiltstore.com/cmkv4nf2k0qsk01gn9moqh18r_1000202810.webp https://assets.wuiltstore.com/cmkv4ngau0qsl01gnew78a8km_1000202807.webp https://assets.wuiltstore.com/cmkv4nhi00qsm01gn41ot5qy1_1000202811.webp https://assets.wuiltstore.com/cmkv4nk0p0qso01gnbfpyb5l5_1000202812.webp https://assets.wuiltstore.com/cmkv4nipc0qsn01gnc2zo9vdh_1000202813.webp,https://assets.wuiltstore.com/cmkv4n97j0qsf01gnbkwag1d0_1000202804.webp,ACTIVE,مجات وزجاجة,https://lolishop.wuiltstore.com/ar/product/all/مج-ميكي-يد-ألوان,Global,2026-01-26T15:11:51.177Z,2026-01-26T15:16:49.275Z,,,,
مج-ميكي-يد-ألوان,,,,,أشكال,ميكي ,,,,,,Available,105,95,,,https://assets.wuiltstore.com/cmkv4nbjv0qsh01gncd98cnqa_1000202806.webp,,,https://lolishop.wuiltstore.com/ar/product/all/مج-ميكي-يد-ألوان,,,,,,,
مج-يد-بابلز,مج يد بابلز ,,مج يد بابلز ,,,,,,,,,Available,45,40,,https://assets.wuiltstore.com/cmkv4kyne0qrt01gn2a6sby7g_1000202798.webp https://assets.wuiltstore.com/cmkv4kzu80qru01gnhq2y9rm4_1000202799.webp https://assets.wuiltstore.com/cmkv4l0xu0qrv01gn6wim7e5l_1000202800.webp https://assets.wuiltstore.com/cmkv4l2510qrw01gn3r9813k8_1000202801.webp https://assets.wuiltstore.com/cmkv4l4o00qry01gnfwexcepn_1000202802.webp https://assets.wuiltstore.com/cmkv4l3h60qrx01gnaep08oqs_1000202803.webp,,ACTIVE,مجات وزجاجة,https://lolishop.wuiltstore.com/ar/product/all/مج-يد-بابلز,Global,2026-01-26T15:10:04.111Z,2026-01-26T15:10:04.288Z,,,,
مخمرية-فراولة,مخمرية ,,مخمرية فراولة ,,أشكال,ستة ,,,,,,Available,60,,,https://assets.wuiltstore.com/cmksy60fj0ktg01gnbolfh77n_1000202151.webp https://assets.wuiltstore.com/cmksy61ju0kth01gn87xl0hhv_1000202154.webp https://assets.wuiltstore.com/cmksy679a0ktm01gn4n7d73do_1000202149.webp https://assets.wuiltstore.com/cmksy62r80kti01gn4sp0bs7t_1000202153.webp https://assets.wuiltstore.com/cmksy63w80ktj01gnaltq43tu_1000202155.webp https://assets.wuiltstore.com/cmksy650q0ktk01gndfw92330_1000202152.webp https://assets.wuiltstore.com/cmkupxx3f0pr601gn3ktc4ubq_1000202789.webp https://assets.wuiltstore.com/cmksy664q0ktl01gndqubfnii_1000202150.webp https://assets.wuiltstore.com/cmkupxtm90pr301gn4vel8spm_1000202791.webp https://assets.wuiltstore.com/cmkupy3pp0prc01gn14ee18cd_1000202781.webp https://assets.wuiltstore.com/cmkupxuqx0pr401gn8a493ppj_1000202792.webp https://assets.wuiltstore.com/cmkupxvz50pr501gncqdb675l_1000202790.webp https://assets.wuiltstore.com/cmkupxy7b0pr701gn4x7vclsd_1000202788.webp https://assets.wuiltstore.com/cmkupxzei0pr801gn0l7c7ywx_1000202785.webp https://assets.wuiltstore.com/cmkupy0gr0pr901gn1ws6gxd6_1000202786.webp https://assets.wuiltstore.com/cmkupy1iq0pra01gn2yx351jm_1000202787.webp https://assets.wuiltstore.com/cmkupyciz0prk01gna47qgifr_1000202775.webp https://assets.wuiltstore.com/cmkupy2lp0prb01gndc7p8j65_1000202784.webp https://assets.wuiltstore.com/cmkuq0xe30prm01gn8x04ha6k_1000202789.webp https://assets.wuiltstore.com/cmkupy4we0prd01gn9psheglg_1000202783.webp https://assets.wuiltstore.com/cmkupy5xu0pre01gnbeg06ioz_1000202780.webp https://assets.wuiltstore.com/cmkupy6zv0prf01gnhbf75hz7_1000202782.webp https://assets.wuiltstore.com/cmkupy82s0prg01gne1ad085l_1000202779.webp https://assets.wuiltstore.com/cmkupy96k0prh01gnebq2cp7x_1000202776.webp https://assets.wuiltstore.com/cmkupyabb0pri01gnbhgq22g6_1000202777.webp https://assets.wuiltstore.com/cmkupybf90prj01gn9dnkbthb_1000202778.webp https://assets.wuiltstore.com/cmkuq0wai0prl01gn040e20zm_1000202791.webp https://assets.wuiltstore.com/cmkuq0yiu0prn01gn9ni5dmx9_1000202790.webp https://assets.wuiltstore.com/cmkuq0znt0pro01gnd34wdqid_1000202788.webp https://assets.wuiltstore.com/cmkuq10s00prp01gn4tsndu3m_1000202161.webp https://assets.wuiltstore.com/cmkuq11v90prq01gn2z644hp3_1000202160.webp https://assets.wuiltstore.com/cmkuq12w80prr01gnexcv8fff_1000202159.webp https://assets.wuiltstore.com/cmkuq13zg0prs01gn0a5za646_1000202158.webp https://assets.wuiltstore.com/cmkuq153a0prt01gn6zhs252x_1000202157.webp https://assets.wuiltstore.com/cmkuq168e0pru01gn3nc99n1x_1000202156.webp https://assets.wuiltstore.com/cmkuq17d00prv01gna3cwcrxg_1000202148.webp https://assets.wuiltstore.com/cmkuq18ic0prw01gn53rzbtga_1000202145.webp https://assets.wuiltstore.com/cmkuq19mj0prx01gn330cbfch_1000202146.webp https://assets.wuiltstore.com/cmkuq1arl0pry01gn8s8shdiv_1000202147.webp https://assets.wuiltstore.com/cmkuq1bw80prz01gnbdwmcqyq_1000202144.webp https://assets.wuiltstore.com/cmkuq1cy00ps001gn6crohi37_1000202143.webp,https://assets.wuiltstore.com/cmkuq1cy00ps001gn6crohi37_1000202143.webp,ACTIVE,,https://lolishop.wuiltstore.com/ar/product/all/مخمرية-فراولة,Global,2026-01-25T02:34:56.628Z,2026-01-26T08:26:53.666Z,,,,
مخمرية-فراولة,,,,,أشكال,خمسة ,,,,,,Available,60,,,,https://assets.wuiltstore.com/cmkuq11v90prq01gn2z644hp3_1000202160.webp,,,https://lolishop.wuiltstore.com/ar/product/all/مخمرية-فراولة,,,,,,,
مخمرية-فراولة,,,,,أشكال,أربعة ,,,,,,Available,60,,,,https://assets.wuiltstore.com/cmkupy82s0prg01gne1ad085l_1000202779.webp,,,https://lolishop.wuiltstore.com/ar/product/all/مخمرية-فراولة,,,,,,,
مخمرية-فراولة,,,,,أشكال,تلاتة ,,,,,,Available,60,,,,https://assets.wuiltstore.com/cmkupxzei0pr801gn0l7c7ywx_1000202785.webp,,,https://lolishop.wuiltstore.com/ar/product/all/مخمرية-فراولة,,,,,,,
مخمرية-فراولة,,,,,أشكال,اتنين ,,,,,,Available,60,,,,https://assets.wuiltstore.com/cmkupxvz50pr501gncqdb675l_1000202790.webp,,,https://lolishop.wuiltstore.com/ar/product/all/مخمرية-فراولة,,,,,,,
مخمرية-فراولة,,,,,أشكال,واحد,,,,,,Available,60,,,,https://assets.wuiltstore.com/cmksy60fj0ktg01gnbolfh77n_1000202151.webp,,,https://lolishop.wuiltstore.com/ar/product/all/مخمرية-فراولة,,,,,,,
⁨‫طقم-هايلايتر-‫6-ألوان-مميز-جدا⁩,طقم هايلايتر 6 ألوان مميز جدا ,,طقم هايلايتر 6 ألوان مميز جدا ,,,,,,,,,Available,150,,,https://assets.wuiltstore.com/cmkupstwl0pqr01gnfgj80im2_1000202726.webp https://assets.wuiltstore.com/cmkupsv8f0pqs01gnauwg4erq_1000202734.webp https://assets.wuiltstore.com/cmkupsw8c0pqt01gnh238gzva_1000202732.webp https://assets.wuiltstore.com/cmkupsxct0pqu01gn3tec3sij_1000202731.webp https://assets.wuiltstore.com/cmkupsyc20pqv01gn0avuafpc_1000202728.webp https://assets.wuiltstore.com/cmkupszjk0pqw01gndi3pgsfj_1000202729.webp https://assets.wuiltstore.com/cmkupt0sa0pqx01gn5ti2bgty_1000202730.webp https://assets.wuiltstore.com/cmkupt1ww0pqy01gna4fnc8md_1000202733.webp https://assets.wuiltstore.com/cmkupt42q0pr001gn8femhf6z_1000202727.webp https://assets.wuiltstore.com/cmkupt2vs0pqz01gn2snhbhaz_1000202725.webp,,ACTIVE,هايلايتر ,https://lolishop.wuiltstore.com/ar/product/all/⁨‫طقم-هايلايتر-‫6-ألوان-مميز-جدا⁩,Global,2026-01-26T08:16:17.089Z,2026-01-26T08:16:17.140Z,,,,
طقم-هايلايتر-سائل-حقنة,طقم هايلايتر سائل حقنة ,,طقم هايلايتر سائل حقنة ,,,,,,,,,Available,85,80,,https://assets.wuiltstore.com/cmkuoqwed0po201gneivl6bu9_1000203016.webp https://assets.wuiltstore.com/cmkuoqxkq0po301gn3kgc452t_1000203015.webp https://assets.wuiltstore.com/cmkuoqypf0po401gn8hgbbzy7_1000203011.webp https://assets.wuiltstore.com/cmkuoqzuz0po501gn4lzc0mmy_1000203014.webp https://assets.wuiltstore.com/cmkuor15d0po601gnc9p75i6t_1000203013.webp https://assets.wuiltstore.com/cmkuor2ah0po701gn78tu0co7_1000203012.webp https://assets.wuiltstore.com/cmkuor3hn0po801gn1llx2crb_1000203010.webp https://assets.wuiltstore.com/cmkuor5s40poa01gn874c649g_1000203009.webp https://assets.wuiltstore.com/cmkuor4nq0po901gn87wrdat1_1000203008.webp,,ACTIVE,هايلايتر ,https://lolishop.wuiltstore.com/ar/product/all/طقم-هايلايتر-سائل-حقنة,Global,2026-01-26T07:46:47.386Z,2026-01-26T07:46:47.432Z,,,,
⁨‫طقم-هايلايتر-فسفوري-‫6-ألوان⁩,طقم هايلايتر فسفوري 6 ألوان ,,طقم هايلايتر فسفوري 6 ألوان ,,,,,,,,,Available,100,,,https://assets.wuiltstore.com/cmkuoocfq0pno01gn5b02blz8_1000203064.webp https://assets.wuiltstore.com/cmkuoodjp0pnp01gnhibmfsr3_1000203063.webp https://assets.wuiltstore.com/cmkuooemx0pnq01gn4eji9muy_1000203062.webp https://assets.wuiltstore.com/cmkuoofrw0pnr01gnhta352cl_1000203061.webp https://assets.wuiltstore.com/cmkuoogso0pns01gn1xtseauu_1000203060.webp https://assets.wuiltstore.com/cmkuoohsb0pnt01gn55vg2p53_1000203059.webp https://assets.wuiltstore.com/cmkuooizp0pnu01gn3syv14sp_1000203057.webp https://assets.wuiltstore.com/cmkuook3f0pnv01gnhyhib8ob_1000203058.webp https://assets.wuiltstore.com/cmkuoom4w0pnx01gnci8o7zw8_1000203056.webp https://assets.wuiltstore.com/cmkuool0h0pnw01gnh4o62kjk_1000203055.webp,,ACTIVE,هايلايتر ,https://lolishop.wuiltstore.com/ar/product/all/⁨‫طقم-هايلايتر-فسفوري-‫6-ألوان⁩,Global,2026-01-26T07:44:48.189Z,2026-01-26T07:44:48.251Z,,,,
⁨‫طقم-هايلايتر-فسفوري-‫4-لون⁩,طقم هايلايتر فسفوري 4 لون ,,طقم هايلايتر فسفوري 4 لون ,,,,,,,,,Available,40,35,,https://assets.wuiltstore.com/cmkuomoa40pnf01gn7e3g0hqf_1000203074.webp https://assets.wuiltstore.com/cmkuomp7k0png01gnfg3x2w3l_1000203073.webp https://assets.wuiltstore.com/cmkuomq420pnh01gngykf8qm4_1000203072.webp https://assets.wuiltstore.com/cmkuomr3g0pni01gn9nca7k43_1000203071.webp https://assets.wuiltstore.com/cmkuoms170pnj01gn0cfjh598_1000203070.webp https://assets.wuiltstore.com/cmkuomsz00pnk01gn317k8l20_1000203069.webp https://assets.wuiltstore.com/cmkuomuxd0pnm01gn6w3x655j_1000203068.webp https://assets.wuiltstore.com/cmkuomu0w0pnl01gnbe0c9r2j_1000203067.webp,,ACTIVE,هايلايتر ,https://lolishop.wuiltstore.com/ar/product/all/⁨‫طقم-هايلايتر-فسفوري-‫4-لون⁩,Global,2026-01-26T07:43:30.261Z,2026-01-26T07:43:30.330Z,,,,
بلانر-كرومي,بلانر كرومي,,بلانر كرومي,,,,,,,,,Available,65,55,,https://assets.wuiltstore.com/cmkubuxq00omp01gneeiy8a5l_IMG20251231214541_5362.webp https://assets.wuiltstore.com/cmkubuyw60omq01gnd1hf67jh_IMG20251231214439_3487.webp https://assets.wuiltstore.com/cmkubv0160omr01gn7kbkdhsx_IMG20251231214547_7929.webp https://assets.wuiltstore.com/cmkubv1bt0oms01gnb7b5836b_IMG20251231214508_9225.webp https://assets.wuiltstore.com/cmkubv3pm0omu01gnap76g3x7_IMG20251231214514_5130.webp https://assets.wuiltstore.com/cmkubv2g30omt01gnhixb8agn_IMG20251231214550_7108.webp,,ACTIVE,بلانر وتودوليست,https://lolishop.wuiltstore.com/ar/product/all/بلانر-كرومي,Global,2026-01-26T01:46:00.711Z,2026-01-26T01:46:00.753Z,,,,
بلانر-الكتكوت-كبير,بلانر الكتكوت كبير,,بلانر الكتكوت كبير,,,,,,,,,Available,95,85,,https://assets.wuiltstore.com/cmkubstaz0omk01gnbjkucez9_IMG20251231221835_6009.webp https://assets.wuiltstore.com/cmkubsvix0omm01gn5r3cakxb_IMG20251231221826_3019.webp https://assets.wuiltstore.com/cmkubsugo0oml01gnbvibghvp_IMG20251231221824_4950.webp,,ACTIVE,بلانر وتودوليست,https://lolishop.wuiltstore.com/ar/product/all/بلانر-الكتكوت-كبير,Global,2026-01-26T01:44:21.696Z,2026-01-26T01:44:21.728Z,,,,
بلانر-الكتكوت-صغير,بلانر الكتكوت صغير,,بلانر الكتكوت صغير,,,,,,,,,Available,65,55,,https://assets.wuiltstore.com/cmkubpu3j0om401gn76mve910_IMG20251231214828_7053.webp https://assets.wuiltstore.com/cmkubpvbi0om501gn11ex91f7_IMG20251231214740_2877.webp https://assets.wuiltstore.com/cmkubpwfo0om601gn65qr1b27_IMG20251231214747_3886.webp https://assets.wuiltstore.com/cmkubpxl40om701gn4u9pfwpa_IMG20251231214752_4172.webp https://assets.wuiltstore.com/cmkubpyqa0om801gn7mooaozz_IMG20251231214754_9328.webp https://assets.wuiltstore.com/cmkubpzxf0om901gn98t2909l_IMG20251231214818_5366.webp https://assets.wuiltstore.com/cmkubq16f0oma01gn08ga3ovw_IMG20251231214833_4611.webp,,ACTIVE,بلانر وتودوليست,https://lolishop.wuiltstore.com/ar/product/all/بلانر-الكتكوت-صغير,Global,2026-01-26T01:42:02.685Z,2026-01-26T01:42:02.783Z,,,,
بلانر-الدببة-الثلاثة,بلانر الدببة الثلاثة,,بلانر الدببة الثلاثة,,,,,,,,,Available,65,55,,https://assets.wuiltstore.com/cmku8yaoe0obn01gnel9z7ndp_IMG20251231214336_7343.webp https://assets.wuiltstore.com/cmku8ybxo0obo01gn96634u3a_IMG20251231214243_7051.webp https://assets.wuiltstore.com/cmku8yegi0obq01gna6ur3t8r_IMG20251231214259_3517.webp https://assets.wuiltstore.com/cmku8yd2t0obp01gnbd05gn15_IMG20251231214339_1403.webp,,ACTIVE,بلانر وتودوليست,https://lolishop.wuiltstore.com/ar/product/all/بلانر-الدببة-الثلاثة,Global,2026-01-26T00:24:38.597Z,2026-01-26T00:24:38.660Z,,,,
منظم-درج-خمس-خانات,منظم درج خمس خانات ,,منظم درج خمس خانات ,,ألوان,أبيض ,,,,,,Available,25,,,https://assets.wuiltstore.com/cmkswpimf0koz01gne0do6r2g_1000202396.webp https://assets.wuiltstore.com/cmkswpew50kov01gnev280sjm_1000202398.webp https://assets.wuiltstore.com/cmkswpfxd0kow01gn7xoi4ync_1000202397.webp https://assets.wuiltstore.com/cmkswpgqj0kox01gnertccnrx_1000202399.webp https://assets.wuiltstore.com/cmkswphkh0koy01gnffze0wnx_1000202400.webp https://assets.wuiltstore.com/cmkswpjld0kp001gndc8v0o6t_1000202395.webp,https://assets.wuiltstore.com/cmkswpfxd0kow01gn7xoi4ync_1000202397.webp,ACTIVE,منظمات مكتب,https://lolishop.wuiltstore.com/ar/product/all/منظم-درج-خمس-خانات,Global,2026-01-25T01:54:02.598Z,2026-01-26T00:08:22.110Z,,,,
منظم-درج-خمس-خانات,,,,,ألوان,بنك ,,,,,,Available,25,,,,https://assets.wuiltstore.com/cmkswpgqj0kox01gnertccnrx_1000202399.webp,,,https://lolishop.wuiltstore.com/ar/product/all/منظم-درج-خمس-خانات,,,,,,,
المنظم-اليومي-استيتش,المنظم اليومي استيتش,,المنظم اليومي استيتش,,,,,,,,,Available,65,55,,https://assets.wuiltstore.com/cmku89yzc0o8801gnaxw09wmz_IMG20251231214707_3301.webp https://assets.wuiltstore.com/cmku8a09g0o8901gn56vlaxtf_IMG20251231214624_2626.webp https://assets.wuiltstore.com/cmku8a1if0o8a01gn1hfwajvc_IMG20251231214635_4151.webp https://assets.wuiltstore.com/cmku8a2ot0o8b01gn9v7m01cz_IMG20251231214643_4175.webp https://assets.wuiltstore.com/cmku8a3ux0o8c01gnbnejd3cx_IMG20251231214700_4995.webp https://assets.wuiltstore.com/cmku8a6ee0o8e01gn17iua8au_IMG20251231214720_7820.webp https://assets.wuiltstore.com/cmku8a53u0o8d01gncbrg5i05_IMG20251231214713_9382.webp,,ACTIVE,بلانر وتودوليست,https://lolishop.wuiltstore.com/ar/product/all/المنظم-اليومي-استيتش,Global,2026-01-26T00:05:43.704Z,2026-01-26T00:05:43.984Z,,,,
مكعبات-ثلج-سيليكون-بغطاء,مكعبات ثلج سيليكون بغطاء ,,مكعبات ثلج سيليكون بغطاء ,,ألوان,اصفر ,,,,,,Available,60,55,,https://assets.wuiltstore.com/cmksz3d7s0kvn01gn0wn86yt8_1000202300.webp https://assets.wuiltstore.com/cmksz3emm0kvo01gn2fxn2b0e_1000202301.webp https://assets.wuiltstore.com/cmksz3fv20kvp01gnf8e8eorq_1000202302.webp https://assets.wuiltstore.com/cmksz3hzw0kvr01gn5mepev67_1000202298.webp https://assets.wuiltstore.com/cmksz3h260kvq01gngdjn4di0_1000202295.webp,https://assets.wuiltstore.com/cmksz3h260kvq01gngdjn4di0_1000202295.webp,ACTIVE,"منتجات أخري,مجات وزجاجة",https://lolishop.wuiltstore.com/ar/product/all/مكعبات-ثلج-سيليكون-بغطاء,Global,2026-01-25T03:00:52.848Z,2026-01-25T03:02:12.163Z,,,,
مكعبات-ثلج-سيليكون-بغطاء,,,,,ألوان,اخضر ,,,,,,Available,60,55,,,https://assets.wuiltstore.com/cmksz3hzw0kvr01gn5mepev67_1000202298.webp,,,https://lolishop.wuiltstore.com/ar/product/all/مكعبات-ثلج-سيليكون-بغطاء,,,,,,,
مكعبات-ثلج-سيليكون-بغطاء,,,,,ألوان,موف ,,,,,,Available,60,55,,,https://assets.wuiltstore.com/cmksz3fv20kvp01gnf8e8eorq_1000202302.webp,,,https://lolishop.wuiltstore.com/ar/product/all/مكعبات-ثلج-سيليكون-بغطاء,,,,,,,
منامه-العين,منامه العين ,,منامه العين ,,ألوان,اصفر ,,,,,,Available,60,55,,https://assets.wuiltstore.com/cmksyz8a90kva01gna8qee2w5_1000202310.webp https://assets.wuiltstore.com/cmksyz9d90kvb01gnhpb66ol9_1000202307.webp https://assets.wuiltstore.com/cmksyzah30kvc01gnaeq76lr4_1000202308.webp https://assets.wuiltstore.com/cmksyzbnr0kvd01gnhgwjeukw_1000202306.webp https://assets.wuiltstore.com/cmksyzct50kve01gnd7fmdfct_1000202309.webp https://assets.wuiltstore.com/cmksyzdzc0kvf01gndgvcg1tn_1000202303.webp https://assets.wuiltstore.com/cmksyzf1s0kvg01gn7z4n9mbv_1000202304.webp https://assets.wuiltstore.com/cmksyzg4h0kvh01gncjiw29ez_1000202305.webp,https://assets.wuiltstore.com/cmksyzbnr0kvd01gnhgwjeukw_1000202306.webp,ACTIVE,منتجات أخري,https://lolishop.wuiltstore.com/ar/product/all/منامه-العين,Global,2026-01-25T02:57:39.770Z,2026-01-25T02:58:25.419Z,,,,
منامه-العين,,,,,ألوان,اخضر ,,,,,,Available,60,55,,,https://assets.wuiltstore.com/cmksyz8a90kva01gna8qee2w5_1000202310.webp,,,https://lolishop.wuiltstore.com/ar/product/all/منامه-العين,,,,,,,
منامه-العين,,,,,ألوان,ازرق,,,,,,Available,60,55,,,https://assets.wuiltstore.com/cmksyz9d90kvb01gnhpb66ol9_1000202307.webp,,,https://lolishop.wuiltstore.com/ar/product/all/منامه-العين,,,,,,,
منظم-أقلام,منظم أقلام ,,منظم أقلام ,,ألوان,فوشيا ,,,,,,Available,35,30,,https://assets.wuiltstore.com/cmksys9lq0kuy01gn1t5m8xsk_1000202343.webp https://assets.wuiltstore.com/cmksysav30kuz01gnhtibaeau_1000202340.webp https://assets.wuiltstore.com/cmksysc5a0kv001gng9b19mjs_1000202339.webp https://assets.wuiltstore.com/cmksysi8w0kv501gn47vi2i6g_1000202336.webp https://assets.wuiltstore.com/cmksysddl0kv101gn8kr8gu7u_1000202337.webp https://assets.wuiltstore.com/cmksysem90kv201gnfqm45zhh_1000202342.webp https://assets.wuiltstore.com/cmksysfsc0kv301gn3sruaqyu_1000202341.webp https://assets.wuiltstore.com/cmksysgx40kv401gn0upj8woc_1000202335.webp,https://assets.wuiltstore.com/cmksysc5a0kv001gng9b19mjs_1000202339.webp,ACTIVE,منظمات مكتب,https://lolishop.wuiltstore.com/ar/product/all/منظم-أقلام,Global,2026-01-25T02:52:14.933Z,2026-01-25T02:52:54.203Z,,,,
منظم-أقلام,,,,,ألوان,بنك ,,,,,,Available,35,30,,,https://assets.wuiltstore.com/cmksys9lq0kuy01gn1t5m8xsk_1000202343.webp,,,https://lolishop.wuiltstore.com/ar/product/all/منظم-أقلام,,,,,,,
منظم-أقلام,,,,,ألوان,اصفر ,,,,,,Available,35,30,,,https://assets.wuiltstore.com/cmksysddl0kv101gn8kr8gu7u_1000202337.webp,,,https://lolishop.wuiltstore.com/ar/product/all/منظم-أقلام,,,,,,,
منظم-أقلام,,,,,ألوان,موف ,,,,,,Available,35,30,,,https://assets.wuiltstore.com/cmksysav30kuz01gnhtibaeau_1000202340.webp,,,https://lolishop.wuiltstore.com/ar/product/all/منظم-أقلام,,,,,,,
مقلمة-معدن-اسود-مدور,مقلمة معدن اسود مدور ,,مقلمة معدن اسود مدور ,,,,,,,,,Available,40,,,https://assets.wuiltstore.com/cmksy0rlz0ksp01gnehw84glr_1000202262.webp https://assets.wuiltstore.com/cmksy0svc0ksq01gn72w03iue_1000202261.webp https://assets.wuiltstore.com/cmksy0vjh0kss01gn1mbt5lw4_1000202263.webp https://assets.wuiltstore.com/cmksy0u7c0ksr01gndozlebv1_1000202264.webp,,ACTIVE,منظمات مكتب,https://lolishop.wuiltstore.com/ar/product/all/مقلمة-معدن-اسود-مدور,Global,2026-01-25T02:30:46.030Z,2026-01-25T02:30:46.068Z,,,,
مقلمة-معدن-اسود-مربع,مقلمة معدن اسود مربع ,,مقلمة معدن اسود مربع ,,,,,,,,,Available,40,,,https://assets.wuiltstore.com/cmksxzkiq0ksd01gnb7q8ee25_1000202268.webp https://assets.wuiltstore.com/cmksxzlue0kse01gn893w84jg_1000202267.webp https://assets.wuiltstore.com/cmksxzok00ksg01gng1grbnah_1000202265.webp https://assets.wuiltstore.com/cmksxzn8g0ksf01gn3u0shse7_1000202266.webp,,ACTIVE,منظمات مكتب,https://lolishop.wuiltstore.com/ar/product/all/مقلمة-معدن-اسود-مربع,Global,2026-01-25T02:29:55.966Z,2026-01-25T02:29:56.016Z,,,,
منبه-ديجيتال-أبيض,منبه ديجيتال أبيض ,,منبه ديجيتال أبيض ,,,,,,,,,Available,170,160,,https://assets.wuiltstore.com/cmksxsapj0krf01gnarl1a17c_1000202326.webp https://assets.wuiltstore.com/cmksxsbi80krg01gn4th18ufs_1000202325.webp https://assets.wuiltstore.com/cmksxsck00krh01gnedz2elew_1000202324.webp https://assets.wuiltstore.com/cmksxsdfo0kri01gnbag7eumd_1000202321.webp https://assets.wuiltstore.com/cmksxse220krj01gn6d59aqxv_1000202322.webp https://assets.wuiltstore.com/cmksxseyu0krk01gn7a613fik_1000202323.webp https://assets.wuiltstore.com/cmksxsfr30krl01gnf1bna0m4_1000202329.webp https://assets.wuiltstore.com/cmksxshzu0krn01gn298k4xqy_1000202328.webp https://assets.wuiltstore.com/cmksxsgwf0krm01gnct2a0luo_1000202327.webp,,ACTIVE,أباجورة ومنبه ,https://lolishop.wuiltstore.com/ar/product/all/منبه-ديجيتال-أبيض,Global,2026-01-25T02:24:16.979Z,2026-01-25T02:24:17.120Z,,,,
منظم-أقلام-٤-خانة,منظم أقلام ٤ خانة ,,منظم أقلام ٤ خانة ,,ألوان,اصفر ,,,,,,Available,35,,,https://assets.wuiltstore.com/cmksxo0ve0kqw01gn8hzcaqs2_1000202358.webp https://assets.wuiltstore.com/cmksxo2cu0kqx01gnhzgig0p0_1000202357.webp https://assets.wuiltstore.com/cmksxo3m00kqy01gn1keq5lkh_1000202356.webp https://assets.wuiltstore.com/cmksxo4ui0kqz01gn8kjfcq90_1000202355.webp https://assets.wuiltstore.com/cmksxo6250kr001gnabt2goa6_1000202354.webp https://assets.wuiltstore.com/cmksxo7cz0kr101gn0gmuh9la_1000202353.webp https://assets.wuiltstore.com/cmksxo8pu0kr201gnf9tv1eqq_1000202352.webp https://assets.wuiltstore.com/cmksxo9z10kr301gn0exa9n3a_1000202351.webp https://assets.wuiltstore.com/cmksxocks0kr501gnf7p8augq_1000202350.webp https://assets.wuiltstore.com/cmksxobch0kr401gnhzyl3gts_1000202349.webp,https://assets.wuiltstore.com/cmksxo4ui0kqz01gn8kjfcq90_1000202355.webp,ACTIVE,منظمات مكتب,https://lolishop.wuiltstore.com/ar/product/all/منظم-أقلام-٤-خانة,Global,2026-01-25T02:20:57.271Z,2026-01-25T02:21:50.917Z,,,,
منظم-أقلام-٤-خانة,,,,,ألوان,رمادي ,,,,,,Available,35,,,,https://assets.wuiltstore.com/cmksxo0ve0kqw01gn8hzcaqs2_1000202358.webp,,,https://lolishop.wuiltstore.com/ar/product/all/منظم-أقلام-٤-خانة,,,,,,,
منظم-أقلام-٤-خانة,,,,,ألوان,منت ,,,,,,Available,35,,,,https://assets.wuiltstore.com/cmksxo2cu0kqx01gnhzgig0p0_1000202357.webp,,,https://lolishop.wuiltstore.com/ar/product/all/منظم-أقلام-٤-خانة,,,,,,,
منظم-أقلام-٤-خانة,,,,,ألوان,بنك ,,,,,,Available,35,,,,https://assets.wuiltstore.com/cmksxo9z10kr301gn0exa9n3a_1000202351.webp,,,https://lolishop.wuiltstore.com/ar/product/all/منظم-أقلام-٤-خانة,,,,,,,
منظم-أقلام-رتان,منظم أقلام رتان ,,منظم أقلام رتان ,,ألوان,منت ,,,,,,Available,35,,,https://assets.wuiltstore.com/cmksxi7zg0kql01gndizp641n_1000202366.webp https://assets.wuiltstore.com/cmksxi96j0kqm01gn55urcamz_1000202367.webp https://assets.wuiltstore.com/cmksxiafc0kqn01gn4mpmex11_1000202368.webp https://assets.wuiltstore.com/cmksxibri0kqo01gn3u5q5r4u_1000202363.webp https://assets.wuiltstore.com/cmksxid0n0kqp01gn3o2sgktr_1000202364.webp https://assets.wuiltstore.com/cmksxie8x0kqq01gn7v6fhu8z_1000202359.webp https://assets.wuiltstore.com/cmksxifhk0kqr01gna8g72mx9_1000202361.webp https://assets.wuiltstore.com/cmksxigpn0kqs01gn8oba2d17_1000202362.webp https://assets.wuiltstore.com/cmksxij7k0kqu01gnfphg1jik_1000202360.webp https://assets.wuiltstore.com/cmksxii130kqt01gn971315nd_1000202365.webp,https://assets.wuiltstore.com/cmksxij7k0kqu01gnfphg1jik_1000202360.webp,ACTIVE,منظمات مكتب,https://lolishop.wuiltstore.com/ar/product/all/منظم-أقلام-رتان,Global,2026-01-25T02:16:26.661Z,2026-01-25T02:17:12.313Z,,,,
منظم-أقلام-رتان,,,,,ألوان,بيج,,,,,,Available,35,,,,https://assets.wuiltstore.com/cmksxie8x0kqq01gn7v6fhu8z_1000202359.webp,,,https://lolishop.wuiltstore.com/ar/product/all/منظم-أقلام-رتان,,,,,,,
منظم-أقلام-رتان,,,,,ألوان,اخضر ,,,,,,Available,35,,,,https://assets.wuiltstore.com/cmksxi96j0kqm01gn55urcamz_1000202367.webp,,,https://lolishop.wuiltstore.com/ar/product/all/منظم-أقلام-رتان,,,,,,,
منظم-أقلام-رتان,,,,,ألوان,أبيض ,,,,,,Available,35,,,,https://assets.wuiltstore.com/cmksxi7zg0kql01gndizp641n_1000202366.webp,,,https://lolishop.wuiltstore.com/ar/product/all/منظم-أقلام-رتان,,,,,,,
منظم-أقلام-كتكوت,منظم أقلام كتكوت ,,منظم أقلام كتكوت ,,,,,,,,,Available,50,45,,https://assets.wuiltstore.com/cmksxej150kq601gngteaebhc_1000202377.webp https://assets.wuiltstore.com/cmksxek5p0kq701gne1smgd1b_1000202376.webp https://assets.wuiltstore.com/cmksxeldz0kq801gn2hvq1d3s_1000202375.webp https://assets.wuiltstore.com/cmksxemj20kq901gn4hcn4il9_1000202374.webp https://assets.wuiltstore.com/cmksxenlq0kqa01gndbhx37ve_1000202373.webp https://assets.wuiltstore.com/cmksxeoua0kqb01gn5hrwcdft_1000202372.webp https://assets.wuiltstore.com/cmksxeq4g0kqc01gn3hvh0rfm_1000202371.webp https://assets.wuiltstore.com/cmksxesm20kqe01gn052tf79l_1000202370.webp https://assets.wuiltstore.com/cmksxerd40kqd01gn6u5wb83d_1000202369.webp,,ACTIVE,منظمات مكتب,https://lolishop.wuiltstore.com/ar/product/all/منظم-أقلام-كتكوت,Global,2026-01-25T02:13:34.450Z,2026-01-25T02:13:34.496Z,,,,
منظم-فرنسي3دور,منظم فرنسي3دور ,,منظم فرنسي3دور ,,ألوان,أبيض ,,,,,,Available,95,,,https://assets.wuiltstore.com/cmksw24070km701gngwxx3t7g_1000202422.webp https://assets.wuiltstore.com/cmksw24mw0km801gnaq0u29l9_1000202421.webp https://assets.wuiltstore.com/cmksw25d40km901gnf8wl3h8z_1000202420.webp https://assets.wuiltstore.com/cmksw26ru0kmb01gn1o6nhk1p_1000202419.webp https://assets.wuiltstore.com/cmksw262t0kma01gnaclc031p_1000202418.webp,https://assets.wuiltstore.com/cmksw26ru0kmb01gn1o6nhk1p_1000202419.webp,ACTIVE,منظمات مكتب,https://lolishop.wuiltstore.com/ar/product/all/منظم-فرنسي3دور,Global,2026-01-25T01:35:55.602Z,2026-01-25T01:39:12.613Z,,,,
منظم-فرنسي3دور,,,,,ألوان,رمادي ,,,,,,Available,95,,,,https://assets.wuiltstore.com/cmksw24mw0km801gnaq0u29l9_1000202421.webp,,,https://lolishop.wuiltstore.com/ar/product/all/منظم-فرنسي3دور,,,,,,,
منظم-فرنسي3دور,,,,,ألوان,بنك ,,,,,,Available,95,,,,https://assets.wuiltstore.com/cmksw24070km701gngwxx3t7g_1000202422.webp,,,https://lolishop.wuiltstore.com/ar/product/all/منظم-فرنسي3دور,,,,,,,
⁨‫منظم-فرنسي-‫4-أدوار⁩,منظم فرنسي 4 أدوار ,,منظم فرنسي 4 أدوار ,,ألوان,بنك ,,,,,,Available,130,120,,https://assets.wuiltstore.com/cmksvzvc00kls01gn8ok2850i_1000202428.webp https://assets.wuiltstore.com/cmksvzw6q0klt01gn53jd0xvf_1000202427.webp https://assets.wuiltstore.com/cmksvzx3z0klu01gn65t07q8e_1000202423.webp https://assets.wuiltstore.com/cmksvzxn80klv01gnei78b08z_1000202426.webp https://assets.wuiltstore.com/cmksvzzgb0klx01gn3rua0pp8_1000202425.webp https://assets.wuiltstore.com/cmksvzyir0klw01gn8dfu8kwd_1000202424.webp,https://assets.wuiltstore.com/cmksvzyir0klw01gn8dfu8kwd_1000202424.webp,ACTIVE,منظمات مكتب,https://lolishop.wuiltstore.com/ar/product/all/⁨‫منظم-فرنسي-‫4-أدوار⁩,Global,2026-01-25T01:34:10.975Z,2026-01-25T01:38:36.169Z,,,,
⁨‫منظم-فرنسي-‫4-أدوار⁩,,,,,ألوان,ابيض,,,,,,Available,130,120,,,https://assets.wuiltstore.com/cmksvzx3z0klu01gn65t07q8e_1000202423.webp,,,https://lolishop.wuiltstore.com/ar/product/all/⁨‫منظم-فرنسي-‫4-أدوار⁩,,,,,,,
⁨‫منظم-فرنسي-‫4-أدوار⁩,,,,,ألوان,رمادي ,,,,,,Available,130,120,,,https://assets.wuiltstore.com/cmksvzvc00kls01gn8ok2850i_1000202428.webp,,,https://lolishop.wuiltstore.com/ar/product/all/⁨‫منظم-فرنسي-‫4-أدوار⁩,,,,,,,
⁨‫طقم-هايلايتر-‫4-ألوان-باستل⁩,طقم هايلايتر 4 ألوان باستل ,,طقم هايلايتر 4 ألوان باستل ,,,,,,,,,Available,45,,,https://assets.wuiltstore.com/cmksvsy330kl501gn2leb3c27_1000202494.webp https://assets.wuiltstore.com/cmksvszb80kl601gn8hxp0klw_1000202491.webp https://assets.wuiltstore.com/cmksvt0gz0kl701gn0ibwf287_1000202492.webp https://assets.wuiltstore.com/cmksvt1or0kl801gn2bnc7ppx_1000202489.webp https://assets.wuiltstore.com/cmksvt3ur0kla01gnc7hz7z53_1000202493.webp https://assets.wuiltstore.com/cmksvt2pd0kl901gnczih5kbp_1000202490.webp,,ACTIVE,هايلايتر ,https://lolishop.wuiltstore.com/ar/product/all/⁨‫طقم-هايلايتر-‫4-ألوان-باستل⁩,Global,2026-01-25T01:28:47.805Z,2026-01-25T01:28:47.897Z,,,,
⁨‫طقم-هايلايتر-‫4-ألوان⁩,طقم هايلايتر 4 ألوان ,,طقم هايلايتر 4 ألوان ,,,,,,,,,Available,130,120,,https://assets.wuiltstore.com/cmksvquvk0kkl01gn0v5gdc9n_1000202504.webp https://assets.wuiltstore.com/cmksvqvsy0kkm01gnddvq3q3c_1000202503.webp https://assets.wuiltstore.com/cmksvqwv50kkn01gn6usj7xmq_1000202500.webp https://assets.wuiltstore.com/cmksvqy2p0kko01gnf1ej2la0_1000202502.webp https://assets.wuiltstore.com/cmksvqzat0kkp01gneei25cyt_1000202501.webp https://assets.wuiltstore.com/cmksvr0at0kkq01gng34rcqtf_1000202499.webp https://assets.wuiltstore.com/cmksvr1i70kkr01gn76tnhr7r_1000202497.webp https://assets.wuiltstore.com/cmksvr2ps0kks01gnczs36kmh_1000202495.webp https://assets.wuiltstore.com/cmksvr4z60kku01gnf9sibr9f_1000202496.webp https://assets.wuiltstore.com/cmksvr3s50kkt01gn6eu616kp_1000202498.webp,,ACTIVE,هايلايتر ,https://lolishop.wuiltstore.com/ar/product/all/⁨‫طقم-هايلايتر-‫4-ألوان⁩,Global,2026-01-25T01:27:09.209Z,2026-01-25T01:27:09.255Z,,,,
⁨‫طقم-هايلايتر-‫2-‫1⁩,طقم هايلايتر 2*1 ,,طقم هايلايتر 2*1 ,,,,,,,,,Available,80,,,https://assets.wuiltstore.com/cmksvop9y0kk601gn83df3wkc_1000202505.webp https://assets.wuiltstore.com/cmksvoqgj0kk701gn25i32qgc_1000202508.webp https://assets.wuiltstore.com/cmksvoro40kk801gnbevo0wf5_1000202507.webp https://assets.wuiltstore.com/cmksvostl0kk901gn1nm6cusm_1000202506.webp https://assets.wuiltstore.com/cmksvotzc0kka01gnfu71ec3a_1000202509.webp https://assets.wuiltstore.com/cmksvov470kkb01gn3azqcg8v_1000202510.webp https://assets.wuiltstore.com/cmksvowbm0kkc01gndsdoar2o_1000202511.webp https://assets.wuiltstore.com/cmksvoxft0kkd01gne55uhau8_1000202514.webp https://assets.wuiltstore.com/cmksvozi60kkf01gn6efhe2u2_1000202513.webp https://assets.wuiltstore.com/cmksvoyem0kke01gnd7tqaxmn_1000202512.webp,,ACTIVE,هايلايتر ,https://lolishop.wuiltstore.com/ar/product/all/⁨‫طقم-هايلايتر-‫2-‫1⁩,Global,2026-01-25T01:25:29.773Z,2026-01-25T01:25:29.811Z,,,,
ميداليه-أذكار-الصباح-والمساء,ميداليه أذكار الصباح والمساء ,,ميداليه أذكار الصباح والمساء ,,,,,,,,,Available,30,,,https://assets.wuiltstore.com/cmksqfk060k3l01gng052275t_1000201904.webp https://assets.wuiltstore.com/cmksqfkxt0k3m01gn3ysd52au_1000201906.webp https://assets.wuiltstore.com/cmksqflug0k3n01gn57az8mc5_1000201908.webp https://assets.wuiltstore.com/cmksqfmr40k3o01gn2la4gixf_1000201907.webp https://assets.wuiltstore.com/cmksqfnng0k3p01gnbbmd6ps6_1000201905.webp https://assets.wuiltstore.com/cmksqfok10k3q01gnb1z59dsg_1000201909.webp https://assets.wuiltstore.com/cmksqfpfx0k3r01gn9kko02zb_1000201910.webp,,ACTIVE,منتجات أخري,https://lolishop.wuiltstore.com/ar/product/all/ميداليه-أذكار-الصباح-والمساء,Global,2026-01-24T22:58:25.068Z,2026-01-24T22:58:25.109Z,,,,
منظم-معدن-ألوان,منظم معدن ألوان ,,منظم معدن ألوان ,,ألوان,ازرق,,,,,,Available,110,95,,https://assets.wuiltstore.com/cmksq7ii70k2501gn8d2zg8mx_1000201914.webp https://assets.wuiltstore.com/cmksq7jzp0k2601gn6x9k8d62_1000201919.webp https://assets.wuiltstore.com/cmksq7ppe0k2a01gngnr9b0vi_1000201921.webp https://assets.wuiltstore.com/cmksq7ldg0k2701gnegqm2lds_1000201920.webp https://assets.wuiltstore.com/cmksq7mty0k2801gn3idvc7y3_1000201918.webp https://assets.wuiltstore.com/cmksq7oax0k2901gnbgo86e0m_1000201922.webp https://assets.wuiltstore.com/cmksq7r400k2b01gna3yw02jy_1000201915.webp https://assets.wuiltstore.com/cmksq7tyv0k2d01gnhvjnf7ce_1000201916.webp https://assets.wuiltstore.com/cmksq7sl90k2c01gnh3pnatgv_1000201917.webp,https://assets.wuiltstore.com/cmksq7jzp0k2601gn6x9k8d62_1000201919.webp,ACTIVE,منظمات مكتب,https://lolishop.wuiltstore.com/ar/product/all/منظم-معدن-ألوان,Global,2026-01-24T22:52:09.703Z,2026-01-24T22:52:41.086Z,,,,
منظم-معدن-ألوان,,,,,ألوان,موف ,,,,,,Available,110,95,,,https://assets.wuiltstore.com/cmksq7oax0k2901gnbgo86e0m_1000201922.webp,,,https://lolishop.wuiltstore.com/ar/product/all/منظم-معدن-ألوان,,,,,,,
منظم-معدن-ألوان,,,,,ألوان,اخضر ,,,,,,Available,110,95,,,https://assets.wuiltstore.com/cmksq7ii70k2501gn8d2zg8mx_1000201914.webp,,,https://lolishop.wuiltstore.com/ar/product/all/منظم-معدن-ألوان,,,,,,,
منظم-لابوبو,منظم لابوبو ,,منظم لابوبو ,,ألوان,اصفر ,,,,,,Available,70,65,,https://assets.wuiltstore.com/cmkspwpp10k0501gn0un3gc4e_1000201928.webp https://assets.wuiltstore.com/cmkspwqrl0k0601gn134r692v_1000201927.webp https://assets.wuiltstore.com/cmkspwveh0k0a01gnabckbjai_1000201933.webp https://assets.wuiltstore.com/cmkspwrwn0k0701gn02r0d7cv_1000201930.webp https://assets.wuiltstore.com/cmkspwt2h0k0801gncsgl6dns_1000201932.webp https://assets.wuiltstore.com/cmkspwu800k0901gnc2qa4x15_1000201929.webp https://assets.wuiltstore.com/cmkspwwkh0k0b01gnguux66k7_1000201934.webp https://assets.wuiltstore.com/cmkspwxql0k0c01gn7cy7bubk_1000201931.webp https://assets.wuiltstore.com/cmkspwzz00k0e01gngsi6gn8g_1000201926.webp https://assets.wuiltstore.com/cmkspwyvk0k0d01gngdgk8rbc_1000201935.webp,https://assets.wuiltstore.com/cmkspwxql0k0c01gn7cy7bubk_1000201931.webp,ACTIVE,منظمات مكتب,https://lolishop.wuiltstore.com/ar/product/all/منظم-لابوبو,Global,2026-01-24T22:43:45.869Z,2026-01-24T22:45:46.251Z,,,,
منظم-لابوبو,,,,,ألوان,موف ,,,,,,Available,70,65,,,https://assets.wuiltstore.com/cmkspwqrl0k0601gn134r692v_1000201927.webp,,,https://lolishop.wuiltstore.com/ar/product/all/منظم-لابوبو,,,,,,,
منظم-لابوبو,,,,,ألوان,اخضر ,,,,,,Available,70,65,,,https://assets.wuiltstore.com/cmkspwt2h0k0801gncsgl6dns_1000201932.webp,,,https://lolishop.wuiltstore.com/ar/product/all/منظم-لابوبو,,,,,,,
منظم-لابوبو,,,,,ألوان,بنك ,,,,,,Available,70,65,,,https://assets.wuiltstore.com/cmkspwpp10k0501gn0un3gc4e_1000201928.webp,,,https://lolishop.wuiltstore.com/ar/product/all/منظم-لابوبو,,,,,,,
⁨‫ميني-نوت-استيتش-مدرج-‫3-طبقات⁩,ميني نوت استيتش مدرج 3 طبقات ,,ميني نوت استيتش مدرج 3 طبقات ,,أشكال,أربعة ,,,,,,Available,50,45,,https://assets.wuiltstore.com/cmksnmqto0jpb01gn2i6fb09l_1000201604.webp https://assets.wuiltstore.com/cmksnmoe80jp901gn0azs5qie_1000201603.webp https://assets.wuiltstore.com/cmksnmply0jpa01gn6uwl0eft_1000201605.webp https://assets.wuiltstore.com/cmksnmvos0jpf01gngmrgh9cm_1000201611.webp https://assets.wuiltstore.com/cmksnms070jpc01gnh2gkegct_1000201606.webp https://assets.wuiltstore.com/cmksnmt4e0jpd01gnc91kevou_1000201607.webp https://assets.wuiltstore.com/cmksnmudz0jpe01gn2ogjf8m0_1000201608.webp https://assets.wuiltstore.com/cmksnmwxj0jpg01gnags93au0_1000201610.webp https://assets.wuiltstore.com/cmksnmze40jpi01gngzvn1ju4_1000201609.webp https://assets.wuiltstore.com/cmksnmy5q0jph01gn26ta84xu_1000201612.webp,https://assets.wuiltstore.com/cmksnmt4e0jpd01gnc91kevou_1000201607.webp,ACTIVE,دفاتر ونوت بوك,https://lolishop.wuiltstore.com/ar/product/all/⁨‫ميني-نوت-استيتش-مدرج-‫3-طبقات⁩,Global,2026-01-24T21:39:58.403Z,2026-01-24T21:50:06.075Z,,,,
⁨‫ميني-نوت-استيتش-مدرج-‫3-طبقات⁩,,,,,أشكال,تلاتة ,,,,,,Available,50,45,,,https://assets.wuiltstore.com/cmksnmvos0jpf01gngmrgh9cm_1000201611.webp,,,https://lolishop.wuiltstore.com/ar/product/all/⁨‫ميني-نوت-استيتش-مدرج-‫3-طبقات⁩,,,,,,,
⁨‫ميني-نوت-استيتش-مدرج-‫3-طبقات⁩,,,,,أشكال,اتنين ,,,,,,Available,50,45,,,https://assets.wuiltstore.com/cmksnmqto0jpb01gn2i6fb09l_1000201604.webp,,,https://lolishop.wuiltstore.com/ar/product/all/⁨‫ميني-نوت-استيتش-مدرج-‫3-طبقات⁩,,,,,,,
⁨‫ميني-نوت-استيتش-مدرج-‫3-طبقات⁩,,,,,أشكال,واحد,,,,,,Available,50,45,,,https://assets.wuiltstore.com/cmksnmoe80jp901gn0azs5qie_1000201603.webp,,,https://lolishop.wuiltstore.com/ar/product/all/⁨‫ميني-نوت-استيتش-مدرج-‫3-طبقات⁩,,,,,,,
نوته-فواصل-استيتش-كبير,نوته فواصل استيتش كبير ,,نوته فواصل استيتش كبير ,,لون,ازرق ,,,,,,Available,60,55,,https://assets.wuiltstore.com/cmknvid1w08lj01gnd5t65skh_1000197907.webp https://assets.wuiltstore.com/cmknvimd208lq01gn1de160ij_1000197912.webp https://assets.wuiltstore.com/cmknvigvl08lm01gn80fvaluf_1000197910.webp https://assets.wuiltstore.com/cmknviag008lh01gnejencc4q_1000197914.webp https://assets.wuiltstore.com/cmknvibrq08li01gnhdu59ux6_1000197906.webp https://assets.wuiltstore.com/cmknvii9h08ln01gn3o9u494i_1000197909.webp https://assets.wuiltstore.com/cmknviec208lk01gn9f1b9jhu_1000197908.webp https://assets.wuiltstore.com/cmknvifmo08ll01gnh56661c4_1000197911.webp https://assets.wuiltstore.com/cmknvijpe08lo01gnfdhhdukn_1000197913.webp https://assets.wuiltstore.com/cmknvikxm08lp01gn6m0nco4x_1000197915.webp https://assets.wuiltstore.com/cmksnup280jqv01gnble48wdz_1000201043.webp https://assets.wuiltstore.com/cmksnuq140jqw01gn1nr431zh_1000201047.webp,https://assets.wuiltstore.com/cmksnup280jqv01gnble48wdz_1000201043.webp,ACTIVE,,https://lolishop.wuiltstore.com/ar/product/all/نوته-فواصل-استيتش-كبير,Global,2026-01-21T13:21:39.680Z,2026-01-24T21:47:20.316Z,,,,
نوته-فواصل-استيتش-كبير,,,,,لون,بنك ,,,,,,Available,60,55,,,https://assets.wuiltstore.com/cmknvimd208lq01gn1de160ij_1000197912.webp,,,https://lolishop.wuiltstore.com/ar/product/all/نوته-فواصل-استيتش-كبير,,,,,,,
نوته-فواصل-استيتش-كبير,,,,,لون,اخضر ,,,,,,Available,60,55,,,https://assets.wuiltstore.com/cmknvijpe08lo01gnfdhhdukn_1000197913.webp,,,https://lolishop.wuiltstore.com/ar/product/all/نوته-فواصل-استيتش-كبير,,,,,,,
نوته-فواصل-استيتش-كبير,,,,,لون,أصفر,,,,,,Available,60,55,,,https://assets.wuiltstore.com/cmknvikxm08lp01gn6m0nco4x_1000197915.webp,,,https://lolishop.wuiltstore.com/ar/product/all/نوته-فواصل-استيتش-كبير,,,,,,,
⁨‫بلانر-هنذاكر-ايه-النهاردة⁩,بلانر هنذاكر ايه النهاردة ؟,,بلانر هنذاكر ايه النهاردة ؟,,بلانر,أرنوب,,,,,,Available,65,55,,https://assets.wuiltstore.com/cmksnqagr0jq801gn3zoseoyi_IMG20251231215142_6002.webp https://assets.wuiltstore.com/cmksnqbrr0jq901gne3ba69da_IMG20251231221338_4835.webp https://assets.wuiltstore.com/cmksnqd0c0jqa01gnbodsfsly_IMG20251231214920_2028.webp https://assets.wuiltstore.com/cmksnqe8d0jqb01gn36vch37x_IMG20251231214955_3149.webp https://assets.wuiltstore.com/cmksnqfhp0jqc01gnctho9muh_IMG20251231215136_5154.webp https://assets.wuiltstore.com/cmksnqgrl0jqd01gncdir8i33_IMG20251231215147_6699.webp https://assets.wuiltstore.com/cmksnqhyf0jqe01gnffhde0nl_IMG20251231221308_7655.webp https://assets.wuiltstore.com/cmksnqj5a0jqf01gn1ek99ak0_IMG20251231221323_5552.webp https://assets.wuiltstore.com/cmksnqlr00jqh01gnai2qcdct_IMG20251231221315_6531.webp https://assets.wuiltstore.com/cmksnqkew0jqg01gn4v37fydt_IMG20251231221346_3946.webp,https://assets.wuiltstore.com/cmksnqagr0jq801gn3zoseoyi_IMG20251231215142_6002.webp,ACTIVE,بلانر وتودوليست,https://lolishop.wuiltstore.com/ar/product/all/⁨‫بلانر-هنذاكر-ايه-النهاردة⁩,Global,2026-01-24T21:42:46.973Z,2026-01-24T21:44:27.607Z,,,,
⁨‫بلانر-هنذاكر-ايه-النهاردة⁩,,,,,بلانر,بطوط,,,,,,Available,65,55,,,https://assets.wuiltstore.com/cmksnqkew0jqg01gn4v37fydt_IMG20251231221346_3946.webp,,,https://lolishop.wuiltstore.com/ar/product/all/⁨‫بلانر-هنذاكر-ايه-النهاردة⁩,,,,,,,
ميني-نوت-استيتش-فواصل,ميني نوت استيتش فواصل ,,ميني نوت استيتش فواصل ,,أشكال,اتنين ,,,,,,Available,50,40,,https://assets.wuiltstore.com/cmksnrhrb0jqk01gnc0mg8q1n_1000201613.webp https://assets.wuiltstore.com/cmksnris50jql01gnh6k2h3qt_1000201614.webp https://assets.wuiltstore.com/cmksnrkr70jqn01gn1zqig86i_1000201615.webp https://assets.wuiltstore.com/cmksnrjsf0jqm01gn2krp08i3_1000201616.webp,https://assets.wuiltstore.com/cmksnrkr70jqn01gn1zqig86i_1000201615.webp,ACTIVE,"دفاتر ونوت بوك,استيكي نوت وفواصل ",https://lolishop.wuiltstore.com/ar/product/all/ميني-نوت-استيتش-فواصل,Global,2026-01-24T21:43:42.993Z,2026-01-24T21:44:14.573Z,,,,
ميني-نوت-استيتش-فواصل,,,,,أشكال,واحد,,,,,,Available,50,40,,,https://assets.wuiltstore.com/cmksnrhrb0jqk01gnc0mg8q1n_1000201613.webp,,,https://lolishop.wuiltstore.com/ar/product/all/ميني-نوت-استيتش-فواصل,,,,,,,
ميني-سبت-مدور,ميني سبت مدور ,,ميني سبت مدور ,,ألوان,بنك ,,,,,,Available,20,15,,https://assets.wuiltstore.com/cmksn1sfh0jnr01gn4ajzd53s_1000201682.webp https://assets.wuiltstore.com/cmksn1not0jnn01gn6dxn3umc_1000201681.webp https://assets.wuiltstore.com/cmksn1oz10jno01gnfa164t9i_1000201679.webp https://assets.wuiltstore.com/cmksn1q4b0jnp01gnhzc1cdct_1000201680.webp https://assets.wuiltstore.com/cmksn1rbp0jnq01gn0bg9bz79_1000201678.webp https://assets.wuiltstore.com/cmksn1tma0jns01gnbaue2p5w_1000201676.webp https://assets.wuiltstore.com/cmksn1us70jnt01gnccstftmh_1000201677.webp https://assets.wuiltstore.com/cmksn1vzw0jnu01gn4c28d0xs_1000201673.webp https://assets.wuiltstore.com/cmksn1yc20jnw01gnft9u80q8_1000201674.webp https://assets.wuiltstore.com/cmksn1x5c0jnv01gn69so0nnf_1000201675.webp,https://assets.wuiltstore.com/cmksn1tma0jns01gnbaue2p5w_1000201676.webp,ACTIVE,منظمات مكتب,https://lolishop.wuiltstore.com/ar/product/all/ميني-سبت-مدور,Global,2026-01-24T21:23:37.582Z,2026-01-24T21:36:12.351Z,,,,
ميني-سبت-مدور,,,,,ألوان,ازرق,,,,,,Available,20,15,,,https://assets.wuiltstore.com/cmksn1yc20jnw01gnft9u80q8_1000201674.webp,,,https://lolishop.wuiltstore.com/ar/product/all/ميني-سبت-مدور,,,,,,,
ميني-سبت-مدور,,,,,ألوان,اصفر ,,,,,,Available,20,15,,,https://assets.wuiltstore.com/cmksn1x5c0jnv01gn69so0nnf_1000201675.webp,,,https://lolishop.wuiltstore.com/ar/product/all/ميني-سبت-مدور,,,,,,,
ميني-سبت-مدور,,,,,ألوان,موف ,,,,,,Available,20,15,,,https://assets.wuiltstore.com/cmksn1vzw0jnu01gn4c28d0xs_1000201673.webp,,,https://lolishop.wuiltstore.com/ar/product/all/ميني-سبت-مدور,,,,,,,
ميني-سبت-مدور,,,,,ألوان,اسود,,,,,,Available,20,15,,,https://assets.wuiltstore.com/cmksn1rbp0jnq01gn0bg9bz79_1000201678.webp,,,https://lolishop.wuiltstore.com/ar/product/all/ميني-سبت-مدور,,,,,,,
ميني-سبت-مدور,,,,,ألوان,أخضر ,,,,,,Available,20,15,,,https://assets.wuiltstore.com/cmksn1q4b0jnp01gnhzc1cdct_1000201680.webp,,,https://lolishop.wuiltstore.com/ar/product/all/ميني-سبت-مدور,,,,,,,
ميني-سبت-مدور,,,,,ألوان,أبيض ,,,,,,Available,20,15,,,https://assets.wuiltstore.com/cmksn1oz10jno01gnfa164t9i_1000201679.webp,,,https://lolishop.wuiltstore.com/ar/product/all/ميني-سبت-مدور,,,,,,,
ميني-سبت-مدور,,,,,ألوان,برتقال ,,,,,,Available,20,15,,,https://assets.wuiltstore.com/cmksn1not0jnn01gn6dxn3umc_1000201681.webp,,,https://lolishop.wuiltstore.com/ar/product/all/ميني-سبت-مدور,,,,,,,
ميني-نوت-استيكر,ميني نوت+ استيكر ,,ميني نوت+ استيكر ,,أشكال,تلاتة ,,,,,,Available,60,55,,https://assets.wuiltstore.com/cmksnfv7b0jop01gn9s5t5x0s_1000201626.webp https://assets.wuiltstore.com/cmksnfwhd0joq01gn7s1na2r6_1000201629.webp https://assets.wuiltstore.com/cmksnfxlp0jor01gn2smj8dsx_1000201628.webp https://assets.wuiltstore.com/cmksnfyxx0jos01gn9ijr44ws_1000201631.webp https://assets.wuiltstore.com/cmksnfzz60jot01gnbi7l7hiu_1000201630.webp https://assets.wuiltstore.com/cmksng0z80jou01gnaxw61der_1000201627.webp https://assets.wuiltstore.com/cmksng3790jow01gn4ue4cosj_1000201624.webp https://assets.wuiltstore.com/cmksng1ym0jov01gn8qcjbewr_1000201623.webp,https://assets.wuiltstore.com/cmksng3790jow01gn4ue4cosj_1000201624.webp,ACTIVE,دفاتر ونوت بوك,https://lolishop.wuiltstore.com/ar/product/all/ميني-نوت-استيكر,Global,2026-01-24T21:34:40.613Z,2026-01-24T21:35:43.668Z,,,,
ميني-نوت-استيكر,,,,,أشكال,اتنين ,,,,,,Available,60,55,,,https://assets.wuiltstore.com/cmksnfyxx0jos01gn9ijr44ws_1000201631.webp,,,https://lolishop.wuiltstore.com/ar/product/all/ميني-نوت-استيكر,,,,,,,
ميني-نوت-استيكر,,,,,أشكال,واحد,,,,,,Available,60,55,,,https://assets.wuiltstore.com/cmksnfv7b0jop01gn9s5t5x0s_1000201626.webp,,,https://lolishop.wuiltstore.com/ar/product/all/ميني-نوت-استيكر,,,,,,,
ميني-سبت-مستطيل,ميني سبت مستطيل ,,ميني سبت مستطيل ,,ألوان,أبيض ,,,,,,Available,20,15,,https://assets.wuiltstore.com/cmksn7r3p0joe01gnho9kfszw_1000201664.webp https://assets.wuiltstore.com/cmksn7haz0jo601gnguv86jzj_1000201671.webp https://assets.wuiltstore.com/cmksn7ii30jo701gn2rq18xzd_1000201670.webp https://assets.wuiltstore.com/cmksn7jsc0jo801gn3g1rcns8_1000201668.webp https://assets.wuiltstore.com/cmksn7ky70jo901gn4np6gdm9_1000201665.webp https://assets.wuiltstore.com/cmksn7m630joa01gn7ubgeyz4_1000201669.webp https://assets.wuiltstore.com/cmksn7nf90job01gnfmea1lu2_1000201672.webp https://assets.wuiltstore.com/cmksn7omu0joc01gn3bc58tu6_1000201666.webp https://assets.wuiltstore.com/cmksn7puv0jod01gn35lla5em_1000201663.webp,https://assets.wuiltstore.com/cmksn7m630joa01gn7ubgeyz4_1000201669.webp,ACTIVE,"منظمات مكتب,مقالم مدرسية",https://lolishop.wuiltstore.com/ar/product/all/ميني-سبت-مستطيل,Global,2026-01-24T21:28:09.312Z,2026-01-24T21:28:59.316Z,,,,
ميني-سبت-مستطيل,,,,,ألوان,بنك ,,,,,,Available,20,15,,,https://assets.wuiltstore.com/cmksn7r3p0joe01gnho9kfszw_1000201664.webp,,,https://lolishop.wuiltstore.com/ar/product/all/ميني-سبت-مستطيل,,,,,,,
ميني-سبت-مستطيل,,,,,ألوان,اسود,,,,,,Available,20,15,,,https://assets.wuiltstore.com/cmksn7jsc0jo801gn3g1rcns8_1000201668.webp,,,https://lolishop.wuiltstore.com/ar/product/all/ميني-سبت-مستطيل,,,,,,,
ميني-سبت-مستطيل,,,,,ألوان,موف ,,,,,,Available,20,15,,,https://assets.wuiltstore.com/cmksn7omu0joc01gn3bc58tu6_1000201666.webp,,,https://lolishop.wuiltstore.com/ar/product/all/ميني-سبت-مستطيل,,,,,,,
ميني-سبت-مستطيل,,,,,ألوان,ازرق,,,,,,Available,20,15,,,https://assets.wuiltstore.com/cmksn7haz0jo601gnguv86jzj_1000201671.webp,,,https://lolishop.wuiltstore.com/ar/product/all/ميني-سبت-مستطيل,,,,,,,
ميني-بلانر-و-تودوليست,ميني بلانر و تودوليست ,,ميني بلانر و تودوليست ,,أشكال,خمسة ,,,,,,Available,55,45,,https://assets.wuiltstore.com/cmkshqyuo0jbw01gnd1sv1ntc_1000201706.webp https://assets.wuiltstore.com/cmkshr00w0jbx01gn9ahb7msa_1000201709.webp https://assets.wuiltstore.com/cmkshr17e0jby01gna4476wip_1000201707.webp https://assets.wuiltstore.com/cmkshr2cn0jbz01gn7ooueies_1000201710.webp https://assets.wuiltstore.com/cmkshr3lf0jc001gn4srbg2hl_1000201708.webp https://assets.wuiltstore.com/cmkshr4s90jc101gn47n2e7u4_1000201712.webp https://assets.wuiltstore.com/cmkshr5y00jc201gng61i476q_1000201711.webp https://assets.wuiltstore.com/cmkshr77h0jc301gn6n1ncsva_1000201715.webp https://assets.wuiltstore.com/cmkshr9mk0jc501gnh3yqbl2c_1000201714.webp https://assets.wuiltstore.com/cmkshr8eg0jc401gnhzzq06g6_1000201713.webp,https://assets.wuiltstore.com/cmkshr3lf0jc001gn4srbg2hl_1000201708.webp,ACTIVE,بلانر وتودوليست,https://lolishop.wuiltstore.com/ar/product/all/ميني-بلانر-و-تودوليست,Global,2026-01-24T18:55:20.896Z,2026-01-24T20:54:38.561Z,,,,
ميني-بلانر-و-تودوليست,,,,,أشكال,أربعة ,,,,,,Available,55,45,,,https://assets.wuiltstore.com/cmkshr2cn0jbz01gn7ooueies_1000201710.webp,,,https://lolishop.wuiltstore.com/ar/product/all/ميني-بلانر-و-تودوليست,,,,,,,
ميني-بلانر-و-تودوليست,,,,,أشكال,تلاتة ,,,,,,Available,55,45,,,https://assets.wuiltstore.com/cmkshr17e0jby01gna4476wip_1000201707.webp,,,https://lolishop.wuiltstore.com/ar/product/all/ميني-بلانر-و-تودوليست,,,,,,,
ميني-بلانر-و-تودوليست,,,,,أشكال,اتنين ,,,,,,Available,55,45,,,https://assets.wuiltstore.com/cmkshr00w0jbx01gn9ahb7msa_1000201709.webp,,,https://lolishop.wuiltstore.com/ar/product/all/ميني-بلانر-و-تودوليست,,,,,,,
ميني-بلانر-و-تودوليست,,,,,أشكال,واحد,,,,,,Available,55,45,,,https://assets.wuiltstore.com/cmkshqyuo0jbw01gnd1sv1ntc_1000201706.webp,,,https://lolishop.wuiltstore.com/ar/product/all/ميني-بلانر-و-تودوليست,,,,,,,
⁨‫بلانر-العبادات-ب-‫2-شكل⁩,بلانر العبادات ب 2 شكل,,بلانر العبادات ب 2 شكل,,بلانر العبادات,2,,,,,,Available,65,55,,https://assets.wuiltstore.com/cmksljvk30jk901gn4xpg6aat_IMG20251231212138_3790.webp https://assets.wuiltstore.com/cmksljwth0jka01gn29ixdbtz_IMG20251231212034_3443.webp https://assets.wuiltstore.com/cmksljxzz0jkb01gn9jx0906h_IMG20251231212050_8060.webp https://assets.wuiltstore.com/cmksljz5v0jkc01gnf5vv51b4_IMG20251231212109_9875.webp https://assets.wuiltstore.com/cmkslk0c60jkd01gn5bcz4qwv_IMG20251231212119_8723.webp https://assets.wuiltstore.com/cmkslk1lv0jke01gnd5xgbq7k_IMG20251231212147_6520.webp https://assets.wuiltstore.com/cmkslk2xm0jkf01gn7p2b3drn_IMG20251231212258_BURST002_3102.webp https://assets.wuiltstore.com/cmkslk4ao0jkg01gnf6ls1aie_IMG20251231212258_BURST003_9373.webp https://assets.wuiltstore.com/cmkslk6ty0jki01gngxow56aj_IMG20251231212410_8481__1_.webp https://assets.wuiltstore.com/cmkslk5ky0jkh01gn26bge1vn_IMG20251231212410_8481.webp,https://assets.wuiltstore.com/cmkslk2xm0jkf01gn7p2b3drn_IMG20251231212258_BURST002_3102.webp,ACTIVE,,https://lolishop.wuiltstore.com/ar/product/all/⁨‫بلانر-العبادات-ب-‫2-شكل⁩,Global,2026-01-24T20:41:48.438Z,2026-01-24T20:47:07.124Z,,,,
⁨‫بلانر-العبادات-ب-‫2-شكل⁩,,,,,بلانر العبادات,1,,,,,,Available,65,55,,,https://assets.wuiltstore.com/cmkslk5ky0jkh01gn26bge1vn_IMG20251231212410_8481.webp,,,https://lolishop.wuiltstore.com/ar/product/all/⁨‫بلانر-العبادات-ب-‫2-شكل⁩,,,,,,,
⁨‫براية-اكليريك-‫2-فتحة⁩,براية اكليريك 2 فتحة استيتش,,براية اكليريك 2 فتحة,,براية استيتش,لبني,,,,,,Available,25,20,,https://assets.wuiltstore.com/cmkskgwgd0jgm01gn11cr5sil_IMG20260112231944_7235.webp https://assets.wuiltstore.com/cmkskgxmm0jgn01gn7as834x4_IMG20260112232022_8644.webp https://assets.wuiltstore.com/cmkskgys70jgo01gnhrs364ba_IMG20260112231957_8368.webp https://assets.wuiltstore.com/cmkskgzx40jgp01gn5seo8c12_IMG20260112232020_3105.webp https://assets.wuiltstore.com/cmkskh12z0jgq01gnblhle33u_IMG20260112231947_1284.webp https://assets.wuiltstore.com/cmkskh3gk0jgs01gn5gxdaxan_IMG20260112231955_2560.webp https://assets.wuiltstore.com/cmkskh2bk0jgr01gnhh0g8316_IMG20260112231935_2909.webp,https://assets.wuiltstore.com/cmkskh2bk0jgr01gnhh0g8316_IMG20260112231935_2909.webp,ACTIVE,أستيكة وبراية ,https://lolishop.wuiltstore.com/ar/product/all/⁨‫براية-اكليريك-‫2-فتحة⁩,Global,2026-01-24T20:11:30.056Z,2026-01-24T20:13:54.371Z,,,,
⁨‫براية-اكليريك-‫2-فتحة⁩,,,,,براية استيتش,ازرق,,,,,,Available,25,20,,,https://assets.wuiltstore.com/cmkskgxmm0jgn01gn7as834x4_IMG20260112232022_8644.webp,,,https://lolishop.wuiltstore.com/ar/product/all/⁨‫براية-اكليريك-‫2-فتحة⁩,,,,,,,
⁨‫براية-اكليريك-‫2-فتحة⁩,,,,,براية استيتش,بينك,,,,,,Available,25,20,,,https://assets.wuiltstore.com/cmkskgwgd0jgm01gn11cr5sil_IMG20260112231944_7235.webp,,,https://lolishop.wuiltstore.com/ar/product/all/⁨‫براية-اكليريك-‫2-فتحة⁩,,,,,,,
⁨‫براية-أوريو-‫3-أشكال⁩-1,براية أوريو 3 أشكال,,براية أوريو 3 أشكال,,براية أوريو,مثلثة,,,,,,Available,20,15,,https://assets.wuiltstore.com/cmkskcnqg0jga01gn49a2cinc_IMG20260114161142_2509.webp https://assets.wuiltstore.com/cmkskci9g0jg501gnc8d58goa_IMG20260114160652_7772.webp https://assets.wuiltstore.com/cmkskcjbp0jg601gnawqn6ali_IMG20260114160734_5551.webp https://assets.wuiltstore.com/cmkskckh60jg701gn7je9dt52_IMG20260114160758_1656.webp https://assets.wuiltstore.com/cmkskcljz0jg801gn2lnm0ue1_IMG20260114161123_7773.webp https://assets.wuiltstore.com/cmkskcmmp0jg901gnff1p6kch_IMG20260114161132_6587.webp https://assets.wuiltstore.com/cmkskcq3u0jgc01gn2qie9hud_IMG20260114161145_1145.webp https://assets.wuiltstore.com/cmkskcoxz0jgb01gnc06b343h_IMG20260114161155_5021.webp,https://assets.wuiltstore.com/cmkskci9g0jg501gnc8d58goa_IMG20260114160652_7772.webp,ACTIVE,أستيكة وبراية ,https://lolishop.wuiltstore.com/ar/product/all/⁨‫براية-أوريو-‫3-أشكال⁩-1,Global,2026-01-24T20:08:05.069Z,2026-01-24T20:09:38.459Z,,,,
⁨‫براية-أوريو-‫3-أشكال⁩-1,,,,,براية أوريو,مستطيلة,,,,,,Available,20,15,,,https://assets.wuiltstore.com/cmkskcjbp0jg601gnawqn6ali_IMG20260114160734_5551.webp,,,https://lolishop.wuiltstore.com/ar/product/all/⁨‫براية-أوريو-‫3-أشكال⁩-1,,,,,,,
⁨‫براية-أوريو-‫3-أشكال⁩-1,,,,,براية أوريو,مدورة,,,,,,Available,20,15,,,https://assets.wuiltstore.com/cmkskcnqg0jga01gn49a2cinc_IMG20260114161142_2509.webp,,,https://lolishop.wuiltstore.com/ar/product/all/⁨‫براية-أوريو-‫3-أشكال⁩-1,,,,,,,
براية-أرنوب-وجزرة,براية أرنوب وجزرة,,براية أرنوب وجزرة,,براية أرنوب,لبني,,,,,,Available,20,15,,https://assets.wuiltstore.com/cmksjovq90jf501gn2r9c42q4_IMG20260112232938_6426.webp https://assets.wuiltstore.com/cmksjowx70jf601gn2pb10ikj_IMG20260112232913_7168.webp https://assets.wuiltstore.com/cmksjoy3r0jf701gnewl22xnu_IMG20260112232921_4090.webp https://assets.wuiltstore.com/cmksjp0cq0jf901gn74wpdwqm_IMG20260112232929_8551.webp https://assets.wuiltstore.com/cmksjozaf0jf801gn7kz7gwe2_IMG20260112232954_1510.webp,https://assets.wuiltstore.com/cmksjowx70jf601gn2pb10ikj_IMG20260112232913_7168.webp,ACTIVE,أستيكة وبراية ,https://lolishop.wuiltstore.com/ar/product/all/براية-أرنوب-وجزرة,Global,2026-01-24T19:49:42.732Z,2026-01-24T19:56:05.704Z,,,,
براية-أرنوب-وجزرة,,,,,براية أرنوب,أخضر,,,,,,Available,20,15,,,https://assets.wuiltstore.com/cmksjoy3r0jf701gnewl22xnu_IMG20260112232921_4090.webp,,,https://lolishop.wuiltstore.com/ar/product/all/براية-أرنوب-وجزرة,,,,,,,
براية-أرنوب-وجزرة,,,,,براية أرنوب,أبيض,,,,,,Available,20,15,,,https://assets.wuiltstore.com/cmksjp0cq0jf901gn74wpdwqm_IMG20260112232929_8551.webp,,,https://lolishop.wuiltstore.com/ar/product/all/براية-أرنوب-وجزرة,,,,,,,
براية-أرنوب-وجزرة,,,,,براية أرنوب,بينك,,,,,,Available,20,15,,,https://assets.wuiltstore.com/cmksjovq90jf501gn2r9c42q4_IMG20260112232938_6426.webp,,,https://lolishop.wuiltstore.com/ar/product/all/براية-أرنوب-وجزرة,,,,,,,
براية-رائد-فضاء-1,براية رائد فضاء,,براية رائد فضاء,,براية,بينك,,,,,,Available,20,15,,https://assets.wuiltstore.com/cmksis0cd0jdy01gnbjfk9spz_IMG20260112231758_6122.webp https://assets.wuiltstore.com/cmksis1if0jdz01gnbezpei8e_IMG20260112231748_3767.webp https://assets.wuiltstore.com/cmksis2p80je001gn0z0idaq9_IMG20260112231806_1263.webp https://assets.wuiltstore.com/cmksis51b0je201gnd81c4iwn_IMG20260112231926_1450.webp https://assets.wuiltstore.com/cmksis3v10je101gncwx4hfnf_IMG20260112231815_7006.webp,https://assets.wuiltstore.com/cmksis0cd0jdy01gnbjfk9spz_IMG20260112231758_6122.webp,ACTIVE,أستيكة وبراية ,https://lolishop.wuiltstore.com/ar/product/all/براية-رائد-فضاء-1,Global,2026-01-24T19:24:09.174Z,2026-01-24T19:38:06.131Z,,,,
براية-رائد-فضاء-1,,,,,براية,لبني,,,,,,Available,20,15,,,https://assets.wuiltstore.com/cmksis3v10je101gncwx4hfnf_IMG20260112231815_7006.webp,,,https://lolishop.wuiltstore.com/ar/product/all/براية-رائد-فضاء-1,,,,,,,
براية-رائد-فضاء-1,,,,,براية,اخضر,,,,,,Available,20,15,,,https://assets.wuiltstore.com/cmksis1if0jdz01gnbezpei8e_IMG20260112231748_3767.webp,,,https://lolishop.wuiltstore.com/ar/product/all/براية-رائد-فضاء-1,,,,,,,
براية-رائد-فضاء-1,,,,,براية,أبيض,,,,,,Available,20,15,,,https://assets.wuiltstore.com/cmksis2p80je001gn0z0idaq9_IMG20260112231806_1263.webp,,,https://lolishop.wuiltstore.com/ar/product/all/براية-رائد-فضاء-1,,,,,,,
براية-كرومي-1,براية كرومي,,براية كرومي,,براية,موف,,,,,,Available,20,15,,https://assets.wuiltstore.com/cmksihpbf0jdp01gn733203i9_IMG20260112225716_8145.webp https://assets.wuiltstore.com/cmksihqk20jdq01gnd9ved61a_IMG20260112225725_5669.webp https://assets.wuiltstore.com/cmksihrqk0jdr01gnc0weauaq_IMG20260112225659_6264.webp https://assets.wuiltstore.com/cmksihsyi0jds01gn5yurf8j4_IMG20260112225653_5437.webp https://assets.wuiltstore.com/cmksihu4u0jdt01gnc8k95vis_IMG20260112225651_7416.webp https://assets.wuiltstore.com/cmksihva10jdu01gn0s547xz4_IMG20260112225614_3148.webp https://assets.wuiltstore.com/cmksihwf90jdv01gn868sazei_IMG20260112225623_5733.webp https://assets.wuiltstore.com/cmksihxoj0jdw01gn2u7s7ngc_IMG20260112225612_9539.webp,,ACTIVE,أستيكة وبراية ,https://lolishop.wuiltstore.com/ar/product/all/براية-كرومي-1,Global,2026-01-24T19:16:08.163Z,2026-01-24T19:16:08.245Z,,,,
براية-كرومي-1,,,,,براية,بينك,,,,,,Available,20,15,,,,,,https://lolishop.wuiltstore.com/ar/product/all/براية-كرومي-1,,,,,,,
براية-كرومي-1,,,,,براية,اسود,,,,,,Available,20,15,,,,,,https://lolishop.wuiltstore.com/ar/product/all/براية-كرومي-1,,,,,,,
براية-بيكاتشو-وبوبي,براية بيكاتشو وبوبي,,براية بيكاتشو وبوبي,,براية,بوبي أخضر,,,,,,Available,20,15,,https://assets.wuiltstore.com/cmksi7tvy0jd401gn56vz3lom_IMG20260112232829_3017.webp https://assets.wuiltstore.com/cmksi7v2l0jd501gnadrlhdgs_IMG20260112230303_1275.webp https://assets.wuiltstore.com/cmksi7w880jd601gn1jj56doh_IMG20260112230243_8508.webp https://assets.wuiltstore.com/cmksi7xda0jd701gn007ugp3j_IMG20260112232832_4252.webp https://assets.wuiltstore.com/cmksi7zvc0jd901gngavn0cov_IMG20260112230230_4816__1_.webp https://assets.wuiltstore.com/cmksi7ykw0jd801gn9ew1757a_IMG20260112230230_4816.webp,https://assets.wuiltstore.com/cmksi7ykw0jd801gn9ew1757a_IMG20260112230230_4816.webp,ACTIVE,أستيكة وبراية ,https://lolishop.wuiltstore.com/ar/product/all/براية-بيكاتشو-وبوبي,Global,2026-01-24T19:08:25.775Z,2026-01-24T19:11:34.253Z,,,,
براية-بيكاتشو-وبوبي,,,,,براية,بوبي أصفر,,,,,,Available,20,15,,,https://assets.wuiltstore.com/cmksi7w880jd601gn1jj56doh_IMG20260112230243_8508.webp,,,https://lolishop.wuiltstore.com/ar/product/all/براية-بيكاتشو-وبوبي,,,,,,,
براية-بيكاتشو-وبوبي,,,,,براية,بيكاتشو,,,,,,Available,20,15,,,https://assets.wuiltstore.com/cmksi7tvy0jd401gn56vz3lom_IMG20260112232829_3017.webp,,,https://lolishop.wuiltstore.com/ar/product/all/براية-بيكاتشو-وبوبي,,,,,,,
⁨‫براية-بوبي-‫2-فتحة⁩,براية بوبي 2 فتحة,,براية بوبي 2 فتحة,,براية,لبني,,,,,,Available,25,20,,https://assets.wuiltstore.com/cmksh8tvr0jaz01gnh3oi23ep_IMG20260112225419_9699.webp https://assets.wuiltstore.com/cmksh8v3l0jb001gnht6b89e0_IMG20260112225119_2599.webp https://assets.wuiltstore.com/cmksh8wai0jb101gn8pphh4d4_IMG20260112225205_7318.webp https://assets.wuiltstore.com/cmksh8xh00jb201gneyza7h61_IMG20260112225357_2173.webp https://assets.wuiltstore.com/cmksh8zw00jb401gng2kvhdtx_IMG20260112225534_2222.webp https://assets.wuiltstore.com/cmksh8yoz0jb301gnh20hgj50_IMG20260112225536_5744.webp,https://assets.wuiltstore.com/cmksh8yoz0jb301gnh20hgj50_IMG20260112225536_5744.webp,ACTIVE,أستيكة وبراية ,https://lolishop.wuiltstore.com/ar/product/all/⁨‫براية-بوبي-‫2-فتحة⁩,Global,2026-01-24T18:41:14.646Z,2026-01-24T19:03:48.109Z,,,,
⁨‫براية-بوبي-‫2-فتحة⁩,,,,,براية,أخضر,,,,,,Available,25,20,,,https://assets.wuiltstore.com/cmksh8v3l0jb001gnht6b89e0_IMG20260112225119_2599.webp,,,https://lolishop.wuiltstore.com/ar/product/all/⁨‫براية-بوبي-‫2-فتحة⁩,,,,,,,
⁨‫براية-بوبي-‫2-فتحة⁩,,,,,براية,اصفر,,,,,,Available,25,20,,,https://assets.wuiltstore.com/cmksh8tvr0jaz01gnh3oi23ep_IMG20260112225419_9699.webp,,,https://lolishop.wuiltstore.com/ar/product/all/⁨‫براية-بوبي-‫2-فتحة⁩,,,,,,,
⁨‫براية-برجر-‫2-فتحة⁩,براية برجر 2 فتحة,,براية برجر 2 فتحة,,,,,,,,,Available,25,20,,https://assets.wuiltstore.com/cmksh2hdb0jao01gn7ct24teq_IMG20260112220906_7941.webp https://assets.wuiltstore.com/cmksh2jpu0jaq01gnht2h9xl5_IMG20260112223946_6114.webp https://assets.wuiltstore.com/cmksh2ikc0jap01gng0wqdl6x_IMG20260112223919_6575.webp,,ACTIVE,أستيكة وبراية ,https://lolishop.wuiltstore.com/ar/product/all/⁨‫براية-برجر-‫2-فتحة⁩,Global,2026-01-24T18:36:18.471Z,2026-01-24T18:36:18.516Z,,,,
براية-سيلكون-مجسمة-كيتي,براية سيلكون مجسمة كيتي,,براية سيلكون مجسمة كيتي,,براية مجسمة,احمر,,,,,,Available,30,25,,https://assets.wuiltstore.com/cmksgnjqe0j9p01gn7p5k3p7l_IMG20260111095640_7816.webp https://assets.wuiltstore.com/cmksgncj20j9j01gn3nv33pee_IMG20260111094954_8238.webp https://assets.wuiltstore.com/cmksgndho0j9k01gn99fk74s6_IMG20260111095004_5907.webp https://assets.wuiltstore.com/cmksgnegy0j9l01gncqpn0wph_IMG20260111095035_9420.webp https://assets.wuiltstore.com/cmksgnffy0j9m01gn9hw9aq5m_IMG20260111095049_8729.webp https://assets.wuiltstore.com/cmksgnh4s0j9n01gne7vhbr7b_IMG20260111095051_9375.webp https://assets.wuiltstore.com/cmksgnim60j9o01gn0xkb8e8j_IMG20260111095059_4766.webp https://assets.wuiltstore.com/cmksgnkww0j9q01gn1605707i_IMG20260111095649_6806.webp,https://assets.wuiltstore.com/cmksgnkww0j9q01gn1605707i_IMG20260111095649_6806.webp,ACTIVE,أستيكة وبراية ,https://lolishop.wuiltstore.com/ar/product/all/براية-سيلكون-مجسمة-كيتي,Global,2026-01-24T18:24:32.506Z,2026-01-24T18:25:57.121Z,,,,
براية-سيلكون-مجسمة-كيتي,,,,,براية مجسمة,بينك,,,,,,Available,30,25,,,https://assets.wuiltstore.com/cmksgnjqe0j9p01gn7p5k3p7l_IMG20260111095640_7816.webp,,,https://lolishop.wuiltstore.com/ar/product/all/براية-سيلكون-مجسمة-كيتي,,,,,,,
براية-سيلكون-مجسمة-كوتي,براية سيلكون مجسمة أرنوب,,براية سيلكون مجسمة كوتي,,براية مجسمة,بينك,,,,,,Available,30,25,,https://assets.wuiltstore.com/cmksgcnkk0j8h01gn8r054u0p_IMG20260111095618_4276.webp https://assets.wuiltstore.com/cmksgconz0j8i01gndgxx2xq4_IMG20260111094943_8597.webp https://assets.wuiltstore.com/cmksgcpo70j8j01gnamio9orw_IMG20260111094915_7388.webp https://assets.wuiltstore.com/cmksgcqmu0j8k01gndlw324gx_IMG20260111094932_4543.webp https://assets.wuiltstore.com/cmksgcrmm0j8l01gndn2xga5n_IMG20260111095132_4793.webp https://assets.wuiltstore.com/cmksgcsqc0j8m01gnf1tf6keh_IMG20260111095150_3297.webp https://assets.wuiltstore.com/cmksgcuzc0j8o01gncmiyg3hj_IMG20260111095152_7800.webp https://assets.wuiltstore.com/cmksgctvn0j8n01gn3iw0fy28_IMG20260111095630_5507.webp,https://assets.wuiltstore.com/cmksgcnkk0j8h01gn8r054u0p_IMG20260111095618_4276.webp,ACTIVE,أستيكة وبراية ,https://lolishop.wuiltstore.com/ar/product/all/براية-سيلكون-مجسمة-كوتي,Global,2026-01-24T18:16:13.476Z,2026-01-24T18:21:50.862Z,,,,
براية-سيلكون-مجسمة-كوتي,,,,,براية مجسمة,موف,,,,,,Available,30,25,,,https://assets.wuiltstore.com/cmksgcrmm0j8l01gndn2xga5n_IMG20260111095132_4793.webp,,,https://lolishop.wuiltstore.com/ar/product/all/براية-سيلكون-مجسمة-كوتي,,,,,,,
براية-سيلكون-مجسمة-كوتي-1,براية سيلكون مجسمة كوتي,,براية سيلكون مجسمة كوتي,,براية مجسمة,موف,,,,,,Available,30,25,,https://assets.wuiltstore.com/cmksgj5a50j8x01gn968s4kp5_IMG20260111095301_9647.webp https://assets.wuiltstore.com/cmksgj6g10j8y01gn53ho5nkz_IMG20260111095329_1740.webp https://assets.wuiltstore.com/cmksgj7i20j8z01gnfksc7elm_IMG20260111095425_3366.webp https://assets.wuiltstore.com/cmksgj8g30j9001gng4b3eo7y_IMG20260111095432_2553.webp https://assets.wuiltstore.com/cmksgjaon0j9201gnch8p3e4s_IMG20260111095527_6170.webp https://assets.wuiltstore.com/cmksgj9g50j9101gnfyzmhwkf_IMG20260111095551_8517.webp,,ACTIVE,أستيكة وبراية ,https://lolishop.wuiltstore.com/ar/product/all/براية-سيلكون-مجسمة-كوتي-1,Global,2026-01-24T18:21:16.153Z,2026-01-24T18:21:16.218Z,,,,
براية-سيلكون-مجسمة-كوتي-1,,,,,براية مجسمة,اببض,,,,,,Available,30,25,,,,,,https://lolishop.wuiltstore.com/ar/product/all/براية-سيلكون-مجسمة-كوتي-1,,,,,,,
براية-يونيكورن-سيليكون-مجسمة,براية يونيكورن سيليكون مجسمة,,براية يونيكورن سيليكون مجسمة,,,,,,,,,Available,30,25,,https://assets.wuiltstore.com/cmksg83ih0j8101gn0g2hgash_IMG20260111095351_3516.webp https://assets.wuiltstore.com/cmksg84nq0j8201gn808z3z6a_IMG20260111095401_3714.webp https://assets.wuiltstore.com/cmksg86sb0j8401gng5kue1dz_IMG20260111095438_4776.webp https://assets.wuiltstore.com/cmksg85q80j8301gnfb4oejye_IMG20260111095519_7966.webp,,ACTIVE,أستيكة وبراية ,https://lolishop.wuiltstore.com/ar/product/all/براية-يونيكورن-سيليكون-مجسمة,Global,2026-01-24T18:12:40.960Z,2026-01-24T18:12:41.005Z,,,,
استيكي-نوت-كيوووت,استيكي نوت كيوووت,,استيكي نوت كيوووت,,,,,,,,,Available,35,30,,https://assets.wuiltstore.com/cmksfx36l0j7l01gn9nxxb625_IMG20251227100510_1027.webp https://assets.wuiltstore.com/cmksfx5cy0j7n01gn7nvg5a12_IMG20251227100507_7977.webp https://assets.wuiltstore.com/cmksfx4860j7m01gn28mqaff0_IMG20251227100458_7705.webp,,ACTIVE,استيكي نوت وفواصل ,https://lolishop.wuiltstore.com/ar/product/all/استيكي-نوت-كيوووت,Global,2026-01-24T18:04:07.199Z,2026-01-24T18:04:07.265Z,,,,
استيكي-نوت-مسطر,استيكي نوت مسطر,,استيكي نوت مسطر,,استيكي نوت,1,,,,,,Available,35,30,,https://assets.wuiltstore.com/cmksftmw30j7e01gnbl361t3p_IMG20251228222914_1225.webp https://assets.wuiltstore.com/cmksfto5g0j7f01gn19jed34p_IMG20251228222900_6035.webp https://assets.wuiltstore.com/cmksftpfb0j7g01gn9fpfbaa3_IMG20251227102534_7545.webp https://assets.wuiltstore.com/cmksftkku0j7c01gnfgarhfiu_IMG20251228222922_4693.webp https://assets.wuiltstore.com/cmksftlrr0j7d01gn1eod09eb_IMG20251228222929_5693.webp https://assets.wuiltstore.com/cmksftqlv0j7h01gn69br6j3e_IMG20251227102525_4015.webp,https://assets.wuiltstore.com/cmksftkku0j7c01gnfgarhfiu_IMG20251228222922_4693.webp,ACTIVE,استيكي نوت وفواصل ,https://lolishop.wuiltstore.com/ar/product/all/استيكي-نوت-مسطر,Global,2026-01-24T18:01:23.215Z,2026-01-24T18:03:23.921Z,,,,
استيكي-نوت-مسطر,,,,,استيكي نوت,4,,,,,,Available,35,30,,,https://assets.wuiltstore.com/cmksftpfb0j7g01gn9fpfbaa3_IMG20251227102534_7545.webp,,,https://lolishop.wuiltstore.com/ar/product/all/استيكي-نوت-مسطر,,,,,,,
استيكي-نوت-مسطر,,,,,استيكي نوت,3,,,,,,Available,35,30,,,https://assets.wuiltstore.com/cmksftqlv0j7h01gn69br6j3e_IMG20251227102525_4015.webp,,,https://lolishop.wuiltstore.com/ar/product/all/استيكي-نوت-مسطر,,,,,,,
استيكي-نوت-مسطر,,,,,استيكي نوت,2,,,,,,Available,35,30,,,https://assets.wuiltstore.com/cmksfto5g0j7f01gn19jed34p_IMG20251228222900_6035.webp,,,https://lolishop.wuiltstore.com/ar/product/all/استيكي-نوت-مسطر,,,,,,,
استيكي-نوت-مسطر-وسط,استيكي نوت مسطر وسط,,استيكي نوت مسطر وسط,,استيكي نوت,بينك,,,,,,Available,40,35,,https://assets.wuiltstore.com/cmks6bgju0igi01gncbcz2glx_IMG20251228221213_9295.webp https://assets.wuiltstore.com/cmks6bhsc0igj01gn45s4euc6_IMG20251228221159_6362.webp https://assets.wuiltstore.com/cmks6biz60igk01gnalrrfmrp_IMG20251228221233_6694.webp https://assets.wuiltstore.com/cmks6blgq0igm01gn8f2m7qk2_IMG20251228221254_6812.webp https://assets.wuiltstore.com/cmks6bk9r0igl01gnhn3s38cj_IMG20251228221315_3091.webp,https://assets.wuiltstore.com/cmks6bgju0igi01gncbcz2glx_IMG20251228221213_9295.webp,ACTIVE,استيكي نوت وفواصل ,https://lolishop.wuiltstore.com/ar/product/all/استيكي-نوت-مسطر-وسط,Global,2026-01-24T13:35:21.547Z,2026-01-24T13:36:00.994Z,,,,
استيكي-نوت-مسطر-وسط,,,,,استيكي نوت,اصفر ,,,,,,Available,40,35,,,https://assets.wuiltstore.com/cmks6biz60igk01gnalrrfmrp_IMG20251228221233_6694.webp,,,https://lolishop.wuiltstore.com/ar/product/all/استيكي-نوت-مسطر-وسط,,,,,,,
استيكي-نوت-مسطرة-صفرا-حجمها-وسط,استيكي نوت مسطرة صفرا حجمها وسط,,استيكي نوت مسطرة صفرا حجمها وسط,,,,,,,,,Available,50,40,,https://assets.wuiltstore.com/cmks678c20igb01gn0u3n7dan_IMG20251227064720_6371.webp https://assets.wuiltstore.com/cmks67aof0igd01gn0u9d931c_IMG20251227064724_6426.webp https://assets.wuiltstore.com/cmks679kw0igc01gnh0gdcj4s_IMG20251227064733_6815.webp,,ACTIVE,استيكي نوت وفواصل ,https://lolishop.wuiltstore.com/ar/product/all/استيكي-نوت-مسطرة-صفرا-حجمها-وسط,Global,2026-01-24T13:32:04.250Z,2026-01-24T13:32:04.308Z,,,,
استيكي-نوت-وفواصل,استيكي نوت وفواصل,,استيكي نوت وفواصل,,,,,,,,,Available,40,35,,https://assets.wuiltstore.com/cmks63r0t0ig301gn09q5ccen_IMG20251227064243_4493.webp https://assets.wuiltstore.com/cmks63tag0ig501gn4fekbln6_IMG20251227064304_8646.webp https://assets.wuiltstore.com/cmks63s7r0ig401gnd8i86mfl_IMG20251227064247_8824.webp,,ACTIVE,استيكي نوت وفواصل ,https://lolishop.wuiltstore.com/ar/product/all/استيكي-نوت-وفواصل,Global,2026-01-24T13:29:21.857Z,2026-01-24T13:29:21.925Z,,,,
استيكي-نوت-منقط,استيكي نوت منقط,,استيكي نوت منقط,,,,,,,,,Available,40,35,,https://assets.wuiltstore.com/cmks62dr50ifx01gne40n8o3d_IMG20251228222716_9415.webp https://assets.wuiltstore.com/cmks62cno0ifw01gn3grqhhx2_IMG20251228222724_6736.webp,,ACTIVE,استيكي نوت وفواصل ,https://lolishop.wuiltstore.com/ar/product/all/استيكي-نوت-منقط,Global,2026-01-24T13:28:16.709Z,2026-01-24T13:28:16.757Z,,,,
باكدج-التلخيص,باكدج التلخيص,,باكدج التلخيص,,ورق التلخيص,الدببة,,,,,,Available,175,150,,https://assets.wuiltstore.com/cmks51siv0ida01gncq1h3fvo_IMG_20251227_212550_146_1320.webp https://assets.wuiltstore.com/cmks51pmk0id701gnc69a85mz_IMG_20251227_212549_881_2820.webp https://assets.wuiltstore.com/cmks51qle0id801gn6r3xcpl8_IMG_20251227_212550_411_1323.webp https://assets.wuiltstore.com/cmks51rj70id901gnf7kwg6xj_IMG_20251227_212550_241_7403.webp https://assets.wuiltstore.com/cmks51tg20idb01gn8pb107fk_IMG_20251227_212552_816_1329.webp https://assets.wuiltstore.com/cmks51ugs0idc01gn0v3oam5f_IMG_20251227_212552_952_4969.webp https://assets.wuiltstore.com/cmks51wch0ide01gn493x6lbw_IMG_20251227_212553_104_1485.webp https://assets.wuiltstore.com/cmks51vee0idd01gn1x5agdy4_IMG_20251227_212556_459_1579.webp,https://assets.wuiltstore.com/cmks51pmk0id701gnc69a85mz_IMG_20251227_212549_881_2820.webp,ACTIVE,دفاتر ونوت بوك,https://lolishop.wuiltstore.com/ar/product/all/باكدج-التلخيص,Global,2026-01-24T12:59:47.102Z,2026-01-24T13:01:54.540Z,,,,
باكدج-التلخيص,,,,,ورق التلخيص,قطاقيط,,,,,,Available,175,150,,,https://assets.wuiltstore.com/cmks51siv0ida01gncq1h3fvo_IMG_20251227_212550_146_1320.webp,,,https://lolishop.wuiltstore.com/ar/product/all/باكدج-التلخيص,,,,,,,
باكدج-التلخيص,,,,,ورق التلخيص,استيتش,,,,,,Available,175,150,,,https://assets.wuiltstore.com/cmks51tg20idb01gn8pb107fk_IMG_20251227_212552_816_1329.webp,,,https://lolishop.wuiltstore.com/ar/product/all/باكدج-التلخيص,,,,,,,
باكدج-التلخيص,,,,,ورق التلخيص,لابوبو,,,,,,Available,175,150,,,https://assets.wuiltstore.com/cmks51wch0ide01gn493x6lbw_IMG_20251227_212553_104_1485.webp,,,https://lolishop.wuiltstore.com/ar/product/all/باكدج-التلخيص,,,,,,,
استيكي-نوت-قطاقيط,استيكي نوت قطاقيط,,استيكي نوت قطاقيط,,استيكي نوت,4,,,,,,Available,35,30,,https://assets.wuiltstore.com/cmks4t2fj0ick01gn4nt7acbz_IMG20251227053224_5779.webp https://assets.wuiltstore.com/cmks4t3rk0icl01gnfz34be2t_IMG20251227053212_8037.webp https://assets.wuiltstore.com/cmks4t4u50icm01gnc96d1hqx_IMG20251227053242_6785.webp https://assets.wuiltstore.com/cmks4t60w0icn01gn26ufffh7_IMG20251227053254_4903.webp https://assets.wuiltstore.com/cmks4t7760ico01gn1jf68tnz_IMG20251227053305_2737.webp https://assets.wuiltstore.com/cmks4t8do0icp01gnfw004ngz_IMG20251227053337_3376.webp https://assets.wuiltstore.com/cmks4t9ie0icq01gn9t41dqyi_IMG20251227053417_4146.webp https://assets.wuiltstore.com/cmks4tbut0ics01gn4lnu1ase_IMG20251227053431_9881.webp https://assets.wuiltstore.com/cmks4tanx0icr01gn9iof543x_IMG20251227053433_1826.webp,https://assets.wuiltstore.com/cmks4tanx0icr01gn9iof543x_IMG20251227053433_1826.webp,ACTIVE,استيكي نوت وفواصل ,https://lolishop.wuiltstore.com/ar/product/all/استيكي-نوت-قطاقيط,Global,2026-01-24T12:53:03.838Z,2026-01-24T12:55:35.154Z,,,,
استيكي-نوت-قطاقيط,,,,,استيكي نوت,3,,,,,,Available,35,30,,,https://assets.wuiltstore.com/cmks4t7760ico01gn1jf68tnz_IMG20251227053305_2737.webp,,,https://lolishop.wuiltstore.com/ar/product/all/استيكي-نوت-قطاقيط,,,,,,,
استيكي-نوت-قطاقيط,,,,,استيكي نوت,2,,,,,,Available,35,30,,,https://assets.wuiltstore.com/cmks4t60w0icn01gn26ufffh7_IMG20251227053254_4903.webp,,,https://lolishop.wuiltstore.com/ar/product/all/استيكي-نوت-قطاقيط,,,,,,,
استيكي-نوت-قطاقيط,,,,,استيكي نوت,1,,,,,,Available,35,30,,,https://assets.wuiltstore.com/cmks4t2fj0ick01gn4nt7acbz_IMG20251227053224_5779.webp,,,https://lolishop.wuiltstore.com/ar/product/all/استيكي-نوت-قطاقيط,,,,,,,
استيكي-نوت-قطة,استيكي نوت قطة,,استيكي نوت قطة,,استيكي نوت,5,,,,,,Available,35,30,,https://assets.wuiltstore.com/cmks4j3mj0ibe01gn3wspgmij_IMG20251219230858_1857.webp https://assets.wuiltstore.com/cmks4j4qb0ibf01gneo24f527_IMG20251219231135_7131.webp https://assets.wuiltstore.com/cmks4j5xg0ibg01gna4am31fa_IMG20251219231334_2755.webp https://assets.wuiltstore.com/cmks4j71o0ibh01gn2tgi1wxz_IMG20251219232028_8647.webp https://assets.wuiltstore.com/cmks4j89o0ibi01gn88ku06mb_IMG20251219231351_6540.webp https://assets.wuiltstore.com/cmks4j9fy0ibj01gna13t8fu4_IMG20251219232013_8385.webp https://assets.wuiltstore.com/cmks4jakh0ibk01gn2fgxa09j_IMG20251219232044_2743.webp https://assets.wuiltstore.com/cmks4jbqf0ibl01gn67y76bmm_IMG20251219231237_2410.webp https://assets.wuiltstore.com/cmks4je3h0ibn01gne8o7dxrv_IMG20251219231405_1358.webp https://assets.wuiltstore.com/cmks4jcys0ibm01gnblu5b7cj_IMG20251219231155_5113.webp,https://assets.wuiltstore.com/cmks4jbqf0ibl01gn67y76bmm_IMG20251219231237_2410.webp,ACTIVE,استيكي نوت وفواصل ,https://lolishop.wuiltstore.com/ar/product/all/استيكي-نوت-قطة,Global,2026-01-24T12:45:17.245Z,2026-01-24T12:49:45.746Z,,,,
استيكي-نوت-قطة,,,,,استيكي نوت,4,,,,,,Available,35,30,,,https://assets.wuiltstore.com/cmks4je3h0ibn01gne8o7dxrv_IMG20251219231405_1358.webp,,,https://lolishop.wuiltstore.com/ar/product/all/استيكي-نوت-قطة,,,,,,,
استيكي-نوت-قطة,,,,,استيكي نوت,3,,,,,,Available,35,30,,,https://assets.wuiltstore.com/cmks4j89o0ibi01gn88ku06mb_IMG20251219231351_6540.webp,,,https://lolishop.wuiltstore.com/ar/product/all/استيكي-نوت-قطة,,,,,,,
استيكي-نوت-قطة,,,,,استيكي نوت,2,,,,,,Available,35,30,,,https://assets.wuiltstore.com/cmks4j5xg0ibg01gna4am31fa_IMG20251219231334_2755.webp,,,https://lolishop.wuiltstore.com/ar/product/all/استيكي-نوت-قطة,,,,,,,
استيكي-نوت-قطة,,,,,استيكي نوت,1,,,,,,Available,35,30,,,https://assets.wuiltstore.com/cmks4j3mj0ibe01gn3wspgmij_IMG20251219230858_1857.webp,,,https://lolishop.wuiltstore.com/ar/product/all/استيكي-نوت-قطة,,,,,,,
استيكي-نوت-قلوب-ونجوم,استيكي نوت قلوب ونجوم,,استيكي نوت قلوب ونجوم,,استيكي نوت,4,,,,,,Available,30,,,https://assets.wuiltstore.com/cmks3jx6a0i9001gn2vvf114n_IMG20251219230552_1272.webp https://assets.wuiltstore.com/cmks3jnqa0i8s01gn2dnb0shr_IMG20251219230052_4086.webp https://assets.wuiltstore.com/cmks3jp130i8t01gn4tb60z8p_IMG20251219230401_8579.webp https://assets.wuiltstore.com/cmks3jq9x0i8u01gncn8e6vdk_IMG20251219230433_3609.webp https://assets.wuiltstore.com/cmks3jret0i8v01gncx4y4wb8_IMG20251219230438_2801.webp https://assets.wuiltstore.com/cmks3jsk10i8w01gnf3msgqmt_IMG20251219230624_9724.webp https://assets.wuiltstore.com/cmks3jtna0i8x01gnazdn6fpm_IMG20251219225715_9470.webp https://assets.wuiltstore.com/cmks3juy20i8y01gnea5x2kqk_IMG20251219230509_1492.webp https://assets.wuiltstore.com/cmks3jw0y0i8z01gnalwk9r34_IMG20251219230418_5968.webp https://assets.wuiltstore.com/cmks3jya70i9101gncuucgsd0_IMG20251219230646_7582.webp,https://assets.wuiltstore.com/cmks3jx6a0i9001gn2vvf114n_IMG20251219230552_1272.webp,ACTIVE,استيكي نوت وفواصل ,https://lolishop.wuiltstore.com/ar/product/all/استيكي-نوت-قلوب-ونجوم,Global,2026-01-24T12:17:45.197Z,2026-01-24T12:20:26.676Z,,,,
استيكي-نوت-قلوب-ونجوم,,,,,استيكي نوت,3,,,,,,Available,30,,,,https://assets.wuiltstore.com/cmks3juy20i8y01gnea5x2kqk_IMG20251219230509_1492.webp,,,https://lolishop.wuiltstore.com/ar/product/all/استيكي-نوت-قلوب-ونجوم,,,,,,,
استيكي-نوت-قلوب-ونجوم,,,,,استيكي نوت,2,,,,,,Available,30,,,,https://assets.wuiltstore.com/cmks3jp130i8t01gn4tb60z8p_IMG20251219230401_8579.webp,,,https://lolishop.wuiltstore.com/ar/product/all/استيكي-نوت-قلوب-ونجوم,,,,,,,
استيكي-نوت-قلوب-ونجوم,,,,,استيكي نوت,1,,,,,,Available,30,,,,https://assets.wuiltstore.com/cmks3jnqa0i8s01gn2dnb0shr_IMG20251219230052_4086.webp,,,https://lolishop.wuiltstore.com/ar/product/all/استيكي-نوت-قلوب-ونجوم,,,,,,,
استيكي-نوت-كتكوتة-بقلم,استيكي نوت كتكوتة بقلم,,استيكي نوت كتكوتة بقلم,,استيكي بقلم,5,,,,,,Available,45,40,,https://assets.wuiltstore.com/cmks3bwjq0i8c01gnb0yeap1v_IMG20251227070943_9803.webp https://assets.wuiltstore.com/cmks3bxph0i8d01gn0h7fey3j_IMG20251227070646_1400.webp https://assets.wuiltstore.com/cmks3byug0i8e01gn8jar8kye_IMG20251227070709_2379.webp https://assets.wuiltstore.com/cmks3bzzq0i8f01gn5wnphkvu_IMG20251227070700_9765.webp https://assets.wuiltstore.com/cmks3c12c0i8g01gn6b32hhqh_IMG20251227070733_7482.webp https://assets.wuiltstore.com/cmks3c2610i8h01gn5az49ssf_IMG20251227070724_5389.webp https://assets.wuiltstore.com/cmks3c3f10i8i01gn3oltd5vu_IMG20251227070832_9417.webp https://assets.wuiltstore.com/cmks3c4o80i8j01gn867cadgs_IMG20251227070856_7917.webp https://assets.wuiltstore.com/cmks3c5zd0i8k01gnbyzy5ngs_IMG20251227070910_4133.webp https://assets.wuiltstore.com/cmks3c7b10i8l01gn31lwc9k4_IMG20251227070926_3203.webp,https://assets.wuiltstore.com/cmks3c7b10i8l01gn31lwc9k4_IMG20251227070926_3203.webp,ACTIVE,استيكي نوت وفواصل ,https://lolishop.wuiltstore.com/ar/product/all/استيكي-نوت-كتكوتة-بقلم,Global,2026-01-24T12:11:43.025Z,2026-01-24T12:14:06.511Z,,,,
استيكي-نوت-كتكوتة-بقلم,,,,,استيكي بقلم,4,,,,,,Available,45,40,,,https://assets.wuiltstore.com/cmks3c5zd0i8k01gnbyzy5ngs_IMG20251227070910_4133.webp,,,https://lolishop.wuiltstore.com/ar/product/all/استيكي-نوت-كتكوتة-بقلم,,,,,,,
استيكي-نوت-كتكوتة-بقلم,,,,,استيكي بقلم,3,,,,,,Available,45,40,,,https://assets.wuiltstore.com/cmks3c4o80i8j01gn867cadgs_IMG20251227070856_7917.webp,,,https://lolishop.wuiltstore.com/ar/product/all/استيكي-نوت-كتكوتة-بقلم,,,,,,,
استيكي-نوت-كتكوتة-بقلم,,,,,استيكي بقلم,2,,,,,,Available,45,40,,,https://assets.wuiltstore.com/cmks3c3f10i8i01gn3oltd5vu_IMG20251227070832_9417.webp,,,https://lolishop.wuiltstore.com/ar/product/all/استيكي-نوت-كتكوتة-بقلم,,,,,,,
استيكي-نوت-كتكوتة-بقلم,,,,,استيكي بقلم,1,,,,,,Available,45,40,,,https://assets.wuiltstore.com/cmks3bwjq0i8c01gnb0yeap1v_IMG20251227070943_9803.webp,,,https://lolishop.wuiltstore.com/ar/product/all/استيكي-نوت-كتكوتة-بقلم,,,,,,,
استيكي-نوت-كتكوته-1,استيكي نوت كتكوته,,استيكي نوت كتكوته,,استيكي نوت,3,,,,,,Available,35,30,,https://assets.wuiltstore.com/cmks2aohe0i7701gn8u9eh13p_IMG20251227102901_6612.webp https://assets.wuiltstore.com/cmks2apry0i7801gn6mi715ci_IMG20251227103030_6787.webp https://assets.wuiltstore.com/cmks2aqvy0i7901gnb1q6bpjq_IMG20251227103054_4755.webp https://assets.wuiltstore.com/cmks2as150i7a01gn00df8udt_IMG20251227103115_2940.webp https://assets.wuiltstore.com/cmks2at560i7b01gnb21yd28l_IMG20251227103149_2097.webp https://assets.wuiltstore.com/cmks2auak0i7c01gngjnj1tm1_IMG20251227103510_6966.webp https://assets.wuiltstore.com/cmks2avd70i7d01gn5nxz2lcs_IMG20251227103526_1656.webp https://assets.wuiltstore.com/cmks2ayv60i7g01gndfen999a_IMG20251227103602_2227.webp https://assets.wuiltstore.com/cmks2axsg0i7f01gnayvz44y6_IMG20251227103628_3691.webp,https://assets.wuiltstore.com/cmks2axsg0i7f01gnayvz44y6_IMG20251227103628_3691.webp,ACTIVE,استيكي نوت وفواصل ,https://lolishop.wuiltstore.com/ar/product/all/استيكي-نوت-كتكوته-1,Global,2026-01-24T11:42:46.710Z,2026-01-24T11:45:52.720Z,,,,
استيكي-نوت-كتكوته-1,,,,,استيكي نوت,6,,,,,,Available,35,30,,,https://assets.wuiltstore.com/cmks2avd70i7d01gn5nxz2lcs_IMG20251227103526_1656.webp,,,https://lolishop.wuiltstore.com/ar/product/all/استيكي-نوت-كتكوته-1,,,,,,,
استيكي-نوت-كتكوته-1,,,,,استيكي نوت,5,,,,,,Available,35,30,,,https://assets.wuiltstore.com/cmks2auak0i7c01gngjnj1tm1_IMG20251227103510_6966.webp,,,https://lolishop.wuiltstore.com/ar/product/all/استيكي-نوت-كتكوته-1,,,,,,,
استيكي-نوت-كتكوته-1,,,,,استيكي نوت,4,,,,,,Available,35,30,,,https://assets.wuiltstore.com/cmks2as150i7a01gn00df8udt_IMG20251227103115_2940.webp,,,https://lolishop.wuiltstore.com/ar/product/all/استيكي-نوت-كتكوته-1,,,,,,,
استيكي-نوت-كتكوته-1,,,,,استيكي نوت,2,,,,,,Available,35,30,,,https://assets.wuiltstore.com/cmks2apry0i7801gn6mi715ci_IMG20251227103030_6787.webp,,,https://lolishop.wuiltstore.com/ar/product/all/استيكي-نوت-كتكوته-1,,,,,,,
استيكي-نوت-كتكوته-1,,,,,استيكي نوت,1,,,,,,Available,35,30,,,https://assets.wuiltstore.com/cmks2aohe0i7701gn8u9eh13p_IMG20251227102901_6612.webp,,,https://lolishop.wuiltstore.com/ar/product/all/استيكي-نوت-كتكوته-1,,,,,,,
استيكي-نوت-كتكوته,استيكي نوت كتكوته,,استيكي نوت كتكوته,,استيكي نوت,2,,,,,,Available,35,30,,https://assets.wuiltstore.com/cmkrwoh340i2101gncx3shah2_IMG20251227082337_4711.webp https://assets.wuiltstore.com/cmkrwoi9s0i2201gn5xf268mn_IMG20251227082422_4758.webp https://assets.wuiltstore.com/cmkrwojfm0i2301gnccym4f50_IMG20251227082505_5650.webp https://assets.wuiltstore.com/cmkrwokfz0i2401gnfrv1bh8s_IMG20251227082528_1267.webp https://assets.wuiltstore.com/cmkrwollk0i2501gn75h3flzz_IMG20251227082531_4575.webp https://assets.wuiltstore.com/cmkrwomr90i2601gnhw1afjm2_IMG20251227082546_9793.webp https://assets.wuiltstore.com/cmkrwonuk0i2701gnhidu10of_IMG20251227082552_9887.webp https://assets.wuiltstore.com/cmkrwoq1w0i2901gnguqz02rj_IMG20251227082556_1390.webp https://assets.wuiltstore.com/cmkrwoox10i2801gn937j5032_IMG20251227082344_1559.webp,https://assets.wuiltstore.com/cmkrwomr90i2601gnhw1afjm2_IMG20251227082546_9793.webp,ACTIVE,استيكي نوت وفواصل ,https://lolishop.wuiltstore.com/ar/product/all/استيكي-نوت-كتكوته,Global,2026-01-24T09:05:32.595Z,2026-01-24T09:06:28.878Z,,,,
استيكي-نوت-كتكوته,,,,,استيكي نوت,1,,,,,,Available,35,30,,,https://assets.wuiltstore.com/cmkrwoh340i2101gncx3shah2_IMG20251227082337_4711.webp,,,https://lolishop.wuiltstore.com/ar/product/all/استيكي-نوت-كتكوته,,,,,,,
استيكي-نوت-كرومي,استيكي نوت كرومي ,,استيكي نوت كرومي ,,استيكي نوت,لبني,,,,,,Available,35,30,,https://assets.wuiltstore.com/cmkrwgq5n0i1q01gn6wbpb7wz_IMG20251219221041_5527.webp https://assets.wuiltstore.com/cmkrwgli50i1m01gn67pt2ce1_IMG20251219220717_2244.webp https://assets.wuiltstore.com/cmkrwgmp20i1n01gn939j1l1a_IMG20251219220901_1377.webp https://assets.wuiltstore.com/cmkrwgnwo0i1o01gn27slguxm_IMG20251219220819_5560.webp https://assets.wuiltstore.com/cmkrwgp0s0i1p01gnddhfgadx_IMG20251219220844_2678.webp https://assets.wuiltstore.com/cmkrwgrbm0i1r01gnct364en1_IMG20251219221023_8701.webp https://assets.wuiltstore.com/cmkrwgscx0i1s01gn4pxh5smj_IMG20251219221157_1978.webp https://assets.wuiltstore.com/cmkrwgthi0i1t01gn04n5fijp_IMG20251219221207_4609.webp https://assets.wuiltstore.com/cmkrwgvrv0i1v01gn57s89cs1_IMG20251219221305_1564.webp https://assets.wuiltstore.com/cmkrwgun00i1u01gn2tbc7iot_IMG20251219221233_5767.webp,https://assets.wuiltstore.com/cmkrwgun00i1u01gn2tbc7iot_IMG20251219221233_5767.webp,ACTIVE,استيكي نوت وفواصل ,https://lolishop.wuiltstore.com/ar/product/all/استيكي-نوت-كرومي,Global,2026-01-24T08:59:25.167Z,2026-01-24T09:03:48.832Z,,,,
استيكي-نوت-كرومي,,,,,استيكي نوت,أبيض,,,,,,Available,35,30,,,https://assets.wuiltstore.com/cmkrwgmp20i1n01gn939j1l1a_IMG20251219220901_1377.webp,,,https://lolishop.wuiltstore.com/ar/product/all/استيكي-نوت-كرومي,,,,,,,
استيكي-نوت-كرومي,,,,,استيكي نوت,رصاصي,,,,,,Available,35,30,,,https://assets.wuiltstore.com/cmkrwgli50i1m01gn67pt2ce1_IMG20251219220717_2244.webp,,,https://lolishop.wuiltstore.com/ar/product/all/استيكي-نوت-كرومي,,,,,,,
استيكي-نوت-كرومي,,,,,استيكي نوت,بينك كيتي,,,,,,Available,35,30,,,https://assets.wuiltstore.com/cmkrwgthi0i1t01gn04n5fijp_IMG20251219221207_4609.webp,,,https://lolishop.wuiltstore.com/ar/product/all/استيكي-نوت-كرومي,,,,,,,
استيكي-نوت-كرومي,,,,,استيكي نوت,بينك كرومي,,,,,,Available,35,30,,,https://assets.wuiltstore.com/cmkrwgq5n0i1q01gn6wbpb7wz_IMG20251219221041_5527.webp,,,https://lolishop.wuiltstore.com/ar/product/all/استيكي-نوت-كرومي,,,,,,,
استيكي-نوت-كرومي-وسط, استيكي نوت كرومي وسط,, استيكي نوت كرومي وسط,,استيكي نوت,لبني,,,,,,Available,30,25,,https://assets.wuiltstore.com/cmkrw5hly0i1l01gn28j600bc_IMG20251220222141_7432.webp https://assets.wuiltstore.com/cmkrw58oy0i1e01gn033w2ata_IMG20251220222123_5564.webp https://assets.wuiltstore.com/cmkrw59z40i1f01gncijwhusr_IMG20251220222108_7340__1_.webp https://assets.wuiltstore.com/cmkrw5beg0i1g01gn6eq59fcm_IMG20251220222153_1318.webp https://assets.wuiltstore.com/cmkrw5cot0i1h01gn9lvj6ez3_IMG20251221063153_3750.webp https://assets.wuiltstore.com/cmkrw5dyf0i1i01gn2i0u3u7p_IMG20251221063208_3473.webp https://assets.wuiltstore.com/cmkrw5f4v0i1j01gn7mzd7s94_IMG20251221063232_7739.webp https://assets.wuiltstore.com/cmkrw5gar0i1k01gnhb05azds_IMG20251220222108_7340.webp,https://assets.wuiltstore.com/cmkrw58oy0i1e01gn033w2ata_IMG20251220222123_5564.webp,ACTIVE,استيكي نوت وفواصل ,https://lolishop.wuiltstore.com/ar/product/all/استيكي-نوت-كرومي-وسط,Global,2026-01-24T08:50:35.245Z,2026-01-24T08:53:44.260Z,,,,
استيكي-نوت-كرومي-وسط,,,,,استيكي نوت,أصفر,,,,,,Available,30,25,,,https://assets.wuiltstore.com/cmkrw5beg0i1g01gn6eq59fcm_IMG20251220222153_1318.webp,,,https://lolishop.wuiltstore.com/ar/product/all/استيكي-نوت-كرومي-وسط,,,,,,,
استيكي-نوت-كرومي-وسط,,,,,استيكي نوت,موف,,,,,,Available,30,25,,,https://assets.wuiltstore.com/cmkrw5hly0i1l01gn28j600bc_IMG20251220222141_7432.webp,,,https://lolishop.wuiltstore.com/ar/product/all/استيكي-نوت-كرومي-وسط,,,,,,,
استيكي-نوت-كرومي-وسط,,,,,استيكي نوت,بينك,,,,,,Available,30,25,,,https://assets.wuiltstore.com/cmkrw59z40i1f01gncijwhusr_IMG20251220222108_7340__1_.webp,,,https://lolishop.wuiltstore.com/ar/product/all/استيكي-نوت-كرومي-وسط,,,,,,,
استيكي-نوت-كوري,استيكي نوت كوري,,استيكي نوت كوري,,استيكي نوت,2,,,,,,Available,35,30,,https://assets.wuiltstore.com/cmkrw06rl0i1801gn1kw6dklo_IMG20251227064745_3496.webp https://assets.wuiltstore.com/cmkrw04fs0i1601gnglwy6prq_IMG20251227064627_5771.webp https://assets.wuiltstore.com/cmkrw05mv0i1701gn9oip7cnq_IMG20251227064657_8216.webp https://assets.wuiltstore.com/cmkrw07wo0i1901gn7mr81e9k_IMG20251227064748_8380.webp https://assets.wuiltstore.com/cmkrw0abc0i1b01gn533jc6q2_IMG20251227064805_9945.webp https://assets.wuiltstore.com/cmkrw092a0i1a01gnaty0egs5_IMG20251227064807_5433.webp,https://assets.wuiltstore.com/cmkrw092a0i1a01gnaty0egs5_IMG20251227064807_5433.webp,ACTIVE,استيكي نوت وفواصل ,https://lolishop.wuiltstore.com/ar/product/all/استيكي-نوت-كوري,Global,2026-01-24T08:46:36.447Z,2026-01-24T08:48:03.961Z,,,,
استيكي-نوت-كوري,,,,,استيكي نوت,1,,,,,,Available,35,30,,,https://assets.wuiltstore.com/cmkrw06rl0i1801gn1kw6dklo_IMG20251227064745_3496.webp,,,https://lolishop.wuiltstore.com/ar/product/all/استيكي-نوت-كوري,,,,,,,
ميني-نوت-كرومي,ميني نوت كرومي ,,ميني نوت كرومي ,,ألوان,اخضر ,,,,,,Available,40,35,,https://assets.wuiltstore.com/cmkq0a7n40epw01gn79wi0g7r_1000200173.webp https://assets.wuiltstore.com/cmkq0aa6l0epy01gnejfm22l4_1000200178.webp https://assets.wuiltstore.com/cmkq0acn20eq001gn3vd5cp0z_1000200177.webp https://assets.wuiltstore.com/cmkq0a8w80epx01gn65d15nnn_1000200176.webp https://assets.wuiltstore.com/cmkq0a57y0epu01gn2ypt322j_1000200175.webp https://assets.wuiltstore.com/cmkq0a6d30epv01gn4x9p1dof_1000200172.webp https://assets.wuiltstore.com/cmkq0abg30epz01gne6k5cakd_1000200174.webp https://assets.wuiltstore.com/cmkq0af570eq201gnbt85eyle_1000200179.webp https://assets.wuiltstore.com/cmkq0adws0eq101gn5qb3ht46_1000200180.webp,https://assets.wuiltstore.com/cmkq0a6d30epv01gn4x9p1dof_1000200172.webp,ACTIVE,دفاتر ونوت بوك,https://lolishop.wuiltstore.com/ar/product/all/ميني-نوت-كرومي,Global,2026-01-23T01:10:50.142Z,2026-01-24T08:47:20.258Z,,,,
ميني-نوت-كرومي,,,,,ألوان,بنك ,,,,,,Available,40,35,,,https://assets.wuiltstore.com/cmkq0a7n40epw01gn79wi0g7r_1000200173.webp,,,https://lolishop.wuiltstore.com/ar/product/all/ميني-نوت-كرومي,,,,,,,
ميني-نوت-كرومي,,,,,ألوان,موف ,,,,,,Available,40,35,,,https://assets.wuiltstore.com/cmkq0acn20eq001gn3vd5cp0z_1000200177.webp,,,https://lolishop.wuiltstore.com/ar/product/all/ميني-نوت-كرومي,,,,,,,
ميني-نوت-كرومي,,,,,ألوان,ازرق,,,,,,Available,40,35,,,https://assets.wuiltstore.com/cmkq0a57y0epu01gn2ypt322j_1000200175.webp,,,https://lolishop.wuiltstore.com/ar/product/all/ميني-نوت-كرومي,,,,,,,
⁨‫استيكي-نوت-الوان-سادة-‫m-‫g⁩,استيكي نوت الوان سادة m.g,,استيكي نوت الوان سادة m.g,,اقلام,لبني,,,,,,Available,30,25,,https://assets.wuiltstore.com/cmkrir6ud0hmd01gn7pyu24c0_IMG20251227054027_4826.webp https://assets.wuiltstore.com/cmkrir39s0hma01gngojwd0cm_IMG20251227053952_4470.webp https://assets.wuiltstore.com/cmkrir4c50hmb01gnclzkdfvv_IMG20251227054000_3644.webp https://assets.wuiltstore.com/cmkrir5i00hmc01gnhslr5e2p_IMG20251227054010_9878.webp https://assets.wuiltstore.com/cmkrir83o0hme01gneyahhty8_IMG20251227054036_2591.webp https://assets.wuiltstore.com/cmkrir96c0hmf01gn93wi9fau_IMG20251227054047_3783.webp https://assets.wuiltstore.com/cmkrira6a0hmg01gn4md9gdya_IMG20251227054116_3269.webp https://assets.wuiltstore.com/cmkrirb7t0hmh01gn4i8u1kaj_IMG20251227054055_5690.webp https://assets.wuiltstore.com/cmkrirdms0hmj01gnhnvrb1w9_IMG20251227054251_5103.webp https://assets.wuiltstore.com/cmkrircbh0hmi01gnf73lglcw_IMG20251227054242_7500.webp,https://assets.wuiltstore.com/cmkrir39s0hma01gngojwd0cm_IMG20251227053952_4470.webp,ACTIVE,استيكي نوت وفواصل ,https://lolishop.wuiltstore.com/ar/product/all/⁨‫استيكي-نوت-الوان-سادة-‫m-‫g⁩,Global,2026-01-24T02:35:40.161Z,2026-01-24T02:37:23.422Z,,,,
⁨‫استيكي-نوت-الوان-سادة-‫m-‫g⁩,,,,,اقلام,اخضر,,,,,,Available,30,25,,,https://assets.wuiltstore.com/cmkrir6ud0hmd01gn7pyu24c0_IMG20251227054027_4826.webp,,,https://lolishop.wuiltstore.com/ar/product/all/⁨‫استيكي-نوت-الوان-سادة-‫m-‫g⁩,,,,,,,
⁨‫استيكي-نوت-الوان-سادة-‫m-‫g⁩,,,,,اقلام,موف,,,,,,Available,30,25,,,https://assets.wuiltstore.com/cmkrir4c50hmb01gnclzkdfvv_IMG20251227054000_3644.webp,,,https://lolishop.wuiltstore.com/ar/product/all/⁨‫استيكي-نوت-الوان-سادة-‫m-‫g⁩,,,,,,,
⁨‫استيكي-نوت-الوان-سادة-‫m-‫g⁩,,,,,اقلام,بينك,,,,,,Available,30,25,,,https://assets.wuiltstore.com/cmkrir83o0hme01gneyahhty8_IMG20251227054036_2591.webp,,,https://lolishop.wuiltstore.com/ar/product/all/⁨‫استيكي-نوت-الوان-سادة-‫m-‫g⁩,,,,,,,
استيكي-نوت-بطريق,استيكي نوت بطريق,,استيكي نوت بطريق,,استيكي نوت,أخضر,,,,,,Available,45,35,,https://assets.wuiltstore.com/cmkrilu680hlq01gn3mshdebd_IMG20251227053101_3350.webp https://assets.wuiltstore.com/cmkrilvff0hlr01gn303v67b5_IMG20251227053115_8381.webp https://assets.wuiltstore.com/cmkrilwl30hls01gn254w3062_IMG20251227053025_9671.webp https://assets.wuiltstore.com/cmkrilxpe0hlt01gn4i51ckse_IMG20251227053040_2853.webp https://assets.wuiltstore.com/cmkrim01d0hlv01gn5pd3gbk5_IMG20251227053101_3350__1_.webp https://assets.wuiltstore.com/cmkrilywp0hlu01gnc1ig1n84_IMG20251227053132_5939.webp,https://assets.wuiltstore.com/cmkrilvff0hlr01gn303v67b5_IMG20251227053115_8381.webp,ACTIVE,استيكي نوت وفواصل ,https://lolishop.wuiltstore.com/ar/product/all/استيكي-نوت-بطريق,Global,2026-01-24T02:31:34.972Z,2026-01-24T02:32:28.394Z,,,,
استيكي-نوت-بطريق,,,,,استيكي نوت,أصفر,,,,,,Available,45,35,,,https://assets.wuiltstore.com/cmkrilxpe0hlt01gn4i51ckse_IMG20251227053040_2853.webp,,,https://lolishop.wuiltstore.com/ar/product/all/استيكي-نوت-بطريق,,,,,,,
استيكي-نوت-بطريق,,,,,استيكي نوت,بينك,,,,,,Available,45,35,,,https://assets.wuiltstore.com/cmkrilu680hlq01gn3mshdebd_IMG20251227053101_3350.webp,,,https://lolishop.wuiltstore.com/ar/product/all/استيكي-نوت-بطريق,,,,,,,
استيكي-نوت-بطيخة,استيكي نوت بطيخة,,استيكي نوت بطيخة,,,,,,,,,Available,35,30,,https://assets.wuiltstore.com/cmkriiej30hle01gn3ozog44y_IMG20251227095920_4861.webp https://assets.wuiltstore.com/cmkriifpj0hlf01gnc73t7ra5_IMG20251227095903_1659.webp https://assets.wuiltstore.com/cmkriihyw0hlh01gnd67f40if_IMG20251227095907_6625.webp https://assets.wuiltstore.com/cmkriigs20hlg01gne05m6m8m_IMG20251227095925_2592.webp,,ACTIVE,استيكي نوت وفواصل ,https://lolishop.wuiltstore.com/ar/product/all/استيكي-نوت-بطيخة,Global,2026-01-24T02:28:54.710Z,2026-01-24T02:28:54.765Z,,,,
استيكي-نوت-بقلم,استيكي نوت بقلم,,استيكي نوت بقلم,,استيكي,تفاحة,,,,,,Available,45,40,,https://assets.wuiltstore.com/cmkrifw980hl201gnhnm5hf09_IMG20251228221016_7929.webp https://assets.wuiltstore.com/cmkrifxjf0hl301gn9urc7oi8_IMG20251228221110_5210.webp https://assets.wuiltstore.com/cmkrifyoy0hl401gnenaqgcmx_IMG20251228221124_9477.webp https://assets.wuiltstore.com/cmkrig0ys0hl601gn52vlf2vd_IMG20251228221134_6478.webp https://assets.wuiltstore.com/cmkrifzuo0hl501gndssuck0q_IMG20251228221031_8678.webp,https://assets.wuiltstore.com/cmkrifw980hl201gnhnm5hf09_IMG20251228221016_7929.webp,ACTIVE,استيكي نوت وفواصل ,https://lolishop.wuiltstore.com/ar/product/all/استيكي-نوت-بقلم,Global,2026-01-24T02:26:57.692Z,2026-01-24T02:27:42.155Z,,,,
استيكي-نوت-بقلم,,,,,استيكي,قلب,,,,,,Available,45,40,,,https://assets.wuiltstore.com/cmkrifxjf0hl301gn9urc7oi8_IMG20251228221110_5210.webp,,,https://lolishop.wuiltstore.com/ar/product/all/استيكي-نوت-بقلم,,,,,,,
استيكي-نوت-بنوته-1,استيكي نوت بنوته,,استيكي نوت بنوته,,استيكي نوت,2,,,,,,Available,35,30,,https://assets.wuiltstore.com/cmkriann70hkv01gndiuygd7t_IMG20251227100243_3542.webp https://assets.wuiltstore.com/cmkriak4z0hks01gnaadoep0c_IMG20251227100140_3750.webp https://assets.wuiltstore.com/cmkriaoxy0hkw01gn7fz6cdvg_IMG20251227100240_8414.webp https://assets.wuiltstore.com/cmkriaize0hkr01gngnbu0uyl_IMG20251227100137_7381.webp https://assets.wuiltstore.com/cmkriahsj0hkq01gn0r6o6hvl_IMG20251227100048_2402.webp https://assets.wuiltstore.com/cmkrial9e0hkt01gn332w3ln7_IMG20251227100230_1861.webp https://assets.wuiltstore.com/cmkriamf40hku01gnh07s03lg_IMG20251227100232_9297.webp,https://assets.wuiltstore.com/cmkriaoxy0hkw01gn7fz6cdvg_IMG20251227100240_8414.webp,ACTIVE,استيكي نوت وفواصل ,https://lolishop.wuiltstore.com/ar/product/all/استيكي-نوت-بنوته-1,Global,2026-01-24T02:22:45.690Z,2026-01-24T02:24:39.059Z,,,,
استيكي-نوت-بنوته-1,,,,,استيكي نوت,1,,,,,,Available,35,30,,,https://assets.wuiltstore.com/cmkriak4z0hks01gnaadoep0c_IMG20251227100140_3750.webp,,,https://lolishop.wuiltstore.com/ar/product/all/استيكي-نوت-بنوته-1,,,,,,,
استيكي-نوت-بنوته,استيكي نوت بنوته,,استيكي نوت بنوته,,استيكي نوت,2,,,,,,Available,35,30,,https://assets.wuiltstore.com/cmkri8jrx0hko01gn9a3k1zh0_IMG20251227100440_3062.webp https://assets.wuiltstore.com/cmkri8dx40hkj01gn0v6q4xa3_IMG20251227095957_6287.webp https://assets.wuiltstore.com/cmkri8f4p0hkk01gn95fy2bya_IMG20251227100007_5135.webp https://assets.wuiltstore.com/cmkri8gd80hkl01gna3nlg4i3_IMG20251227100425_4571.webp https://assets.wuiltstore.com/cmkri8hfx0hkm01gn5w7q14i9_IMG20251227100427_6586.webp https://assets.wuiltstore.com/cmkri8imi0hkn01gnbosj9hf5_IMG20251227100437_5395.webp https://assets.wuiltstore.com/cmkri8l2l0hkp01gn42qaevwd_IMG20251227100010_6146.webp,https://assets.wuiltstore.com/cmkri8jrx0hko01gn9a3k1zh0_IMG20251227100440_3062.webp,ACTIVE,استيكي نوت وفواصل ,https://lolishop.wuiltstore.com/ar/product/all/استيكي-نوت-بنوته,Global,2026-01-24T02:20:51.752Z,2026-01-24T02:21:53.140Z,,,,
استيكي-نوت-بنوته,,,,,استيكي نوت,1,,,,,,Available,35,30,,,https://assets.wuiltstore.com/cmkri8f4p0hkk01gn95fy2bya_IMG20251227100007_5135.webp,,,https://lolishop.wuiltstore.com/ar/product/all/استيكي-نوت-بنوته,,,,,,,
استيكي-نوت-جليتر-بلاستيك-شفاف,استيكي نوت جليتر بلاستيك شفاف,,استيكي نوت جليتر بلاستيك شفاف,,استيكي نوت,1,,,,,,Available,45,35,,https://assets.wuiltstore.com/cmkri1elk0hjo01gnfjdfbf6h_IMG20251219213241_4009.webp https://assets.wuiltstore.com/cmkri19ej0hjk01gn61mehawk_IMG20251219212820_1439.webp https://assets.wuiltstore.com/cmkri1aoz0hjl01gnhoisb7qo_IMG20251219212911_9321.webp https://assets.wuiltstore.com/cmkri1fuc0hjp01gn86dkb22v_IMG20251219213309_9508.webp https://assets.wuiltstore.com/cmkri1c1v0hjm01gnaa5340lq_IMG20251219212929_9474.webp https://assets.wuiltstore.com/cmkri1dbb0hjn01gngk73fd0c_IMG20251219213035_5326.webp https://assets.wuiltstore.com/cmkri1h1s0hjq01gngk932fnw_IMG20251219213455_2974.webp https://assets.wuiltstore.com/cmkri1ia90hjr01gn4gxwfaai_IMG20251219213656_2651.webp https://assets.wuiltstore.com/cmkri1kpp0hjt01gnblc12n1w_IMG20251219213435_6065.webp https://assets.wuiltstore.com/cmkri1jgb0hjs01gn3taj0q2h_IMG20251219213637_2703.webp,https://assets.wuiltstore.com/cmkri19ej0hjk01gn61mehawk_IMG20251219212820_1439.webp,ACTIVE,استيكي نوت وفواصل ,https://lolishop.wuiltstore.com/ar/product/all/استيكي-نوت-جليتر-بلاستيك-شفاف,Global,2026-01-24T02:15:34.915Z,2026-01-24T02:18:02.768Z,,,,
استيكي-نوت-جليتر-بلاستيك-شفاف,,,,,استيكي نوت,4,,,,,,Available,45,35,,,https://assets.wuiltstore.com/cmkri1jgb0hjs01gn3taj0q2h_IMG20251219213637_2703.webp,,,https://lolishop.wuiltstore.com/ar/product/all/استيكي-نوت-جليتر-بلاستيك-شفاف,,,,,,,
استيكي-نوت-جليتر-بلاستيك-شفاف,,,,,استيكي نوت,3,,,,,,Available,45,35,,,https://assets.wuiltstore.com/cmkri1kpp0hjt01gnblc12n1w_IMG20251219213435_6065.webp,,,https://lolishop.wuiltstore.com/ar/product/all/استيكي-نوت-جليتر-بلاستيك-شفاف,,,,,,,
استيكي-نوت-جليتر-بلاستيك-شفاف,,,,,استيكي نوت,2,,,,,,Available,45,35,,,https://assets.wuiltstore.com/cmkri1elk0hjo01gnfjdfbf6h_IMG20251219213241_4009.webp,,,https://lolishop.wuiltstore.com/ar/product/all/استيكي-نوت-جليتر-بلاستيك-شفاف,,,,,,,
استيكي-نوت-دبدوب,استيكي نوت دبدوب,,استيكي نوت دبدوب,,استيكي نوت,2,,,,,,Available,35,30,,https://assets.wuiltstore.com/cmkrhsouu0his01gn8mwme1qf_IMG20251227100535_5194.webp https://assets.wuiltstore.com/cmkrhsq0x0hit01gndebx7hz6_IMG20251227100401_8711.webp https://assets.wuiltstore.com/cmkrhsr7f0hiu01gn0g0v3pbz_IMG20251227100300_1333.webp https://assets.wuiltstore.com/cmkrhssd60hiv01gncwya7puc_IMG20251227100406_5580.webp https://assets.wuiltstore.com/cmkrhsup40hix01gnd75t0lef_IMG20251227100525_3245.webp https://assets.wuiltstore.com/cmkrhsti00hiw01gn2gew5uyt_IMG20251227100538_2313.webp,https://assets.wuiltstore.com/cmkrhssd60hiv01gncwya7puc_IMG20251227100406_5580.webp,ACTIVE,استيكي نوت وفواصل ,https://lolishop.wuiltstore.com/ar/product/all/استيكي-نوت-دبدوب,Global,2026-01-24T02:08:55.035Z,2026-01-24T02:09:46.420Z,,,,
استيكي-نوت-دبدوب,,,,,استيكي نوت,1,,,,,,Available,35,30,,,https://assets.wuiltstore.com/cmkrhsouu0his01gn8mwme1qf_IMG20251227100535_5194.webp,,,https://lolishop.wuiltstore.com/ar/product/all/استيكي-نوت-دبدوب,,,,,,,
استيكي-نوت-شفافة,استيكي نوت شفافة,,استيكي نوت شفافة,,,,,,,,,Available,55,45,,https://assets.wuiltstore.com/cmkrhq1140hik01gnai6m8vtv_IMG20251227051621_1884.webp https://assets.wuiltstore.com/cmkrhq2c50hil01gn5pf5ed4t_IMG20251227051628_4660.webp https://assets.wuiltstore.com/cmkrhq3g40him01gnh9nra9u5_IMG20251227051650_6553.webp https://assets.wuiltstore.com/cmkrhq5n20hio01gngksu0dz4_IMG20251227051710_9498.webp https://assets.wuiltstore.com/cmkrhq4j50hin01gn4eb5a1xa_IMG20251227051632_9736.webp,,ACTIVE,استيكي نوت وفواصل ,https://lolishop.wuiltstore.com/ar/product/all/استيكي-نوت-شفافة,Global,2026-01-24T02:06:50.978Z,2026-01-24T02:06:51.042Z,,,,
⁨‫استيكي-نوت-‫m-‫g⁩,استيكي نوت M.G,,استيكي نوت M.G,,استيكي نوت,6,,,,,,0,35,30,,https://assets.wuiltstore.com/cmkrgjz1u0hgs01gn285m5uuz_IMG20251227102901_4611.webp https://assets.wuiltstore.com/cmkrgk1in0hgu01gne9xrgh0m_IMG20251227103027_4526.webp https://assets.wuiltstore.com/cmkrgk0ca0hgt01gndmy7elwx_IMG20251227102924_1339.webp https://assets.wuiltstore.com/cmkrgk2q20hgv01gn02zve23u_IMG20251227103108_4896.webp https://assets.wuiltstore.com/cmkrgk3x30hgw01gnd6vw0dk4_IMG20251227103149_4587.webp https://assets.wuiltstore.com/cmkrgk52t0hgx01gn9uzeaez9_IMG20251227103344_3331.webp https://assets.wuiltstore.com/cmkrgk6a90hgy01gnfwpv6z48_IMG20251227103526_3672.webp https://assets.wuiltstore.com/cmkrgk7h80hgz01gn18bwajzc_IMG20251227103548_7110.webp https://assets.wuiltstore.com/cmkrgk9vl0hh101gn4sn87kcs_IMG20251227103602_4454.webp https://assets.wuiltstore.com/cmkrgk8oi0hh001gn4vhfdqmr_IMG20251227103621_6781.webp,https://assets.wuiltstore.com/cmkrgk8oi0hh001gn4vhfdqmr_IMG20251227103621_6781.webp,ACTIVE,استيكي نوت وفواصل ,https://lolishop.wuiltstore.com/ar/product/all/⁨‫استيكي-نوت-‫m-‫g⁩,Global,2026-01-24T01:34:08.724Z,2026-01-24T02:00:00.253Z,,,,
⁨‫استيكي-نوت-‫m-‫g⁩,,,,,استيكي نوت,5,,,,,,Available,35,30,,,https://assets.wuiltstore.com/cmkrgk7h80hgz01gn18bwajzc_IMG20251227103548_7110.webp,,,https://lolishop.wuiltstore.com/ar/product/all/⁨‫استيكي-نوت-‫m-‫g⁩,,,,,,,
⁨‫استيكي-نوت-‫m-‫g⁩,,,,,استيكي نوت,4,,,,,,Available,35,30,,,https://assets.wuiltstore.com/cmkrgk52t0hgx01gn9uzeaez9_IMG20251227103344_3331.webp,,,https://lolishop.wuiltstore.com/ar/product/all/⁨‫استيكي-نوت-‫m-‫g⁩,,,,,,,
⁨‫استيكي-نوت-‫m-‫g⁩,,,,,استيكي نوت,3,,,,,,Available,35,30,,,https://assets.wuiltstore.com/cmkrgk2q20hgv01gn02zve23u_IMG20251227103108_4896.webp,,,https://lolishop.wuiltstore.com/ar/product/all/⁨‫استيكي-نوت-‫m-‫g⁩,,,,,,,
⁨‫استيكي-نوت-‫m-‫g⁩,,,,,استيكي نوت,2,,,,,,Available,35,30,,,https://assets.wuiltstore.com/cmkrgk1in0hgu01gne9xrgh0m_IMG20251227103027_4526.webp,,,https://lolishop.wuiltstore.com/ar/product/all/⁨‫استيكي-نوت-‫m-‫g⁩,,,,,,,
⁨‫استيكي-نوت-‫m-‫g⁩,,,,,استيكي نوت,1,,,,,,Available,35,30,,,https://assets.wuiltstore.com/cmkrgjz1u0hgs01gn285m5uuz_IMG20251227102901_4611.webp,,,https://lolishop.wuiltstore.com/ar/product/all/⁨‫استيكي-نوت-‫m-‫g⁩,,,,,,,
⁨‫استيكي-نوت-أشكال-‫m-‫g⁩,استيكي نوت أشكال M.G,,استيكي نوت أشكال M.G,,استيكي نوت,أورنج,,,,,,Available,35,30,,https://assets.wuiltstore.com/cmkrc7v6s0h3a01gnc8l8hycg_IMG20251228223307_8671__1_.webp https://assets.wuiltstore.com/cmkrc7qbc0h3601gndob5301p_IMG20251228223258_9711__1_.webp https://assets.wuiltstore.com/cmkrc7rlk0h3701gn7u10ho54_IMG20251228223322_8931__1_.webp https://assets.wuiltstore.com/cmkrc7stz0h3801gn2jqcf1oy_IMG20251228223517_2497__1_.webp https://assets.wuiltstore.com/cmkrc7tyq0h3901gnei5ifath_IMG20251228223354_4668__1_.webp https://assets.wuiltstore.com/cmkrc7weq0h3b01gne0libx8g_IMG20251228223249_2122__1_.webp,https://assets.wuiltstore.com/cmkrc7weq0h3b01gne0libx8g_IMG20251228223249_2122__1_.webp,ACTIVE,استيكي نوت وفواصل ,https://lolishop.wuiltstore.com/ar/product/all/⁨‫استيكي-نوت-أشكال-‫m-‫g⁩,Global,2026-01-23T23:32:39.055Z,2026-01-24T01:28:45.329Z,,,,
⁨‫استيكي-نوت-أشكال-‫m-‫g⁩,,,,,استيكي نوت,اخضر,,,,,,Available,35,30,,,https://assets.wuiltstore.com/cmkrc7v6s0h3a01gnc8l8hycg_IMG20251228223307_8671__1_.webp,,,https://lolishop.wuiltstore.com/ar/product/all/⁨‫استيكي-نوت-أشكال-‫m-‫g⁩,,,,,,,
⁨‫استيكي-نوت-أشكال-‫m-‫g⁩,,,,,استيكي نوت,بينك,,,,,,Available,35,30,,,https://assets.wuiltstore.com/cmkrc7qbc0h3601gndob5301p_IMG20251228223258_9711__1_.webp,,,https://lolishop.wuiltstore.com/ar/product/all/⁨‫استيكي-نوت-أشكال-‫m-‫g⁩,,,,,,,
⁨‫استيكي-نوت-أبيض-‫m-‫g⁩,استيكي نوت أبيض m.g,,استيكي نوت أبيض m.g,,استيكي نوت,1,,,,,,Available,35,30,,https://assets.wuiltstore.com/cmkrg21ki0hfj01gn4bc997ep_IMG20251227052407_6312.webp https://assets.wuiltstore.com/cmkrg20hm0hfi01gndr9x9al9_IMG20251227052347_7716.webp https://assets.wuiltstore.com/cmkrg22um0hfk01gn4wch797j_IMG20251227052410_3912.webp https://assets.wuiltstore.com/cmkrg243v0hfl01gnctq05mcm_IMG20251227052507_2346.webp https://assets.wuiltstore.com/cmkrg25aq0hfm01gnhjpg67bn_IMG20251227052435_6595.webp https://assets.wuiltstore.com/cmkrg26fm0hfn01gn0e2i150e_IMG20251227052459_7520.webp https://assets.wuiltstore.com/cmkrg27nm0hfo01gnfxoshqsl_IMG20251227052542_8718.webp https://assets.wuiltstore.com/cmkrg28tg0hfp01gn6wbz93n6_IMG20251227052555_4312.webp https://assets.wuiltstore.com/cmkrg2b8k0hfr01gnbqmm063f_IMG20251227052618_8690.webp https://assets.wuiltstore.com/cmkrg29zd0hfq01gngy4p7jr5_IMG20251227052629_2343.webp,https://assets.wuiltstore.com/cmkrg21ki0hfj01gn4bc997ep_IMG20251227052407_6312.webp,ACTIVE,استيكي نوت وفواصل ,https://lolishop.wuiltstore.com/ar/product/all/⁨‫استيكي-نوت-أبيض-‫m-‫g⁩,Global,2026-01-24T01:20:10.924Z,2026-01-24T01:22:49.731Z,,,,
⁨‫استيكي-نوت-أبيض-‫m-‫g⁩,,,,,استيكي نوت,4,,,,,,Available,35,30,,,https://assets.wuiltstore.com/cmkrg29zd0hfq01gngy4p7jr5_IMG20251227052629_2343.webp,,,https://lolishop.wuiltstore.com/ar/product/all/⁨‫استيكي-نوت-أبيض-‫m-‫g⁩,,,,,,,
⁨‫استيكي-نوت-أبيض-‫m-‫g⁩,,,,,استيكي نوت,3,,,,,,Available,35,30,,,https://assets.wuiltstore.com/cmkrg27nm0hfo01gnfxoshqsl_IMG20251227052542_8718.webp,,,https://lolishop.wuiltstore.com/ar/product/all/⁨‫استيكي-نوت-أبيض-‫m-‫g⁩,,,,,,,
⁨‫استيكي-نوت-أبيض-‫m-‫g⁩,,,,,استيكي نوت,2,,,,,,Available,35,30,,,https://assets.wuiltstore.com/cmkrg243v0hfl01gnctq05mcm_IMG20251227052507_2346.webp,,,https://lolishop.wuiltstore.com/ar/product/all/⁨‫استيكي-نوت-أبيض-‫m-‫g⁩,,,,,,,
ميني-نوت-جيب-هارد-كفر,ميني نوت جيب هارد كفر,,ميني نوت جيب هارد كفر,,أشكال,خمسة ,,,,,,Available,45,40,,https://assets.wuiltstore.com/cmkq10bis0esj01gn9ji2d4if_1000200207.webp https://assets.wuiltstore.com/cmkq108sx0esh01gnfxov2psd_1000200208.webp https://assets.wuiltstore.com/cmkq10a470esi01gncyrndbsy_1000200206.webp https://assets.wuiltstore.com/cmkq10cqs0esk01gn4a3la5cf_1000200210.webp https://assets.wuiltstore.com/cmkq10dye0esl01gn43b4bsek_1000200209.webp https://assets.wuiltstore.com/cmkq10ffe0esm01gncbmt38dq_1000200211.webp https://assets.wuiltstore.com/cmkq10goy0esn01gn41lrbpro_1000200212.webp https://assets.wuiltstore.com/cmkq10i0n0eso01gn5ia1ah72_1000200213.webp https://assets.wuiltstore.com/cmkq10kn30esq01gndfnsdlqv_1000200214.webp https://assets.wuiltstore.com/cmkq10jaz0esp01gncons2s3t_1000200215.webp,https://assets.wuiltstore.com/cmkq10i0n0eso01gn5ia1ah72_1000200213.webp,ACTIVE,دفاتر ونوت بوك,https://lolishop.wuiltstore.com/ar/product/all/ميني-نوت-جيب-هارد-كفر,Global,2026-01-23T01:31:07.821Z,2026-01-23T23:20:08.475Z,,,,
ميني-نوت-جيب-هارد-كفر,,,,,أشكال,أربعة ,,,,,,Available,45,40,,,https://assets.wuiltstore.com/cmkq10ffe0esm01gncbmt38dq_1000200211.webp,,,https://lolishop.wuiltstore.com/ar/product/all/ميني-نوت-جيب-هارد-كفر,,,,,,,
ميني-نوت-جيب-هارد-كفر,,,,,أشكال,تلاتة ,,,,,,Available,45,40,,,https://assets.wuiltstore.com/cmkq10bis0esj01gn9ji2d4if_1000200207.webp,,,https://lolishop.wuiltstore.com/ar/product/all/ميني-نوت-جيب-هارد-كفر,,,,,,,
ميني-نوت-جيب-هارد-كفر,,,,,أشكال,اتنين ,,,,,,Available,45,40,,,https://assets.wuiltstore.com/cmkq10a470esi01gncyrndbsy_1000200206.webp,,,https://lolishop.wuiltstore.com/ar/product/all/ميني-نوت-جيب-هارد-كفر,,,,,,,
ميني-نوت-جيب-هارد-كفر,,,,,أشكال,واحد,,,,,,Available,45,40,,,https://assets.wuiltstore.com/cmkq108sx0esh01gnfxov2psd_1000200208.webp,,,https://lolishop.wuiltstore.com/ar/product/all/ميني-نوت-جيب-هارد-كفر,,,,,,,
نوت-بوك-استك-مستورد,نوت بوك استك مستورد ,,نوت بوك استك مستورد ,,أشكال,أربعة ,,,,,,Available,95,90,,https://assets.wuiltstore.com/cmkpwwkwg0eej01gncxjx1028_1000199467.webp https://assets.wuiltstore.com/cmkpwwjl10eei01gnct2gcwnc_1000199466.webp https://assets.wuiltstore.com/cmkpwwm6z0eek01gn64117i2y_1000199468.webp https://assets.wuiltstore.com/cmkpwwnc80eel01gnf0fbchta_1000199469.webp https://assets.wuiltstore.com/cmkpwwoie0eem01gne38x0riq_1000199470.webp https://assets.wuiltstore.com/cmkpwwpti0een01gn34hqeu85_1000199472.webp https://assets.wuiltstore.com/cmkpwwsi30eep01gn9mkj40qf_1000199471.webp https://assets.wuiltstore.com/cmkpwwr510eeo01gn49zu3pt5_1000199473.webp,https://assets.wuiltstore.com/cmkpwwr510eeo01gn49zu3pt5_1000199473.webp,ACTIVE,دفاتر ونوت بوك,https://lolishop.wuiltstore.com/ar/product/all/نوت-بوك-استك-مستورد,Global,2026-01-22T23:36:16.757Z,2026-01-23T23:19:37.932Z,,,,
نوت-بوك-استك-مستورد,,,,,أشكال,تلاتة ,,,,,,Available,95,90,,,https://assets.wuiltstore.com/cmkpwwoie0eem01gne38x0riq_1000199470.webp,,,https://lolishop.wuiltstore.com/ar/product/all/نوت-بوك-استك-مستورد,,,,,,,
نوت-بوك-استك-مستورد,,,,,أشكال,اتنين ,,,,,,Available,95,90,,,https://assets.wuiltstore.com/cmkpwwkwg0eej01gncxjx1028_1000199467.webp,,,https://lolishop.wuiltstore.com/ar/product/all/نوت-بوك-استك-مستورد,,,,,,,
نوت-بوك-استك-مستورد,,,,,أشكال,واحد,,,,,,Available,95,90,,,https://assets.wuiltstore.com/cmkpwwjl10eei01gnct2gcwnc_1000199466.webp,,,https://lolishop.wuiltstore.com/ar/product/all/نوت-بوك-استك-مستورد,,,,,,,
استيكي-نوت-أشكال,استيكي نوت أشكال,,استيكي نوت أشكال,,استيكي نوت,بينك,,,,,,Available,35,30,,https://assets.wuiltstore.com/cmkrbejet0h2e01gn7qiyaj0h_IMG20251227101700_2837.webp https://assets.wuiltstore.com/cmkrbecus0h2801gn3sv89uld_IMG20251227101123_8540.webp https://assets.wuiltstore.com/cmkrbee1h0h2901gndirtcgve_IMG20251227101130_4321.webp https://assets.wuiltstore.com/cmkrbef870h2a01gn7ofqhfwd_IMG20251227101642_7241.webp https://assets.wuiltstore.com/cmkrbeg8q0h2b01gnh9v4hhmj_IMG20251227101725_6384.webp https://assets.wuiltstore.com/cmkrbeh940h2c01gn6g8e3gw4_IMG20251227101801_2475.webp https://assets.wuiltstore.com/cmkrbeidp0h2d01gngw8jgl65_IMG20251227101900_5296.webp https://assets.wuiltstore.com/cmkrbeknd0h2f01gngx6ues17_IMG20251227101820_4790.webp,https://assets.wuiltstore.com/cmkrbejet0h2e01gn7qiyaj0h_IMG20251227101700_2837.webp,ACTIVE,استيكي نوت وفواصل ,https://lolishop.wuiltstore.com/ar/product/all/استيكي-نوت-أشكال,Global,2026-01-23T23:09:48.592Z,2026-01-23T23:13:39.874Z,,,,
استيكي-نوت-أشكال,,,,,استيكي نوت,أخضر,,,,,,Available,35,30,,,https://assets.wuiltstore.com/cmkrbeh940h2c01gn6g8e3gw4_IMG20251227101801_2475.webp,,,https://lolishop.wuiltstore.com/ar/product/all/استيكي-نوت-أشكال,,,,,,,
استيكي-نوت-أشكال,,,,,استيكي نوت,أصفر,,,,,,Available,35,30,,,https://assets.wuiltstore.com/cmkrbee1h0h2901gndirtcgve_IMG20251227101130_4321.webp,,,https://lolishop.wuiltstore.com/ar/product/all/استيكي-نوت-أشكال,,,,,,,
استيكي-نوت-أشكال,,,,,استيكي نوت,موف,,,,,,Available,35,30,,,https://assets.wuiltstore.com/cmkrbeknd0h2f01gngx6ues17_IMG20251227101820_4790.webp,,,https://lolishop.wuiltstore.com/ar/product/all/استيكي-نوت-أشكال,,,,,,,
نوت-بوك,نوت بوك so many cats,,نوت بوك ,,لون,اخضر ,,,,,,Available,65,60,,https://assets.wuiltstore.com/cmkpxbu6t0efr01gn8scx4hno_1000199477.webp https://assets.wuiltstore.com/cmkpxbsun0efq01gngjit10kj_1000199480.webp https://assets.wuiltstore.com/cmkpxbvfv0efs01gn35ugc3zp_1000199476.webp https://assets.wuiltstore.com/cmkpxbwmn0eft01gnes9wfc1t_1000199478.webp https://assets.wuiltstore.com/cmkpxbxz20efu01gn3qt39l6s_1000199481.webp https://assets.wuiltstore.com/cmkpxbz7j0efv01gnc7v7gcvi_1000199479.webp https://assets.wuiltstore.com/cmkpxc1t90efx01gncdgz5gll_1000199482.webp https://assets.wuiltstore.com/cmkpxc0ix0efw01gn45p64c77_1000199483.webp,https://assets.wuiltstore.com/cmkpxbu6t0efr01gn8scx4hno_1000199477.webp,ACTIVE,,https://lolishop.wuiltstore.com/ar/product/all/نوت-بوك,Global,2026-01-22T23:48:08.587Z,2026-01-23T12:34:53.239Z,,,,
نوت-بوك,,,,,لون,ابيض,,,,,,Available,65,60,,,https://assets.wuiltstore.com/cmkpxbxz20efu01gn3qt39l6s_1000199481.webp,,,https://lolishop.wuiltstore.com/ar/product/all/نوت-بوك,,,,,,,
نوت-بوك,,,,,لون,ازرق ,,,,,,Available,65,60,,,https://assets.wuiltstore.com/cmkpxbsun0efq01gngjit10kj_1000199480.webp,,,https://lolishop.wuiltstore.com/ar/product/all/نوت-بوك,,,,,,,
⁨‫ميني-نوت-لابوبو-‫3-طبقات⁩,ميني نوت لابوبو 3 طبقات ,,ميني نوت لابوبو 3 طبقات ,,ألوان,ازرق,,,,,,Available,55,50,,https://assets.wuiltstore.com/cmkq06vbf0epb01gn091ahex9_1000200166.webp https://assets.wuiltstore.com/cmkq06sel0ep801gn80plcjn2_1000200162.webp https://assets.wuiltstore.com/cmkq06tbh0ep901gn2li5hb0d_1000200165.webp https://assets.wuiltstore.com/cmkq06x8q0epd01gncr7ohs0e_1000200163.webp https://assets.wuiltstore.com/cmkq06u980epa01gn1zuqehl9_1000200164.webp https://assets.wuiltstore.com/cmkq06wc00epc01gnfcw1f4b1_1000200161.webp https://assets.wuiltstore.com/cmkq06y8h0epe01gng255fac1_1000200160.webp https://assets.wuiltstore.com/cmkq070e90epg01gngklpctoa_1000200167.webp https://assets.wuiltstore.com/cmkq06zb40epf01gnhmim0xji_1000200168.webp,https://assets.wuiltstore.com/cmkq06y8h0epe01gng255fac1_1000200160.webp,ACTIVE,دفاتر ونوت بوك,https://lolishop.wuiltstore.com/ar/product/all/⁨‫ميني-نوت-لابوبو-‫3-طبقات⁩,Global,2026-01-23T01:08:13.673Z,2026-01-23T12:34:28.725Z,,,,
⁨‫ميني-نوت-لابوبو-‫3-طبقات⁩,,,,,ألوان,بنك ,,,,,,Available,55,50,,,https://assets.wuiltstore.com/cmkq070e90epg01gngklpctoa_1000200167.webp,,,https://lolishop.wuiltstore.com/ar/product/all/⁨‫ميني-نوت-لابوبو-‫3-طبقات⁩,,,,,,,
⁨‫ميني-نوت-لابوبو-‫3-طبقات⁩,,,,,ألوان,موف ,,,,,,Available,55,50,,,https://assets.wuiltstore.com/cmkq06u980epa01gn1zuqehl9_1000200164.webp,,,https://lolishop.wuiltstore.com/ar/product/all/⁨‫ميني-نوت-لابوبو-‫3-طبقات⁩,,,,,,,
ميني-نوت-آيس-كريم,ميني نوت آيس كريم ,,ميني نوت آيس كريم ,,أشكال,أربعة ,,,,,,Available,55,45,,https://assets.wuiltstore.com/cmkqfhce60fae01gndfrnhiod_1000200280.webp https://assets.wuiltstore.com/cmkqfhdnq0faf01gn93n8d2vv_1000200281.webp https://assets.wuiltstore.com/cmkqfhetg0fag01gn8fe350ku_1000200279.webp https://assets.wuiltstore.com/cmkqfhicy0faj01gn4nprbpgp_1000200284.webp https://assets.wuiltstore.com/cmkqfhfyt0fah01gnc4gz9yra_1000200282.webp https://assets.wuiltstore.com/cmkqfhh660fai01gnawai1v6c_1000200283.webp https://assets.wuiltstore.com/cmkqfhjm20fak01gn37k26brb_1000200287.webp https://assets.wuiltstore.com/cmkqfhm140fam01gn6ht0huje_1000200286.webp https://assets.wuiltstore.com/cmkqfhkrc0fal01gnghkmaae7_1000200285.webp,https://assets.wuiltstore.com/cmkqfhfyt0fah01gnc4gz9yra_1000200282.webp,ACTIVE,دفاتر ونوت بوك,https://lolishop.wuiltstore.com/ar/product/all/ميني-نوت-آيس-كريم,Global,2026-01-23T08:16:20.260Z,2026-01-23T08:20:35.394Z,,,,
ميني-نوت-آيس-كريم,,,,,أشكال,تلاتة ,,,,,,Available,55,45,,,https://assets.wuiltstore.com/cmkqfhicy0faj01gn4nprbpgp_1000200284.webp,,,https://lolishop.wuiltstore.com/ar/product/all/ميني-نوت-آيس-كريم,,,,,,,
ميني-نوت-آيس-كريم,,,,,أشكال,اتنين ,,,,,,Available,55,45,,,https://assets.wuiltstore.com/cmkqfhdnq0faf01gn93n8d2vv_1000200281.webp,,,https://lolishop.wuiltstore.com/ar/product/all/ميني-نوت-آيس-كريم,,,,,,,
ميني-نوت-آيس-كريم,,,,,أشكال,واحد,,,,,,Available,55,45,,,https://assets.wuiltstore.com/cmkqfhce60fae01gndfrnhiod_1000200280.webp,,,https://lolishop.wuiltstore.com/ar/product/all/ميني-نوت-آيس-كريم,,,,,,,
⁨‫هايلايتر-‫2-‫1-فراداني⁩,هايلايتر 2*1 فراداني ,,هايلايتر 2*1 فراداني ,,أشكال,قطة ,,,,,,Available,45,35,,https://assets.wuiltstore.com/cmknuh6q308j501gn85rhfmhe_1000197858.webp https://assets.wuiltstore.com/cmknuh7uk08j601gn20dchrbt_1000197854.webp https://assets.wuiltstore.com/cmknuh8vy08j701gn0ljv1q7p_1000197856.webp https://assets.wuiltstore.com/cmknuha4o08j801gn36rc66wz_1000197857.webp https://assets.wuiltstore.com/cmknuhbbo08j901gng7tbf625_1000197862.webp https://assets.wuiltstore.com/cmknuhccx08ja01gngc4ian2p_1000197866.webp https://assets.wuiltstore.com/cmknuhddd08jb01gn48y418a5_1000197864.webp https://assets.wuiltstore.com/cmknuhebw08jc01gnew76205b_1000197859.webp https://assets.wuiltstore.com/cmknuhfcm08jd01gn7ugufjdw_1000197867.webp https://assets.wuiltstore.com/cmkqf6oiw0fa801gn1kgsgos7_1000200594.webp https://assets.wuiltstore.com/cmkqf6p8n0fa901gn6t901wiv_1000200595.webp https://assets.wuiltstore.com/cmkqf6pxp0faa01gn2e5yev7n_1000200598.webp https://assets.wuiltstore.com/cmkqf6qn10fab01gn10yyg8wq_1000200597.webp https://assets.wuiltstore.com/cmkqf6rby0fac01gn98nh3zwc_1000200593.webp https://assets.wuiltstore.com/cmkqf6s110fad01gnhz886byn_1000200596.webp,https://assets.wuiltstore.com/cmkqf6oiw0fa801gn1kgsgos7_1000200594.webp,ACTIVE,,https://lolishop.wuiltstore.com/ar/product/all/⁨‫هايلايتر-‫2-‫1-فراداني⁩,Global,2026-01-21T12:52:48.615Z,2026-01-23T08:09:15.488Z,,,,
⁨‫هايلايتر-‫2-‫1-فراداني⁩,,,,,أشكال,دبدوب ,,,,,,Available,45,35,,,https://assets.wuiltstore.com/cmkqf6qn10fab01gn10yyg8wq_1000200597.webp,,,https://lolishop.wuiltstore.com/ar/product/all/⁨‫هايلايتر-‫2-‫1-فراداني⁩,,,,,,,
⁨‫هايلايتر-‫2-‫1-فراداني⁩,,,,,أشكال,ضفضع ,,,,,,Available,45,35,,,https://assets.wuiltstore.com/cmkqf6pxp0faa01gn2e5yev7n_1000200598.webp,,,https://lolishop.wuiltstore.com/ar/product/all/⁨‫هايلايتر-‫2-‫1-فراداني⁩,,,,,,,
⁨‫هايلايتر-‫2-‫1-فراداني⁩,,,,,أشكال,بالونات ,,,,,,Available,45,35,,,https://assets.wuiltstore.com/cmkqf6s110fad01gnhz886byn_1000200596.webp,,,https://lolishop.wuiltstore.com/ar/product/all/⁨‫هايلايتر-‫2-‫1-فراداني⁩,,,,,,,
⁨‫هايلايتر-‫2-‫1-فراداني⁩,,,,,أشكال,وردة ,,,,,,Available,45,35,,,https://assets.wuiltstore.com/cmkqf6p8n0fa901gn6t901wiv_1000200595.webp,,,https://lolishop.wuiltstore.com/ar/product/all/⁨‫هايلايتر-‫2-‫1-فراداني⁩,,,,,,,
⁨‫هايلايتر-‫2-‫1-فراداني⁩,,,,,أشكال,باربي ,,,,,,Available,45,35,,,https://assets.wuiltstore.com/cmkqf6rby0fac01gn98nh3zwc_1000200593.webp,,,https://lolishop.wuiltstore.com/ar/product/all/⁨‫هايلايتر-‫2-‫1-فراداني⁩,,,,,,,
هايلايتر-فضائي-ألوان-ترابية-فراداني,هايلايتر فضائي ألوان ترابية فراداني ,,هايلايتر فضائي ألوان ترابية فراداني ,,لون,بني ,,,,,,Available,20,15,,https://assets.wuiltstore.com/cmknr014k08bj01gn5kaj36cu_1000197786.webp https://assets.wuiltstore.com/cmknr024q08bk01gnc5vnea26_1000197783.webp https://assets.wuiltstore.com/cmknr039l08bl01gncz8jerrq_1000197778.webp https://assets.wuiltstore.com/cmknr05nx08bn01gn4tz7ded6_1000197775.webp https://assets.wuiltstore.com/cmknr04ii08bm01gngoau4v1s_1000197797.webp https://assets.wuiltstore.com/cmkqelw660fa101gn9mydc3fj_1000199443.webp https://assets.wuiltstore.com/cmkqelx6o0fa201gn9jyc0q33_1000199440.webp https://assets.wuiltstore.com/cmkqelyg20fa301gn7ftzhueb_1000199441.webp https://assets.wuiltstore.com/cmkqembe50fa401gn3bi8glpt_1000199444.webp https://assets.wuiltstore.com/cmkqemdab0fa501gn9qg07li9_1000199445.webp https://assets.wuiltstore.com/cmkqemf5d0fa601gn3u57d3jj_1000199442.webp,https://assets.wuiltstore.com/cmkqelyg20fa301gn7ftzhueb_1000199441.webp,ACTIVE,,https://lolishop.wuiltstore.com/ar/product/all/هايلايتر-فضائي-ألوان-ترابية-فراداني,Global,2026-01-21T11:15:29.500Z,2026-01-23T07:53:44.504Z,,,,
هايلايتر-فضائي-ألوان-ترابية-فراداني,,,,,لون,احمر ,,,,,,Available,20,15,,,https://assets.wuiltstore.com/cmkqemdab0fa501gn9qg07li9_1000199445.webp,,,https://lolishop.wuiltstore.com/ar/product/all/هايلايتر-فضائي-ألوان-ترابية-فراداني,,,,,,,
هايلايتر-فضائي-ألوان-ترابية-فراداني,,,,,لون,موف,,,,,,Available,20,15,,,https://assets.wuiltstore.com/cmkqembe50fa401gn3bi8glpt_1000199444.webp,,,https://lolishop.wuiltstore.com/ar/product/all/هايلايتر-فضائي-ألوان-ترابية-فراداني,,,,,,,
هايلايتر-فضائي-ألوان-ترابية-فراداني,,,,,لون,اصفر ,,,,,,Available,20,15,,,https://assets.wuiltstore.com/cmkqemf5d0fa601gn3u57d3jj_1000199442.webp,,,https://lolishop.wuiltstore.com/ar/product/all/هايلايتر-فضائي-ألوان-ترابية-فراداني,,,,,,,
هايلايتر-فضائي-ألوان-ترابية-فراداني,,,,,لون,ازرق ,,,,,,Available,20,15,,,https://assets.wuiltstore.com/cmkqelw660fa101gn9mydc3fj_1000199443.webp,,,https://lolishop.wuiltstore.com/ar/product/all/هايلايتر-فضائي-ألوان-ترابية-فراداني,,,,,,,
هايلايتر-فضائي-ألوان-ترابية-فراداني,,,,,لون,اخضر ,,,,,,Available,20,15,,,https://assets.wuiltstore.com/cmkqelx6o0fa201gn9jyc0q33_1000199440.webp,,,https://lolishop.wuiltstore.com/ar/product/all/هايلايتر-فضائي-ألوان-ترابية-فراداني,,,,,,,
هايلايتر-فرداني,هايلايتر فرداني ,,هايلايتر فرداني ,,هايلايتر,موف,,,,,,Available,15,,,https://assets.wuiltstore.com/cmkmxaqal06w201gnbym965kb_IMG_20260103_133008_057_4808.webp https://assets.wuiltstore.com/cmkmul5lv06pk01gna4voemn3_IMG_20260103_133008_232_5526.webp https://assets.wuiltstore.com/cmkmxapdr06w101gn7q2ged2y_IMG_20260103_133008_070_9193.webp https://assets.wuiltstore.com/cmkmul6ko06pl01gn91k82bcn_IMG_20260103_133008_571_6561.webp https://assets.wuiltstore.com/cmkmxani106vz01gnfm75fv8s_IMG_20260103_133011_334_2923.webp https://assets.wuiltstore.com/cmkmxaofo06w001gnfrh90f41_IMG_20260103_133008_865_3278.webp https://assets.wuiltstore.com/cmkmxarg506w301gn4ncmh9sw_IMG_20260103_133011_498_9597.webp https://assets.wuiltstore.com/cmkmxasdf06w401gnah9y7ozw_IMG_20260103_133008_571_6561.webp https://assets.wuiltstore.com/cmkmxataw06w501gn68e7ah0j_IMG_20260103_133008_232_5526.webp https://assets.wuiltstore.com/cmkqefnmr0f9t01gn8ero3yuf_1000199900.webp https://assets.wuiltstore.com/cmkqefoq40f9u01gn1rjjcyuc_1000199896.webp https://assets.wuiltstore.com/cmkqefpr80f9v01gnfylx7ewb_1000199899.webp https://assets.wuiltstore.com/cmkqefqtj0f9w01gn045u715f_1000199898.webp https://assets.wuiltstore.com/cmkqefrwq0f9x01gn5m9f7sbo_1000199897.webp https://assets.wuiltstore.com/cmkqefszd0f9y01gnenvic6yb_1000199895.webp https://assets.wuiltstore.com/cmkqek2uz0f9z01gn98oqhoq9_1000200580.webp,https://assets.wuiltstore.com/cmkqefnmr0f9t01gn8ero3yuf_1000199900.webp,ACTIVE,هايلايتر ,https://lolishop.wuiltstore.com/ar/product/all/هايلايتر-فرداني,Global,2026-01-20T20:08:06.520Z,2026-01-23T07:50:42.427Z,,,,
هايلايتر-فرداني,,,,,هايلايتر,أورنج,,,,,,Available,15,,,,https://assets.wuiltstore.com/cmkqefqtj0f9w01gn045u715f_1000199898.webp,,,https://lolishop.wuiltstore.com/ar/product/all/هايلايتر-فرداني,,,,,,,
هايلايتر-فرداني,,,,,هايلايتر,لبني,,,,,,Available,15,,,,https://assets.wuiltstore.com/cmkqefoq40f9u01gn1rjjcyuc_1000199896.webp,,,https://lolishop.wuiltstore.com/ar/product/all/هايلايتر-فرداني,,,,,,,
هايلايتر-فرداني,,,,,هايلايتر,بينك,,,,,,Available,15,,,,https://assets.wuiltstore.com/cmkqefszd0f9y01gnenvic6yb_1000199895.webp,,,https://lolishop.wuiltstore.com/ar/product/all/هايلايتر-فرداني,,,,,,,
هايلايتر-فرداني,,,,,هايلايتر,اخضر,,,,,,Available,15,,,,https://assets.wuiltstore.com/cmkqefpr80f9v01gnfylx7ewb_1000199899.webp,,,https://lolishop.wuiltstore.com/ar/product/all/هايلايتر-فرداني,,,,,,,
هايلايتر-فرداني,,,,,هايلايتر,اصفر,,,,,,Available,15,,,,https://assets.wuiltstore.com/cmkqek2uz0f9z01gn98oqhoq9_1000200580.webp,,,https://lolishop.wuiltstore.com/ar/product/all/هايلايتر-فرداني,,,,,,,
ميني-نوت-ايموشن,ميني نوت ايموشن ,,ميني نوت ايموشن ,,أشكال,أربعة ,,,,,,Available,40,30,,https://assets.wuiltstore.com/cmkqednra0f9l01gn5koa6ycf_1000200271.webp https://assets.wuiltstore.com/cmkqedoy50f9m01gn5mvnguh0_1000200272.webp https://assets.wuiltstore.com/cmkqedq4m0f9n01gndoora8pu_1000200276.webp https://assets.wuiltstore.com/cmkqedre20f9o01gnfqb74sps_1000200273.webp https://assets.wuiltstore.com/cmkqedskg0f9p01gnah0b7pri_1000200274.webp https://assets.wuiltstore.com/cmkqedtn50f9q01gn9td136m8_1000200275.webp https://assets.wuiltstore.com/cmkqeduqu0f9r01gnddyg47ia_1000200277.webp https://assets.wuiltstore.com/cmkqedvto0f9s01gn7xah18eh_1000200278.webp,https://assets.wuiltstore.com/cmkqedre20f9o01gnfqb74sps_1000200273.webp,ACTIVE,دفاتر ونوت بوك,https://lolishop.wuiltstore.com/ar/product/all/ميني-نوت-ايموشن,Global,2026-01-23T07:45:28.710Z,2026-01-23T07:46:09.407Z,,,,
ميني-نوت-ايموشن,,,,,أشكال,تلاتة ,,,,,,Available,40,30,,,https://assets.wuiltstore.com/cmkqedq4m0f9n01gndoora8pu_1000200276.webp,,,https://lolishop.wuiltstore.com/ar/product/all/ميني-نوت-ايموشن,,,,,,,
ميني-نوت-ايموشن,,,,,أشكال,اتنين ,,,,,,Available,40,30,,,https://assets.wuiltstore.com/cmkqedoy50f9m01gn5mvnguh0_1000200272.webp,,,https://lolishop.wuiltstore.com/ar/product/all/ميني-نوت-ايموشن,,,,,,,
ميني-نوت-ايموشن,,,,,أشكال,واحد,,,,,,Available,40,30,,,https://assets.wuiltstore.com/cmkqednra0f9l01gn5koa6ycf_1000200271.webp,,,https://lolishop.wuiltstore.com/ar/product/all/ميني-نوت-ايموشن,,,,,,,
ميني-نوت-بوك-فواصل,ميني نوت بوك فواصل ,,ميني نوت بوك فواصل ,,اشكال,تلاتة ,,,,,,Available,55,45,,https://assets.wuiltstore.com/cmkqe9psg0f9b01gnc04afd8j_1000200262.webp https://assets.wuiltstore.com/cmkqe9qsx0f9c01gndcqcd6a5_1000200263.webp https://assets.wuiltstore.com/cmkqe9uq20f9g01gn5e4l9stv_1000200267.webp https://assets.wuiltstore.com/cmkqe9rsj0f9d01gn60gf24s5_1000200264.webp https://assets.wuiltstore.com/cmkqe9sqi0f9e01gn8hxmdl6j_1000200265.webp https://assets.wuiltstore.com/cmkqe9tqy0f9f01gnc3knhtdl_1000200266.webp https://assets.wuiltstore.com/cmkqe9vo90f9h01gnel4zg87d_1000200268.webp https://assets.wuiltstore.com/cmkqe9wp90f9i01gn4bdp2wu3_1000200269.webp https://assets.wuiltstore.com/cmkqe9xnp0f9j01gn1eergyn7_1000200270.webp,https://assets.wuiltstore.com/cmkqe9wp90f9i01gn4bdp2wu3_1000200269.webp,ACTIVE,دفاتر ونوت بوك,https://lolishop.wuiltstore.com/ar/product/all/ميني-نوت-بوك-فواصل,Global,2026-01-23T07:42:24.719Z,2026-01-23T07:43:02.551Z,,,,
ميني-نوت-بوك-فواصل,,,,,اشكال,اتنين ,,,,,,Available,55,45,,,https://assets.wuiltstore.com/cmkqe9qsx0f9c01gndcqcd6a5_1000200263.webp,,,https://lolishop.wuiltstore.com/ar/product/all/ميني-نوت-بوك-فواصل,,,,,,,
ميني-نوت-بوك-فواصل,,,,,اشكال,واحد ,,,,,,Available,55,45,,,https://assets.wuiltstore.com/cmkqe9psg0f9b01gnc04afd8j_1000200262.webp,,,https://lolishop.wuiltstore.com/ar/product/all/ميني-نوت-بوك-فواصل,,,,,,,
ميني-نوت-بوك-كوري,ميني نوت بوك كوري ,,ميني نوت بوك كوري ,,أشكال,تلاتة ,,,,,,Available,50,45,,https://assets.wuiltstore.com/cmkqe5uwy0f9101gn7oyr3kbz_1000200228.webp https://assets.wuiltstore.com/cmkqe5w6l0f9201gn1vcd3imh_1000200229.webp https://assets.wuiltstore.com/cmkqe5xgh0f9301gn12g0gwti_1000200230.webp https://assets.wuiltstore.com/cmkqe5ymd0f9401gnd4dy82we_1000200231.webp https://assets.wuiltstore.com/cmkqe5ztg0f9501gnafav07vw_1000200232.webp https://assets.wuiltstore.com/cmkqe624o0f9701gnbshyh9ou_1000200233.webp https://assets.wuiltstore.com/cmkqe60z50f9601gn7edpd0pu_1000200234.webp,https://assets.wuiltstore.com/cmkqe5ztg0f9501gnafav07vw_1000200232.webp,ACTIVE,دفاتر ونوت بوك,https://lolishop.wuiltstore.com/ar/product/all/ميني-نوت-بوك-كوري,Global,2026-01-23T07:39:24.797Z,2026-01-23T07:40:07.308Z,,,,
ميني-نوت-بوك-كوري,,,,,أشكال,اتنين ,,,,,,Available,50,45,,,https://assets.wuiltstore.com/cmkqe5w6l0f9201gn1vcd3imh_1000200229.webp,,,https://lolishop.wuiltstore.com/ar/product/all/ميني-نوت-بوك-كوري,,,,,,,
ميني-نوت-بوك-كوري,,,,,أشكال,واحد,,,,,,Available,50,45,,,https://assets.wuiltstore.com/cmkqe5uwy0f9101gn7oyr3kbz_1000200228.webp,,,https://lolishop.wuiltstore.com/ar/product/all/ميني-نوت-بوك-كوري,,,,,,,
ميني-نوت-هامستر,ميني نوت هامستر ,,ميني نوت هامستر ,,أشكال,اتنين ,,,,,,Available,40,30,,https://assets.wuiltstore.com/cmkqe34n00f8u01gn4j9adtd4_1000200216.webp https://assets.wuiltstore.com/cmkqe35w40f8v01gneniw99so_1000200217.webp https://assets.wuiltstore.com/cmkqe3arz0f8z01gn3igc2x3z_1000200221.webp https://assets.wuiltstore.com/cmkqe373n0f8w01gn269gf9bw_1000200218.webp https://assets.wuiltstore.com/cmkqe38ax0f8x01gn2lhs0eex_1000200219.webp https://assets.wuiltstore.com/cmkqe39iv0f8y01gn205i4eac_1000200220.webp https://assets.wuiltstore.com/cmkqe3bwt0f9001gngve8dbwv_1000200222.webp,https://assets.wuiltstore.com/cmkqe35w40f8v01gneniw99so_1000200217.webp,ACTIVE,دفاتر ونوت بوك,https://lolishop.wuiltstore.com/ar/product/all/ميني-نوت-هامستر,Global,2026-01-23T07:37:17.385Z,2026-01-23T07:37:44.605Z,,,,
ميني-نوت-هامستر,,,,,أشكال,واحد,,,,,,Available,40,30,,,https://assets.wuiltstore.com/cmkqe34n00f8u01gn4j9adtd4_1000200216.webp,,,https://lolishop.wuiltstore.com/ar/product/all/ميني-نوت-هامستر,,,,,,,
ميني-نوت-دونت,ميني نوت دونت ,,ميني نوت دونت ,,ألوان,ازرق,,,,,,Available,35,30,,https://assets.wuiltstore.com/cmkq0gifu0eqv01gnamqiftlz_1000200182.webp https://assets.wuiltstore.com/cmkq0gjlp0eqw01gnejh32s3k_1000200181.webp https://assets.wuiltstore.com/cmkq0gkru0eqx01gn724w6gva_1000200183.webp https://assets.wuiltstore.com/cmkq0glz30eqy01gndkajchtr_1000200184.webp https://assets.wuiltstore.com/cmkq0gn7q0eqz01gn8sl23vzc_1000200185.webp https://assets.wuiltstore.com/cmkq0gpe30er101gngjvd21gk_1000200187.webp https://assets.wuiltstore.com/cmkq0go9z0er001gnd09xeuhf_1000200186.webp,,ACTIVE,دفاتر ونوت بوك,https://lolishop.wuiltstore.com/ar/product/all/ميني-نوت-دونت,Global,2026-01-23T01:15:47.295Z,2026-01-23T01:15:47.355Z,,,,
ميني-نوت-دونت,,,,,ألوان,موف ,,,,,,Available,35,30,,,,,,https://lolishop.wuiltstore.com/ar/product/all/ميني-نوت-دونت,,,,,,,
ميني-نوت-دونت,,,,,ألوان,بنك ,,,,,,Available,35,30,,,,,,https://lolishop.wuiltstore.com/ar/product/all/ميني-نوت-دونت,,,,,,,
ميني-نوت-يونيكورن,ميني نوت يونيكورن ,,ميني نوت يونيكورن ,,ألوان,موف ,,,,,,Available,35,30,,https://assets.wuiltstore.com/cmkpytys50elv01gn3ry783xi_1000199555.webp https://assets.wuiltstore.com/cmkpytzy80elw01gn051xaaqp_1000199556.webp https://assets.wuiltstore.com/cmkpyu1730elx01gnf7yig2d2_1000199557.webp https://assets.wuiltstore.com/cmkpyu3p60elz01gn22y63so5_1000199558.webp https://assets.wuiltstore.com/cmkpyu2jx0ely01gn6ag6b8y2_1000199559.webp,https://assets.wuiltstore.com/cmkpyu1730elx01gnf7yig2d2_1000199557.webp,ACTIVE,دفاتر ونوت بوك,https://lolishop.wuiltstore.com/ar/product/all/ميني-نوت-يونيكورن,Global,2026-01-23T00:30:15.776Z,2026-01-23T00:30:54.067Z,,,,
ميني-نوت-يونيكورن,,,,,ألوان,ازرق,,,,,,Available,35,30,,,https://assets.wuiltstore.com/cmkpytys50elv01gn3ry783xi_1000199555.webp,,,https://lolishop.wuiltstore.com/ar/product/all/ميني-نوت-يونيكورن,,,,,,,
نوت-بوك-فواصل-بلاستيك-متقسمة,نوت بوك فواصل بلاستيك متقسمة ,,نوت بوك فواصل بلاستيك متقسمة ,,,,,,,,,Available,155,145,,https://assets.wuiltstore.com/cmkpyieia0ejm01gne7dvcpx8_1000199525.webp https://assets.wuiltstore.com/cmkpyifp40ejn01gnaccr7frh_1000199522.webp https://assets.wuiltstore.com/cmkpyigsm0ejo01gn132wfdlx_1000199519.webp https://assets.wuiltstore.com/cmkpyihzw0ejp01gn45yw4blc_1000199520.webp https://assets.wuiltstore.com/cmkpyij7h0ejq01gneldrbpwv_1000199518.webp https://assets.wuiltstore.com/cmkpyikc70ejr01gnacbfcx9c_1000199521.webp https://assets.wuiltstore.com/cmkpyilgq0ejs01gnfwe20ebr_1000199523.webp https://assets.wuiltstore.com/cmkpyimh60ejt01gna7hg45ps_1000199524.webp https://assets.wuiltstore.com/cmkpyinmw0eju01gn0779byto_1000199526.webp https://assets.wuiltstore.com/cmkpyiovo0ejv01gn9k4a60m5_1000199527.webp,,ACTIVE,دفاتر ونوت بوك,https://lolishop.wuiltstore.com/ar/product/all/نوت-بوك-فواصل-بلاستيك-متقسمة,Global,2026-01-23T00:21:10.296Z,2026-01-23T00:21:10.426Z,,,,
⁨‫نوت-بوك-من-‫m-‫g⁩,نوت بوك  من m.g ,,نوت بوك  من m.g ,,اشكال,أربعة ,,,,,,Available,55,45,,https://assets.wuiltstore.com/cmkpyetdk0eiy01gneo4q2snd_1000199508.webp https://assets.wuiltstore.com/cmkpyeuve0eiz01gn9q01bixv_1000199511.webp https://assets.wuiltstore.com/cmkpyf0oo0ej301gnfw4q34s5_1000199513.webp https://assets.wuiltstore.com/cmkpyewbd0ej001gn3ln8d27k_1000199510.webp https://assets.wuiltstore.com/cmkpyexto0ej101gn8h4x8t74_1000199509.webp https://assets.wuiltstore.com/cmkpyez8p0ej201gnbfi9faf0_1000199514.webp https://assets.wuiltstore.com/cmkpyf21j0ej401gnavv9anhi_1000199512.webp https://assets.wuiltstore.com/cmkpyf3fy0ej501gn6apkat2u_1000199517.webp https://assets.wuiltstore.com/cmkpyf68b0ej701gna62g5s2k_1000199516.webp https://assets.wuiltstore.com/cmkpyf4v00ej601gn2z3g35wh_1000199515.webp,https://assets.wuiltstore.com/cmkpyf4v00ej601gn2z3g35wh_1000199515.webp,ACTIVE,دفاتر ونوت بوك,https://lolishop.wuiltstore.com/ar/product/all/⁨‫نوت-بوك-من-‫m-‫g⁩,Global,2026-01-23T00:18:28.685Z,2026-01-23T00:19:23.781Z,,,,
⁨‫نوت-بوك-من-‫m-‫g⁩,,,,,اشكال,تلاتة ,,,,,,Available,55,45,,,https://assets.wuiltstore.com/cmkpyewbd0ej001gn3ln8d27k_1000199510.webp,,,https://lolishop.wuiltstore.com/ar/product/all/⁨‫نوت-بوك-من-‫m-‫g⁩,,,,,,,
⁨‫نوت-بوك-من-‫m-‫g⁩,,,,,اشكال,اتنين ,,,,,,Available,55,45,,,https://assets.wuiltstore.com/cmkpyf0oo0ej301gnfw4q34s5_1000199513.webp,,,https://lolishop.wuiltstore.com/ar/product/all/⁨‫نوت-بوك-من-‫m-‫g⁩,,,,,,,
⁨‫نوت-بوك-من-‫m-‫g⁩,,,,,اشكال,واحد ,,,,,,Available,55,45,,,https://assets.wuiltstore.com/cmkpyetdk0eiy01gneo4q2snd_1000199508.webp,,,https://lolishop.wuiltstore.com/ar/product/all/⁨‫نوت-بوك-من-‫m-‫g⁩,,,,,,,
نوت-بوك-استك-مستورد-1,نوت بوك استك مستورد ,,نوت بوك استك مستورد ,,,,,,,,,Available,110,95,,https://assets.wuiltstore.com/cmkpx95ce0efg01gn8javgvom_1000199474.webp https://assets.wuiltstore.com/cmkpx942d0eff01gn8ks258z0_1000199475.webp,,ACTIVE,دفاتر ونوت بوك,https://lolishop.wuiltstore.com/ar/product/all/نوت-بوك-استك-مستورد-1,Global,2026-01-22T23:46:03.079Z,2026-01-22T23:46:03.135Z,,,,
نوت-بوك-استيتش-ميا-و-نجوم,نوت بوك استيتش ميا و نجوم ,,نوت بوك استيتش ميا و نجوم ,,أشكال,تلاتة ,,,,,,Available,55,45,,https://assets.wuiltstore.com/cmkpwtibt0ee301gn8xw90qse_1000199455.webp https://assets.wuiltstore.com/cmkpwtj9a0ee401gngytz41bp_1000199456.webp https://assets.wuiltstore.com/cmkpwtkbs0ee501gnc74i9brz_1000199458.webp https://assets.wuiltstore.com/cmkpwtlef0ee601gncuw30z0y_1000199457.webp https://assets.wuiltstore.com/cmkpwtmd80ee701gn5psk6j1x_1000199459.webp https://assets.wuiltstore.com/cmkpwtnbf0ee801gndme23w9d_1000199460.webp https://assets.wuiltstore.com/cmkpwto5y0ee901gng11103ey_1000199461.webp https://assets.wuiltstore.com/cmkpwtp510eea01gn6qangddu_1000199462.webp https://assets.wuiltstore.com/cmkpwtr1m0eec01gn1b5ufsyo_1000199463.webp https://assets.wuiltstore.com/cmkpwtq3c0eeb01gn4dkfg5w6_1000199464.webp,https://assets.wuiltstore.com/cmkpwtlef0ee601gncuw30z0y_1000199457.webp,ACTIVE,دفاتر ونوت بوك,https://lolishop.wuiltstore.com/ar/product/all/نوت-بوك-استيتش-ميا-و-نجوم,Global,2026-01-22T23:33:55.227Z,2026-01-22T23:34:29.606Z,,,,
نوت-بوك-استيتش-ميا-و-نجوم,,,,,أشكال,اتنين ,,,,,,Available,55,45,,,https://assets.wuiltstore.com/cmkpwtj9a0ee401gngytz41bp_1000199456.webp,,,https://lolishop.wuiltstore.com/ar/product/all/نوت-بوك-استيتش-ميا-و-نجوم,,,,,,,
نوت-بوك-استيتش-ميا-و-نجوم,,,,,أشكال,واحد,,,,,,Available,55,45,,,https://assets.wuiltstore.com/cmkpwtibt0ee301gn8xw90qse_1000199455.webp,,,https://lolishop.wuiltstore.com/ar/product/all/نوت-بوك-استيتش-ميا-و-نجوم,,,,,,,
استيكي-نوت-ارنوب,استيكي نوت ارنوب,,استيكي نوت ارنوب,,,,,,,,,Available,35,30,,https://assets.wuiltstore.com/cmkpu8upu0e8001gn9gzxeatk_IMG20251228221339_8661.webp https://assets.wuiltstore.com/cmkpu8tjn0e7z01gn22mf31yr_IMG20251228221332_1378.webp,,ACTIVE,استيكي نوت وفواصل ,https://lolishop.wuiltstore.com/ar/product/all/استيكي-نوت-ارنوب,Global,2026-01-22T22:21:50.781Z,2026-01-22T22:25:55.766Z,,,,
استيكي-نوت-ارنوب-صفرا, استيكي نوت ارنوب صفرا,, استيكي نوت ارنوب صفرا,,,,,,,,,Available,35,30,,https://assets.wuiltstore.com/cmkpu9x7y0e8401gndtf949sm_IMG20251228221403_3597.webp https://assets.wuiltstore.com/cmkpu9ye70e8501gn5mzwbf5i_IMG20251228221413_9263.webp,,ACTIVE,استيكي نوت وفواصل ,https://lolishop.wuiltstore.com/ar/product/all/استيكي-نوت-ارنوب-صفرا,Global,2026-01-22T22:22:42.092Z,2026-01-22T22:25:22.552Z,,,,
استيكي-نوت-بطوط-أصفر,استيكي نوت بطوط أصفر,,استيكي نوت بطوط أصفر,,,,,,,,,Available,35,30,,https://assets.wuiltstore.com/cmkpucr0a0e8f01gnc01ucjbg_IMG20251227051447_1415.webp https://assets.wuiltstore.com/cmkpucppu0e8e01gn16c2gz5f_IMG20251227051357_5340.webp,,ACTIVE,استيكي نوت وفواصل ,https://lolishop.wuiltstore.com/ar/product/all/استيكي-نوت-بطوط-أصفر,Global,2026-01-22T22:24:52.364Z,2026-01-22T22:24:52.407Z,,,,
استيكي-نوت-استيتش-مطبوع-كبيرة, استيكي نوت استيتش مطبوع كبيرة,, استيكي نوت استيتش مطبوع كبيرة,,استيتش,أزرق,,,,,,Available,45,40,,https://assets.wuiltstore.com/cmkpu1v160e7701gnapc3fw2w_IMG20251219214832_2231.webp https://assets.wuiltstore.com/cmkpu1w7b0e7801gn6smt379j_IMG20251219214921_8435.webp https://assets.wuiltstore.com/cmkpu1xej0e7901gn60snfo1a_IMG20251219214935_9663.webp https://assets.wuiltstore.com/cmkpu1yj60e7a01gn0dft2z2u_IMG20251219215159_9037.webp https://assets.wuiltstore.com/cmkpu1zp50e7b01gndffjcxya_IMG20251219215212_8021.webp https://assets.wuiltstore.com/cmkpu20uh0e7c01gnc6w15qn5_IMG20251219215331_7396.webp https://assets.wuiltstore.com/cmkpu225p0e7d01gnebc37pib_IMG20251219220513_3542.webp https://assets.wuiltstore.com/cmkpu23c50e7e01gna56e3fei_IMG20251219220527_7358.webp https://assets.wuiltstore.com/cmkpu25p90e7g01gn2zmvfpc7_IMG20251219220538_8535.webp https://assets.wuiltstore.com/cmkpu24h10e7f01gnb2s7f0hb_IMG20251219215432_4517.webp,https://assets.wuiltstore.com/cmkpu1yj60e7a01gn0dft2z2u_IMG20251219215159_9037.webp,ACTIVE,استيكي نوت وفواصل ,https://lolishop.wuiltstore.com/ar/product/all/استيكي-نوت-استيتش-مطبوع-كبيرة,Global,2026-01-22T22:16:25.964Z,2026-01-22T22:18:15.553Z,,,,
استيكي-نوت-استيتش-مطبوع-كبيرة,,,,,استيتش,أورنج,,,,,,Available,45,40,,,https://assets.wuiltstore.com/cmkpu25p90e7g01gn2zmvfpc7_IMG20251219220538_8535.webp,,,https://lolishop.wuiltstore.com/ar/product/all/استيكي-نوت-استيتش-مطبوع-كبيرة,,,,,,,
استيكي-نوت-استيتش-مطبوع-كبيرة,,,,,استيتش,لبني,,,,,,Available,45,40,,,https://assets.wuiltstore.com/cmkpu1v160e7701gnapc3fw2w_IMG20251219214832_2231.webp,,,https://lolishop.wuiltstore.com/ar/product/all/استيكي-نوت-استيتش-مطبوع-كبيرة,,,,,,,
استيكي-نوت-استيتش-مطبوع-كبيرة,,,,,استيتش,بينك,,,,,,Available,45,40,,,https://assets.wuiltstore.com/cmkpu20uh0e7c01gnc6w15qn5_IMG20251219215331_7396.webp,,,https://lolishop.wuiltstore.com/ar/product/all/استيكي-نوت-استيتش-مطبوع-كبيرة,,,,,,,
نوت-بوك-استيتش-هارد-كفر,نوت بوك استيتش هارد كفر ,,نوت بوك استيتش هارد كفر ,,أشكال,أربعة ,,,,,,Available,130,120,,https://assets.wuiltstore.com/cmkpt6ka80e5g01gna9hua4d7_1000199446.webp https://assets.wuiltstore.com/cmkpt6l6t0e5h01gne8tec3rf_1000199447.webp https://assets.wuiltstore.com/cmkpt6mkq0e5i01gnfeaw4cu9_1000199448.webp https://assets.wuiltstore.com/cmkpt6nun0e5j01gn1kyc0dfy_1000199449.webp https://assets.wuiltstore.com/cmkpt6p9l0e5k01gnhnx19qi4_1000199450.webp https://assets.wuiltstore.com/cmkpt6qns0e5l01gn3lxjffp5_1000199451.webp https://assets.wuiltstore.com/cmkpt6s2g0e5m01gnhihre5kt_1000199452.webp https://assets.wuiltstore.com/cmkpt6um30e5o01gn0hpv8mx6_1000199453.webp https://assets.wuiltstore.com/cmkpt6t9z0e5n01gn1hid0fp3_1000199454.webp,https://assets.wuiltstore.com/cmkpt6s2g0e5m01gnhihre5kt_1000199452.webp,ACTIVE,دفاتر ونوت بوك,https://lolishop.wuiltstore.com/ar/product/all/نوت-بوك-استيتش-هارد-كفر,Global,2026-01-22T21:52:05.772Z,2026-01-22T21:52:58.459Z,,,,
نوت-بوك-استيتش-هارد-كفر,,,,,أشكال,تلاتة ,,,,,,Available,130,120,,,https://assets.wuiltstore.com/cmkpt6mkq0e5i01gnfeaw4cu9_1000199448.webp,,,https://lolishop.wuiltstore.com/ar/product/all/نوت-بوك-استيتش-هارد-كفر,,,,,,,
نوت-بوك-استيتش-هارد-كفر,,,,,أشكال,اتنين ,,,,,,Available,130,120,,,https://assets.wuiltstore.com/cmkpt6p9l0e5k01gnhnx19qi4_1000199450.webp,,,https://lolishop.wuiltstore.com/ar/product/all/نوت-بوك-استيتش-هارد-كفر,,,,,,,
نوت-بوك-استيتش-هارد-كفر,,,,,أشكال,واحد,,,,,,Available,130,120,,,https://assets.wuiltstore.com/cmkpt6ka80e5g01gna9hua4d7_1000199446.webp,,,https://lolishop.wuiltstore.com/ar/product/all/نوت-بوك-استيتش-هارد-كفر,,,,,,,
نوت-بوك-سلك-مدرج,نوت بوك سلك مدرج ,,نوت بوك سلك مدرج ,,أشكال,رجل فضائي ,,,,,,Available,80,75,,https://assets.wuiltstore.com/cmkpqfjwg0dpa01gn6n940y50_1000198308.webp https://assets.wuiltstore.com/cmkpqfl7e0dpb01gnhrhg6jbl_1000198309.webp https://assets.wuiltstore.com/cmkpqfmf50dpc01gngcnb3ad2_1000198310.webp https://assets.wuiltstore.com/cmkpqfnm30dpd01gnc3s98ny5_1000198307.webp https://assets.wuiltstore.com/cmkpqfq8d0dpf01gn48rbbnrp_1000198305.webp https://assets.wuiltstore.com/cmkpqfoxr0dpe01gn3dz9gcfr_1000198306.webp,https://assets.wuiltstore.com/cmkpqfnm30dpd01gnc3s98ny5_1000198307.webp,ACTIVE,دفاتر ونوت بوك,https://lolishop.wuiltstore.com/ar/product/all/نوت-بوك-سلك-مدرج,Global,2026-01-22T20:35:06.246Z,2026-01-22T20:38:47.938Z,,,,
نوت-بوك-سلك-مدرج,,,,,أشكال,يونيكورن ,,,,,,Available,80,75,,,https://assets.wuiltstore.com/cmkpqfq8d0dpf01gn48rbbnrp_1000198305.webp,,,https://lolishop.wuiltstore.com/ar/product/all/نوت-بوك-سلك-مدرج,,,,,,,
نوت-بوك-سلك-مدرج,,,,,أشكال,بومة ,,,,,,Available,80,75,,,https://assets.wuiltstore.com/cmkpqfjwg0dpa01gn6n940y50_1000198308.webp,,,https://lolishop.wuiltstore.com/ar/product/all/نوت-بوك-سلك-مدرج,,,,,,,
أقلام-جيل-كيوت,أقلام جيل كيوت,,أقلام جيل كيوت,,اقلام,لبني,,,,,,Available,15,13,,https://assets.wuiltstore.com/cmkp2v4y60bq601gnb81y42x7_IMG20251224165928_6391.webp https://assets.wuiltstore.com/cmkp2v65w0bq701gnedx7gjko_IMG20251224165949_2382.webp https://assets.wuiltstore.com/cmkp2v7b60bq801gnfnx11it4_IMG20251224165646_2358.webp https://assets.wuiltstore.com/cmkp2v8l20bq901gn27fv4t9a_IMG20251224165549_3159.webp https://assets.wuiltstore.com/cmkp2v9w10bqa01gnhbyr2nd8_IMG20251224165911_4013.webp https://assets.wuiltstore.com/cmkp2vc5q0bqc01gnbfio85xd_IMG20251224165638_1600.webp https://assets.wuiltstore.com/cmkp2vaz10bqb01gn4ktrfxwy_IMG20251224165921_9541.webp,,ACTIVE,,https://lolishop.wuiltstore.com/ar/product/all/أقلام-جيل-كيوت,Global,2026-01-22T09:35:22.667Z,2026-01-22T10:02:19.446Z,,,,
أقلام-جيل-كيوت,,,,,اقلام,اسود,,,,,,Available,15,13,,,,,,https://lolishop.wuiltstore.com/ar/product/all/أقلام-جيل-كيوت,,,,,,,
أقلام-جيل-كيوت,,,,,اقلام,بينك,,,,,,Available,15,13,,,,,,https://lolishop.wuiltstore.com/ar/product/all/أقلام-جيل-كيوت,,,,,,,
أقلام-جيل-كيوت,,,,,اقلام,اصفر,,,,,,Available,15,13,,,,,,https://lolishop.wuiltstore.com/ar/product/all/أقلام-جيل-كيوت,,,,,,,
أقلام-جيل-كيوت,,,,,اقلام,موف,,,,,,Available,15,13,,,,,,https://lolishop.wuiltstore.com/ar/product/all/أقلام-جيل-كيوت,,,,,,,
نوت-بوك-فواصل-مستوردة-لابوبو,نوت بوك فواصل مستوردة لابوبو ,,نوت بوك فواصل مستوردة لابوبو ,,أشكال,دبدوب بنك ,,,,,,Available,100,95,,https://assets.wuiltstore.com/cmkohj08n0au501gng97c2fvc_1000198271.webp https://assets.wuiltstore.com/cmkohj6380aua01gn7xj6diur_1000198273.webp https://assets.wuiltstore.com/cmkohiz4c0au401gn4iim1oyo_1000198268.webp https://assets.wuiltstore.com/cmkohj1dt0au601gn27lo2l9k_1000198270.webp https://assets.wuiltstore.com/cmkohj2l30au701gn8rxba47n_1000198274.webp https://assets.wuiltstore.com/cmkohj3sb0au801gn8nf10fgn_1000198269.webp https://assets.wuiltstore.com/cmkohj4wp0au901gn9e73gg6d_1000198272.webp https://assets.wuiltstore.com/cmkohj75c0aub01gncjq6900w_1000198277.webp https://assets.wuiltstore.com/cmkohj9ck0aud01gng51lgi11_1000198275.webp https://assets.wuiltstore.com/cmkohj87q0auc01gngack8xsy_1000198276.webp,https://assets.wuiltstore.com/cmkohj3sb0au801gn8nf10fgn_1000198269.webp,ACTIVE,دفاتر ونوت بوك,https://lolishop.wuiltstore.com/ar/product/all/نوت-بوك-فواصل-مستوردة-لابوبو,Global,2026-01-21T23:38:03.252Z,2026-01-22T09:55:14.577Z,,,,
نوت-بوك-فواصل-مستوردة-لابوبو,,,,,أشكال,دبدوب أصفر ,,,,,,Available,100,95,,,https://assets.wuiltstore.com/cmkohiz4c0au401gn4iim1oyo_1000198268.webp,,,https://lolishop.wuiltstore.com/ar/product/all/نوت-بوك-فواصل-مستوردة-لابوبو,,,,,,,
نوت-بوك-فواصل-مستوردة-لابوبو,,,,,أشكال,دبدوب باندا ,,,,,,Available,100,95,,,https://assets.wuiltstore.com/cmkohj08n0au501gng97c2fvc_1000198271.webp,,,https://lolishop.wuiltstore.com/ar/product/all/نوت-بوك-فواصل-مستوردة-لابوبو,,,,,,,
نوت-بوك-فواصل-مستوردة-لابوبو,,,,,أشكال,دبدوب برتقالي ,,,,,,Available,100,95,,,https://assets.wuiltstore.com/cmkohj1dt0au601gn27lo2l9k_1000198270.webp,,,https://lolishop.wuiltstore.com/ar/product/all/نوت-بوك-فواصل-مستوردة-لابوبو,,,,,,,
نوت-بوك-ورق-أصفر,نوت بوك ورق أصفر ,,نوت بوك ورق أصفر ,,لون,احمر ,,,,,,Available,55,45,,https://assets.wuiltstore.com/cmknwgiyx08pl01gn3qd5g7bl_1000197992.webp https://assets.wuiltstore.com/cmknwga0z08pe01gn4gdqhbyv_1000197996.webp https://assets.wuiltstore.com/cmknwgb9y08pf01gnegpp5nyl_1000197998.webp https://assets.wuiltstore.com/cmknwglnk08pn01gn4w8q1vgm_1000197990.webp https://assets.wuiltstore.com/cmknwgck708pg01gn8cgfdaek_1000197999.webp https://assets.wuiltstore.com/cmknwgdtr08ph01gng1a3bzch_1000197997.webp https://assets.wuiltstore.com/cmknwgmvc08po01gnguse4glg_1000197989.webp https://assets.wuiltstore.com/cmknwgf4108pi01gn17zo2z9c_1000197995.webp https://assets.wuiltstore.com/cmknwggc008pj01gn9w1683h1_1000197994.webp https://assets.wuiltstore.com/cmknwghij08pk01gnf7vf4o88_1000197993.webp https://assets.wuiltstore.com/cmknwgka608pm01gnbn4f6vyv_1000197991.webp,https://assets.wuiltstore.com/cmknwgka608pm01gnbn4f6vyv_1000197991.webp,ACTIVE,,https://lolishop.wuiltstore.com/ar/product/all/نوت-بوك-ورق-أصفر,Global,2026-01-21T13:48:04.268Z,2026-01-22T09:54:30.208Z,,,,
نوت-بوك-ورق-أصفر,,,,,لون,اخضر و أسود ,,,,,,Available,55,45,,,https://assets.wuiltstore.com/cmknwga0z08pe01gn4gdqhbyv_1000197996.webp,,,https://lolishop.wuiltstore.com/ar/product/all/نوت-بوك-ورق-أصفر,,,,,,,
نوت-بوك-ورق-أصفر,,,,,لون,أزرق ,,,,,,Available,55,45,,,https://assets.wuiltstore.com/cmknwgdtr08ph01gng1a3bzch_1000197997.webp,,,https://lolishop.wuiltstore.com/ar/product/all/نوت-بوك-ورق-أصفر,,,,,,,
استيكي-نوت-استيتش-وسط,استيكي نوت استيتش وسط ,,استيكي نوت استيتش وسط ,,استيكي نوت,اصفر ,,,,,,Available,30,25,,https://assets.wuiltstore.com/cmkp3h09b0brl01gnfj2fg0yl_IMG20251220222228_3851.webp https://assets.wuiltstore.com/cmkp3gql70brd01gng2jp9d25_IMG20251220222259_2244.webp https://assets.wuiltstore.com/cmkp3grs70bre01gn23x51wut_IMG20251220222441_3514.webp https://assets.wuiltstore.com/cmkp3gsvl0brf01gn37te3fp4_IMG20251220222307_9493.webp https://assets.wuiltstore.com/cmkp3gu2e0brg01gnb3h9atot_IMG20251220222416_5792.webp https://assets.wuiltstore.com/cmkp3gvc30brh01gn4x801bu4_IMG20251221062932_3172.webp https://assets.wuiltstore.com/cmkp3gwid0bri01gnevob76rx_IMG20251221062913_8142.webp https://assets.wuiltstore.com/cmkp3gxru0brj01gngbc409pp_IMG20251221063051_8764.webp https://assets.wuiltstore.com/cmkp3gyxp0brk01gnd795gzuu_IMG20251220222239_7853.webp,https://assets.wuiltstore.com/cmkp3gxru0brj01gngbc409pp_IMG20251221063051_8764.webp,ACTIVE,استيكي نوت وفواصل ,https://lolishop.wuiltstore.com/ar/product/all/استيكي-نوت-استيتش-وسط,Global,2026-01-22T09:52:10.444Z,2026-01-22T09:53:50.724Z,,,,
استيكي-نوت-استيتش-وسط,,,,,استيكي نوت,بينك,,,,,,Available,30,25,,,https://assets.wuiltstore.com/cmkp3h09b0brl01gnfj2fg0yl_IMG20251220222228_3851.webp,,,https://lolishop.wuiltstore.com/ar/product/all/استيكي-نوت-استيتش-وسط,,,,,,,
استيكي-نوت-استيتش-وسط,,,,,استيكي نوت,لبني,,,,,,Available,30,25,,,https://assets.wuiltstore.com/cmkp3gyxp0brk01gnd795gzuu_IMG20251220222239_7853.webp,,,https://lolishop.wuiltstore.com/ar/product/all/استيكي-نوت-استيتش-وسط,,,,,,,
نوت-بوك-فواصل-صغيرة,نوت بوك فواصل صغيرة ,,نوت بوك فواصل صغيرة ,,أشكال,ورده ,,,,,,Available,75,70,,https://assets.wuiltstore.com/cmkoiji5n0awe01gn3lv6hy3a_1000198289.webp https://assets.wuiltstore.com/cmkoijgw50awd01gnf76mas7z_1000198288.webp https://assets.wuiltstore.com/cmkoijjip0awf01gnekd57370_1000198290.webp https://assets.wuiltstore.com/cmkoijkp90awg01gn5wh36gkj_1000198291.webp https://assets.wuiltstore.com/cmkoijm1b0awh01gn83a3c36m_1000198292.webp https://assets.wuiltstore.com/cmkoijncw0awi01gncxx4dp9e_1000198293.webp https://assets.wuiltstore.com/cmkoijokh0awj01gne2np63g5_1000198295.webp https://assets.wuiltstore.com/cmkoijpw50awk01gn4dxo2d7z_1000198296.webp https://assets.wuiltstore.com/cmkoijs940awm01gn1a6815y4_1000198294.webp https://assets.wuiltstore.com/cmkoijr630awl01gnh81udwey_1000198297.webp,https://assets.wuiltstore.com/cmkoijgw50awd01gnf76mas7z_1000198288.webp,ACTIVE,دفاتر ونوت بوك,https://lolishop.wuiltstore.com/ar/product/all/نوت-بوك-فواصل-صغيرة,Global,2026-01-22T00:06:25.918Z,2026-01-22T09:47:57.865Z,,,,
نوت-بوك-فواصل-صغيرة,,,,,أشكال,ديناصور ,,,,,,Available,75,70,,,https://assets.wuiltstore.com/cmkoijncw0awi01gncxx4dp9e_1000198293.webp,,,https://lolishop.wuiltstore.com/ar/product/all/نوت-بوك-فواصل-صغيرة,,,,,,,
نوت-بوك-فواصل-صغيرة,,,,,أشكال,تورته ,,,,,,Available,75,70,,,https://assets.wuiltstore.com/cmkoijm1b0awh01gn83a3c36m_1000198292.webp,,,https://lolishop.wuiltstore.com/ar/product/all/نوت-بوك-فواصل-صغيرة,,,,,,,
نوت-بوك-فواصل-صغيرة,,,,,أشكال,آيس كريم ,,,,,,Available,75,70,,,https://assets.wuiltstore.com/cmkoijpw50awk01gn4dxo2d7z_1000198296.webp,,,https://lolishop.wuiltstore.com/ar/product/all/نوت-بوك-فواصل-صغيرة,,,,,,,
استيكي-نوت-اسود,استيكي نوت اسود,,استيكي نوت اسود,,استيكي نوت,شجرة,,,,,,Available,40,35,,https://assets.wuiltstore.com/cmkp386540br201gnew9i4d3j_IMG20251227102313_5581.webp https://assets.wuiltstore.com/cmkp382zb0bqz01gn1dja2kvt_IMG20251227102122_3785.webp https://assets.wuiltstore.com/cmkp383xd0br001gneophe5yr_IMG20251227102148_9516.webp https://assets.wuiltstore.com/cmkp3852n0br101gnapy40hi8_IMG20251227102221_3722.webp https://assets.wuiltstore.com/cmkp3877l0br301gn30tfh3ex_IMG20251227102402_8831.webp https://assets.wuiltstore.com/cmkp389aq0br501gn0ax7bs7p_IMG20251227102447_9186.webp https://assets.wuiltstore.com/cmkp3886f0br401gncnjt9s51_IMG20251227102413_1302.webp,https://assets.wuiltstore.com/cmkp389aq0br501gn0ax7bs7p_IMG20251227102447_9186.webp,ACTIVE,استيكي نوت وفواصل ,https://lolishop.wuiltstore.com/ar/product/all/استيكي-نوت-اسود,Global,2026-01-22T09:45:26.676Z,2026-01-22T09:46:59.063Z,,,,
استيكي-نوت-اسود,,,,,استيكي نوت,سيارة,,,,,,Available,40,35,,,https://assets.wuiltstore.com/cmkp383xd0br001gneophe5yr_IMG20251227102148_9516.webp,,,https://lolishop.wuiltstore.com/ar/product/all/استيكي-نوت-اسود,,,,,,,
استيكي-نوت-اسود,,,,,استيكي نوت,تفاحة,,,,,,Available,40,35,,,https://assets.wuiltstore.com/cmkp386540br201gnew9i4d3j_IMG20251227102313_5581.webp,,,https://lolishop.wuiltstore.com/ar/product/all/استيكي-نوت-اسود,,,,,,,
أقلام-جيل-شي-ان-فرداني-1,أقلام جيل شي ان فرداني,,أقلام جيل شي ان فرداني,,,,,,,,,Available,20,15,,https://assets.wuiltstore.com/cmkp2z4li0bqp01gn9nkr60l0_IMG_20260104_145808_535_8730.webp https://assets.wuiltstore.com/cmkp2z5jk0bqq01gn1s4p3m2l_IMG_20260104_145808_521_2441.webp https://assets.wuiltstore.com/cmkp2z6ma0bqr01gndgf09tw2_IMG_20260104_145808_628_6167.webp https://assets.wuiltstore.com/cmkp2z7lb0bqs01gng13n8nr2_IMG_20260104_145808_078_5162.webp https://assets.wuiltstore.com/cmkp2z8lc0bqt01gn1ghce6a5_IMG_20260104_145808_361_4579.webp,,ACTIVE,أقلام ,https://lolishop.wuiltstore.com/ar/product/all/أقلام-جيل-شي-ان-فرداني-1,Global,2026-01-22T09:38:28.758Z,2026-01-22T09:38:28.823Z,,,,
أقلام-جيل-شي-ان-فرداني,أقلام جيل شي ان فرداني,,أقلام جيل شي ان فرداني,,,,,,,,,Available,20,15,,https://assets.wuiltstore.com/cmkp2xclh0bqf01gn9apv336o_IMG_20260104_145405_161_4432.webp https://assets.wuiltstore.com/cmkp2xdk20bqg01gnfc556mld_IMG_20260104_145404_656_6150.webp https://assets.wuiltstore.com/cmkp2xeia0bqh01gn0lpqbhcc_IMG_20260104_145404_366_1648.webp https://assets.wuiltstore.com/cmkp2xfih0bqi01gn9v83hffz_IMG_20260104_145404_672_8594.webp https://assets.wuiltstore.com/cmkp2xher0bqk01gnhz3q2ogy_IMG_20260104_145404_744_2575.webp https://assets.wuiltstore.com/cmkp2xghj0bqj01gn6tybdn12_IMG_20260104_145404_901_9381.webp,,ACTIVE,أقلام ,https://lolishop.wuiltstore.com/ar/product/all/أقلام-جيل-شي-ان-فرداني,Global,2026-01-22T09:37:05.960Z,2026-01-22T09:37:06.004Z,,,,
أقلام-شي-ان-فرداني,أقلام شي ان فرداني,,أقلام شي ان فرداني,,,,,,,,,Available,20,15,,https://assets.wuiltstore.com/cmkp2kpio0bpj01gn0uuke0t0_IMG_20260104_145921_171_5373.webp https://assets.wuiltstore.com/cmkp2kqgu0bpk01gn7szjeh8m_IMG_20260104_145921_229_1538.webp https://assets.wuiltstore.com/cmkp2ksbx0bpm01gn27bh4vv7_IMG_20260104_145921_656_1792.webp https://assets.wuiltstore.com/cmkp2krdi0bpl01gn38m05s5n_IMG_20260104_145922_026_1412.webp,,ACTIVE,أقلام ,https://lolishop.wuiltstore.com/ar/product/all/أقلام-شي-ان-فرداني,Global,2026-01-22T09:27:16.108Z,2026-01-22T09:32:56.445Z,,,,
أقلام-شي-أن-فرداني,أقلام شي أن فرداني,,أقلام شي أن فرداني,,,,,,,,,Available,20,15,,https://assets.wuiltstore.com/cmkp2nsgt0bpn01gn410uhxa1_IMG_20260104_151006_338_4765.webp https://assets.wuiltstore.com/cmkp2ntkp0bpo01gn6cgn8z5q_IMG_20260104_151007_139_2167.webp https://assets.wuiltstore.com/cmkp2nuk40bpp01gn69rn5ucs_IMG_20260104_151006_841_3639.webp https://assets.wuiltstore.com/cmkp2nvht0bpq01gn0yijfzoa_IMG_20260104_150953_761_6550.webp https://assets.wuiltstore.com/cmkp2nwgt0bpr01gn0lphcnzh_IMG_20260104_151007_228_5014.webp https://assets.wuiltstore.com/cmkp2nxin0bps01gndgquel2b_IMG_20260104_151006_336_1613.webp https://assets.wuiltstore.com/cmkp2nziu0bpu01gn7zao9ogj_IMG_20260104_151006_994_8288.webp https://assets.wuiltstore.com/cmkp2nyk70bpt01gn8jzv3t85_IMG_20260104_151006_273_4453.webp,,ACTIVE,أقلام ,https://lolishop.wuiltstore.com/ar/product/all/أقلام-شي-أن-فرداني,Global,2026-01-22T09:29:39.942Z,2026-01-22T09:32:41.009Z,,,,
أقلام-حبر-كتكوته-خالص,أقلام حبر كتكوته خالص,,أقلام حبر كتكوته خالص,,,,,,,,,Available,15,13,,https://assets.wuiltstore.com/cmkp2rc4e0bpv01gngfa3bumf_IMG_20260104_150433_131_3766.webp https://assets.wuiltstore.com/cmkp2rd3v0bpw01gnaeuif0xv_IMG_20260104_150432_989_2391.webp https://assets.wuiltstore.com/cmkp2re8g0bpx01gndp508no5_IMG_20260104_150433_500_7862.webp https://assets.wuiltstore.com/cmkp2rf9l0bpy01gnhun06e0m_IMG_20260104_150432_977_9792.webp https://assets.wuiltstore.com/cmkp2rgbf0bpz01gnc78d3p02_IMG_20260104_150433_354_2241.webp https://assets.wuiltstore.com/cmkp2rh8f0bq001gn6pelgdbv_IMG_20260104_150433_622_5858.webp https://assets.wuiltstore.com/cmkp2rjcu0bq201gnfjjhcrnv_IMG_20260104_150433_148_4051.webp https://assets.wuiltstore.com/cmkp2ri8h0bq101gn8dd1aicn_IMG_20260104_150436_586_1332.webp,,ACTIVE,أقلام ,https://lolishop.wuiltstore.com/ar/product/all/أقلام-حبر-كتكوته-خالص,Global,2026-01-22T09:32:25.274Z,2026-01-22T09:32:25.355Z,,,,
نوت-بوك-شي-ان-في-ماركت,نوت بوك شي ان في ماركت ,,نوت بوك شي ان في ماركت ,,أشكال,أربعة ,,,,,,Available,50,45,,https://assets.wuiltstore.com/cmkoipol10awv01gnh3z30x7c_1000198298.webp https://assets.wuiltstore.com/cmkoippv80aww01gn0mm8g16f_1000198299.webp https://assets.wuiltstore.com/cmkoipr460awx01gn9efqhugm_1000198300.webp https://assets.wuiltstore.com/cmkoipsbu0awy01gneit21ws2_1000198301.webp https://assets.wuiltstore.com/cmkoiptmh0awz01gn6x4x9vpj_1000198302.webp https://assets.wuiltstore.com/cmkoipwbn0ax101gng1tn8v6l_1000198303.webp https://assets.wuiltstore.com/cmkoipuwp0ax001gngh80c33k_1000198304.webp,https://assets.wuiltstore.com/cmkoipwbn0ax101gng1tn8v6l_1000198303.webp,ACTIVE,دفاتر ونوت بوك,https://lolishop.wuiltstore.com/ar/product/all/نوت-بوك-شي-ان-في-ماركت,Global,2026-01-22T00:11:15.805Z,2026-01-22T00:12:35.928Z,,,,
نوت-بوك-شي-ان-في-ماركت,,,,,أشكال,تلاتة ,,,,,,Available,50,45,,,https://assets.wuiltstore.com/cmkoipr460awx01gn9efqhugm_1000198300.webp,,,https://lolishop.wuiltstore.com/ar/product/all/نوت-بوك-شي-ان-في-ماركت,,,,,,,
نوت-بوك-شي-ان-في-ماركت,,,,,أشكال,اتنين ,,,,,,Available,50,45,,,https://assets.wuiltstore.com/cmkoippv80aww01gn0mm8g16f_1000198299.webp,,,https://lolishop.wuiltstore.com/ar/product/all/نوت-بوك-شي-ان-في-ماركت,,,,,,,
نوت-بوك-شي-ان-في-ماركت,,,,,أشكال,واحد,,,,,,Available,50,45,,,https://assets.wuiltstore.com/cmkoipol10awv01gnh3z30x7c_1000198298.webp,,,https://lolishop.wuiltstore.com/ar/product/all/نوت-بوك-شي-ان-في-ماركت,,,,,,,
نوت-بوك-فواصل-كبيرة-مستوردة,نوت بوك فواصل كبيرة مستوردة ,,نوت بوك فواصل كبيرة مستوردة ,,ألوان,موف ,,,,,,Available,105,95,,https://assets.wuiltstore.com/cmkohnbao0aug01gngz6w86c5_1000198278.webp https://assets.wuiltstore.com/cmkohnceq0auh01gn9vs0005k_1000198279.webp https://assets.wuiltstore.com/cmkohndkb0aui01gnguzz6022_1000198280.webp https://assets.wuiltstore.com/cmkohneou0auj01gn9hk2d1ow_1000198281.webp https://assets.wuiltstore.com/cmkohnfzw0auk01gnhz38c9rk_1000198282.webp https://assets.wuiltstore.com/cmkohnh6p0aul01gn6rdhc6p5_1000198283.webp https://assets.wuiltstore.com/cmkohnidp0aum01gn9vc10e89_1000198284.webp https://assets.wuiltstore.com/cmkohnjlb0aun01gnhdpmdfme_1000198285.webp https://assets.wuiltstore.com/cmkohnlyg0aup01gn72al76g7_1000198286.webp https://assets.wuiltstore.com/cmkohnksq0auo01gne0cf6e6i_1000198287.webp,https://assets.wuiltstore.com/cmkohnbao0aug01gngz6w86c5_1000198278.webp,ACTIVE,دفاتر ونوت بوك,https://lolishop.wuiltstore.com/ar/product/all/نوت-بوك-فواصل-كبيرة-مستوردة,Global,2026-01-21T23:41:25.585Z,2026-01-21T23:43:18.030Z,,,,
نوت-بوك-فواصل-كبيرة-مستوردة,,,,,ألوان,ازرق,,,,,,Available,105,95,,,https://assets.wuiltstore.com/cmkohnfzw0auk01gnhz38c9rk_1000198282.webp,,,https://lolishop.wuiltstore.com/ar/product/all/نوت-بوك-فواصل-كبيرة-مستوردة,,,,,,,
نوت-بوك-فواصل-كبيرة-مستوردة,,,,,ألوان,بنك ,,,,,,Available,105,95,,,https://assets.wuiltstore.com/cmkohnidp0aum01gn9vc10e89_1000198284.webp,,,https://lolishop.wuiltstore.com/ar/product/all/نوت-بوك-فواصل-كبيرة-مستوردة,,,,,,,
نوته-ضفاير-بارزة,نوته ضفاير بارزة ,,نوته ضفاير بارزة ,,لون,بنك ,,,,,,Available,125,115,,https://assets.wuiltstore.com/cmknvkq7a08ly01gnd9st3foa_1000197918.webp https://assets.wuiltstore.com/cmknvkjn008lt01gn4lhu5o4f_1000197925.webp https://assets.wuiltstore.com/cmknvkkzb08lu01gnfdbrgbkk_1000197923.webp https://assets.wuiltstore.com/cmknvkmct08lv01gn75umehj4_1000197924.webp https://assets.wuiltstore.com/cmknvkno408lw01gnbgnd3fqz_1000197922.webp https://assets.wuiltstore.com/cmknvkoxc08lx01gn54fsgfnp_1000197921.webp https://assets.wuiltstore.com/cmknvkrm908lz01gn03t988v4_1000197919.webp https://assets.wuiltstore.com/cmknvkswv08m001gn0qbv31h7_1000197920.webp https://assets.wuiltstore.com/cmknvkvmu08m201gnd7zjgx2z_1000197916.webp https://assets.wuiltstore.com/cmknvkuad08m101gnhv13fhkb_1000197917.webp,https://assets.wuiltstore.com/cmknvkkzb08lu01gnfdbrgbkk_1000197923.webp,ACTIVE,,https://lolishop.wuiltstore.com/ar/product/all/نوته-ضفاير-بارزة,Global,2026-01-21T13:23:24.987Z,2026-01-21T19:11:42.715Z,,,,
نوته-ضفاير-بارزة,,,,,لون,موف,,,,,,Available,125,115,,,https://assets.wuiltstore.com/cmknvkjn008lt01gn4lhu5o4f_1000197925.webp,,,https://lolishop.wuiltstore.com/ar/product/all/نوته-ضفاير-بارزة,,,,,,,
نوته-ضفاير-بارزة,,,,,لون,ازرق ,,,,,,Available,125,115,,,https://assets.wuiltstore.com/cmknvkno408lw01gnbgnd3fqz_1000197922.webp,,,https://lolishop.wuiltstore.com/ar/product/all/نوته-ضفاير-بارزة,,,,,,,
نوت-بوك-مغناطيس-كفر-بلاستيك,نوت بوك مغناطيس كفر بلاستيك ,,نوت بوك مغناطيس كفر بلاستيك ,,لون,أبيض ,,,,,,Available,100,90,,https://assets.wuiltstore.com/cmknwiqyf08pt01gnbgj26iz3_1000198001.webp https://assets.wuiltstore.com/cmknwipls08ps01gnfzy4cvax_1000198000.webp https://assets.wuiltstore.com/cmknwiup908pw01gn00rs0fw8_1000198003.webp https://assets.wuiltstore.com/cmknwis7m08pu01gneldp33uy_1000198002.webp https://assets.wuiltstore.com/cmknwitgg08pv01gnfcqeachd_1000198005.webp https://assets.wuiltstore.com/cmknwivu708px01gndpkk6j5t_1000198004.webp,https://assets.wuiltstore.com/cmknwiqyf08pt01gnbgj26iz3_1000198001.webp,ACTIVE,,https://lolishop.wuiltstore.com/ar/product/all/نوت-بوك-مغناطيس-كفر-بلاستيك,Global,2026-01-21T13:49:59.056Z,2026-01-21T19:10:53.118Z,,,,
نوت-بوك-مغناطيس-كفر-بلاستيك,,,,,لون,ازرق ,,,,,,Available,100,90,,,https://assets.wuiltstore.com/cmknwipls08ps01gnfzy4cvax_1000198000.webp,,,https://lolishop.wuiltstore.com/ar/product/all/نوت-بوك-مغناطيس-كفر-بلاستيك,,,,,,,
نوت-بوك-مجسمة-استيتش,نوت بوك مجسمة استيتش ,,نوت بوك مجسمة استيتش ,,أشكال,be happy ,,,,,,Available,95,90,,https://assets.wuiltstore.com/cmknwmhsj08q901gnfe4h97pq_1000198014.webp https://assets.wuiltstore.com/cmknwmixn08qa01gncq4w9km9_1000198013.webp https://assets.wuiltstore.com/cmknwmjy708qb01gnducke8e5_1000198015.webp https://assets.wuiltstore.com/cmknwml1h08qc01gnhdi1aewe_1000198016.webp https://assets.wuiltstore.com/cmknwmm7a08qd01gnfbhceduq_1000198018.webp https://assets.wuiltstore.com/cmknwmn8a08qe01gn2j73bf2p_1000198017.webp https://assets.wuiltstore.com/cmknwmo9q08qf01gnaehx7zv4_1000198021.webp https://assets.wuiltstore.com/cmknwmqjg08qh01gnee5cc7pb_1000198020.webp https://assets.wuiltstore.com/cmknwmpen08qg01gnbjvdembq_1000198019.webp,https://assets.wuiltstore.com/cmknwmo9q08qf01gnaehx7zv4_1000198021.webp,ACTIVE,,https://lolishop.wuiltstore.com/ar/product/all/نوت-بوك-مجسمة-استيتش,Global,2026-01-21T13:52:55.480Z,2026-01-21T16:42:58.718Z,,,,
نوت-بوك-مجسمة-استيتش,,,,,أشكال,طوق ورد ,,,,,,Available,95,90,,,https://assets.wuiltstore.com/cmknwmhsj08q901gnfe4h97pq_1000198014.webp,,,https://lolishop.wuiltstore.com/ar/product/all/نوت-بوك-مجسمة-استيتش,,,,,,,
نوت-بوك-مجسمة-استيتش,,,,,أشكال,دبدوب ,,,,,,Available,95,90,,,https://assets.wuiltstore.com/cmknwmixn08qa01gncq4w9km9_1000198013.webp,,,https://lolishop.wuiltstore.com/ar/product/all/نوت-بوك-مجسمة-استيتش,,,,,,,
نوت-بوك-مغناطيس,نوت بوك مغناطيس ,,نوت بوك مغناطيس ,,لون,ازرق ,,,,,,Available,100,95,,https://assets.wuiltstore.com/cmknwkck908q101gn55t6dyn2_1000198008.webp https://assets.wuiltstore.com/cmknwkdxk08q201gnhzc9g48h_1000198007.webp https://assets.wuiltstore.com/cmknwkf9e08q301gncofphwlb_1000198010.webp https://assets.wuiltstore.com/cmknwkgmr08q401gn654c204u_1000198009.webp https://assets.wuiltstore.com/cmknwkj0m08q601gngb3w7c0v_1000198012.webp https://assets.wuiltstore.com/cmknwkhuq08q501gn8ldhc9b8_1000198011.webp,https://assets.wuiltstore.com/cmknwkdxk08q201gnhzc9g48h_1000198007.webp,ACTIVE,,https://lolishop.wuiltstore.com/ar/product/all/نوت-بوك-مغناطيس,Global,2026-01-21T13:51:15.433Z,2026-01-21T16:40:57.711Z,,,,
نوت-بوك-مغناطيس,,,,,لون,بنك ,,,,,,Available,100,95,,,https://assets.wuiltstore.com/cmknwkck908q101gn55t6dyn2_1000198008.webp,,,https://lolishop.wuiltstore.com/ar/product/all/نوت-بوك-مغناطيس,,,,,,,
نوته-اسكوتشة,نوته اسكوتشة ,,نوته اسكوتشة ,,لون,ازرق ,,,,,,Available,35,30,,https://assets.wuiltstore.com/cmknwcqls08p001gnh7n80z17_1000197976.webp https://assets.wuiltstore.com/cmknwcrv808p101gndg9hfrit_1000197977.webp https://assets.wuiltstore.com/cmknwcuer08p301gnbbf57734_1000197978.webp https://assets.wuiltstore.com/cmknwct3m08p201gn6bixesq1_1000197979.webp,https://assets.wuiltstore.com/cmknwcuer08p301gnbbf57734_1000197978.webp,ACTIVE,,https://lolishop.wuiltstore.com/ar/product/all/نوته-اسكوتشة,Global,2026-01-21T13:45:20.368Z,2026-01-21T16:19:02.858Z,,,,
نوته-اسكوتشة,,,,,لون,اخضر ,,,,,,Available,35,30,,,https://assets.wuiltstore.com/cmknwcrv808p101gndg9hfrit_1000197977.webp,,,https://lolishop.wuiltstore.com/ar/product/all/نوته-اسكوتشة,,,,,,,
نوته-دايموند-الدببة-الثلاثة,نوته دايموند الدببة الثلاثة ,,نوته دايموند الدببة الثلاثة ,,اشكال,دايموند ,,,,,,Available,60,55,,https://assets.wuiltstore.com/cmknw0ltf08nl01gn3udv2qf8_1000197963.webp https://assets.wuiltstore.com/cmknw0mzb08nm01gnhyuiffks_1000197965.webp https://assets.wuiltstore.com/cmknw0pdw08no01gn1p22bz8w_1000197962.webp https://assets.wuiltstore.com/cmknw0o8508nn01gnhjs99qtm_1000197964.webp,https://assets.wuiltstore.com/cmknw0pdw08no01gn1p22bz8w_1000197962.webp,ACTIVE,,https://lolishop.wuiltstore.com/ar/product/all/نوته-دايموند-الدببة-الثلاثة,Global,2026-01-21T13:35:54.239Z,2026-01-21T16:17:45.041Z,,,,
نوته-دايموند-الدببة-الثلاثة,,,,,اشكال,الدببة الثلاثة ,,,,,,Available,60,55,,,https://assets.wuiltstore.com/cmknw0ltf08nl01gn3udv2qf8_1000197963.webp,,,https://lolishop.wuiltstore.com/ar/product/all/نوته-دايموند-الدببة-الثلاثة,,,,,,,
نوته-سلك-بقلم-كابيبرا,نوته سلك بقلم كابيبرا ,,نوته سلك بقلم كابيبرا ,,أشكال,مخدة ,,,,,,Available,65,55,,https://assets.wuiltstore.com/cmknvwvuj08n801gn2wuc66il_1000197953.webp https://assets.wuiltstore.com/cmknvwx3s08n901gn7v3p6ku7_1000197954.webp https://assets.wuiltstore.com/cmknvwygp08na01gnhent647e_1000197958.webp https://assets.wuiltstore.com/cmknvwztb08nb01gn4c0j5xbb_1000197957.webp https://assets.wuiltstore.com/cmknvx13s08nc01gn4gvs2920_1000197956.webp https://assets.wuiltstore.com/cmknvx2f808nd01gn08qycwjd_1000197955.webp https://assets.wuiltstore.com/cmknvx3qc08ne01gn8sn56gnz_1000197959.webp https://assets.wuiltstore.com/cmknvx66w08ng01gn071u20vn_1000197960.webp https://assets.wuiltstore.com/cmknvx4zw08nf01gn219n25zi_1000197961.webp,https://assets.wuiltstore.com/cmknvwztb08nb01gn4c0j5xbb_1000197957.webp,ACTIVE,,https://lolishop.wuiltstore.com/ar/product/all/نوته-سلك-بقلم-كابيبرا,Global,2026-01-21T13:33:00.669Z,2026-01-21T16:15:29.516Z,,,,
نوته-سلك-بقلم-كابيبرا,,,,,أشكال,لابتوب ,,,,,,Available,65,55,,,https://assets.wuiltstore.com/cmknvwvuj08n801gn2wuc66il_1000197953.webp,,,https://lolishop.wuiltstore.com/ar/product/all/نوته-سلك-بقلم-كابيبرا,,,,,,,
نوته-سلك-بقلم-كابيبرا,,,,,أشكال,موبيل ,,,,,,Available,65,55,,,https://assets.wuiltstore.com/cmknvx2f808nd01gn08qycwjd_1000197955.webp,,,https://lolishop.wuiltstore.com/ar/product/all/نوته-سلك-بقلم-كابيبرا,,,,,,,
نوته-سلك-قلاب-كبيرة,نوته سلك قلاب كبيرة ,,نوته سلك قلاب كبيرة ,,لون,ازرق ,,,,,,Available,60,55,,https://assets.wuiltstore.com/cmknvsx2h08mx01gn6gj9g4h8_1000197948.webp https://assets.wuiltstore.com/cmknvsydu08my01gn6g2nexv6_1000197945.webp https://assets.wuiltstore.com/cmknvszm508mz01gn7ms6clm9_1000197946.webp https://assets.wuiltstore.com/cmknvt0ww08n001gna2k5bjan_1000197943.webp https://assets.wuiltstore.com/cmknvt23e08n101gn99ev5z4m_1000197944.webp https://assets.wuiltstore.com/cmknvt3ba08n201gnbyvvgyby_1000197942.webp https://assets.wuiltstore.com/cmknvt61f08n401gn8x1r05i8_1000197947.webp https://assets.wuiltstore.com/cmknvt4mh08n301gn30gp5nlf_1000197941.webp,https://assets.wuiltstore.com/cmknvt0ww08n001gna2k5bjan_1000197943.webp,ACTIVE,,https://lolishop.wuiltstore.com/ar/product/all/نوته-سلك-قلاب-كبيرة,Global,2026-01-21T13:29:55.643Z,2026-01-21T16:12:18.311Z,,,,
نوته-سلك-قلاب-كبيرة,,,,,لون,موف,,,,,,Available,60,55,,,https://assets.wuiltstore.com/cmknvsydu08my01gn6g2nexv6_1000197945.webp,,,https://lolishop.wuiltstore.com/ar/product/all/نوته-سلك-قلاب-كبيرة,,,,,,,
نوته-شنطة-فواصل-يونيكورن,نوته شنطة فواصل يونيكورن ,,نوته شنطة فواصل يونيكورن ,,لون,بنك ,,,,,,Available,55,50,,https://assets.wuiltstore.com/cmknvnzy408ma01gnh4r6fu0f_1000197926.webp https://assets.wuiltstore.com/cmknvo17608mb01gn3wnb3tht_1000197929.webp https://assets.wuiltstore.com/cmknvo65408mf01gnghe21r4n_1000197931.webp https://assets.wuiltstore.com/cmknvo2i208mc01gnd5cs9gth_1000197928.webp https://assets.wuiltstore.com/cmknvo3pu08md01gn84ir0vja_1000197927.webp https://assets.wuiltstore.com/cmknvo4z908me01gn6lalfpvn_1000197930.webp https://assets.wuiltstore.com/cmknvo77g08mg01gn3tdef2vt_1000197932.webp https://assets.wuiltstore.com/cmknvo8bv08mh01gn57zu8p35_1000197933.webp https://assets.wuiltstore.com/cmknvo9gw08mi01gn8xr41mvs_1000197934.webp https://assets.wuiltstore.com/cmknvoasr08mj01gndx20dw5m_1000197935.webp,https://assets.wuiltstore.com/cmknvo2i208mc01gnd5cs9gth_1000197928.webp,ACTIVE,,https://lolishop.wuiltstore.com/ar/product/all/نوته-شنطة-فواصل-يونيكورن,Global,2026-01-21T13:26:05.998Z,2026-01-21T16:05:09.220Z,,,,
نوته-شنطة-فواصل-يونيكورن,,,,,لون,موف,,,,,,Available,55,50,,,https://assets.wuiltstore.com/cmknvo4z908me01gn6lalfpvn_1000197930.webp,,,https://lolishop.wuiltstore.com/ar/product/all/نوته-شنطة-فواصل-يونيكورن,,,,,,,
نوته-شنطة-فواصل-يونيكورن,,,,,لون,ازرق ,,,,,,Available,55,50,,,https://assets.wuiltstore.com/cmknvo17608mb01gn3wnb3tht_1000197929.webp,,,https://lolishop.wuiltstore.com/ar/product/all/نوته-شنطة-فواصل-يونيكورن,,,,,,,
نوته-فواصل-شنطة-باندا,نوته فواصل شنطة باندا ,,نوته فواصل شنطة باندا ,,لون,ازرق ,,,,,,Available,60,55,,https://assets.wuiltstore.com/cmknvelmp08l301gnftvj4fwn_1000197896.webp https://assets.wuiltstore.com/cmknvemt708l401gn1xtfa9uc_1000197899.webp https://assets.wuiltstore.com/cmknveo3y08l501gn16rh98u1_1000197898.webp https://assets.wuiltstore.com/cmknvepe108l601gn2yucapht_1000197901.webp https://assets.wuiltstore.com/cmknveqll08l701gncpmwbc3p_1000197897.webp https://assets.wuiltstore.com/cmknverx608l801gnbdf3cd42_1000197900.webp https://assets.wuiltstore.com/cmknvet4608l901gn3z8cgrgb_1000197902.webp https://assets.wuiltstore.com/cmknveu9l08la01gnc3m22vta_1000197905.webp https://assets.wuiltstore.com/cmknvevht08lb01gn37hz6nln_1000197904.webp https://assets.wuiltstore.com/cmknvewp508lc01gn9xphe4k0_1000197903.webp,https://assets.wuiltstore.com/cmknvevht08lb01gn37hz6nln_1000197904.webp,ACTIVE,,https://lolishop.wuiltstore.com/ar/product/all/نوته-فواصل-شنطة-باندا,Global,2026-01-21T13:18:47.422Z,2026-01-21T14:23:42.815Z,,,,
نوته-فواصل-شنطة-باندا,,,,,لون,اخضر ,,,,,,Available,60,55,,,https://assets.wuiltstore.com/cmknveo3y08l501gn16rh98u1_1000197898.webp,,,https://lolishop.wuiltstore.com/ar/product/all/نوته-فواصل-شنطة-باندا,,,,,,,
نوته-فواصل-شنطة-باندا,,,,,لون,بنك ,,,,,,Available,60,55,,,https://assets.wuiltstore.com/cmknvepe108l601gn2yucapht_1000197901.webp,,,https://lolishop.wuiltstore.com/ar/product/all/نوته-فواصل-شنطة-باندا,,,,,,,
نوته-فواصل-شنطة-باندا,,,,,لون,اصفر ,,,,,,Available,60,55,,,https://assets.wuiltstore.com/cmknvemt708l401gn1xtfa9uc_1000197899.webp,,,https://lolishop.wuiltstore.com/ar/product/all/نوته-فواصل-شنطة-باندا,,,,,,,
نوته-وسط-هارد-كفر-مغناطيس,نوته وسط هارد كفر مغناطيس ,,نوته وسط هارد كفر مغناطيس ,,لون,بنك ,,,,,,Available,85,80,,https://assets.wuiltstore.com/cmknuxn8b08k101gn06ascngk_1000197871.webp https://assets.wuiltstore.com/cmknuxome08k201gnb2tra66h_1000197880.webp https://assets.wuiltstore.com/cmknuxpwv08k301gnf5637y6c_1000197888.webp https://assets.wuiltstore.com/cmknuxr4z08k401gnbrtm7teo_1000197876.webp https://assets.wuiltstore.com/cmknuxtv508k601gn2q7p60iw_1000197872.webp https://assets.wuiltstore.com/cmknuxsgb08k501gng1wx5le9_1000197882.webp,https://assets.wuiltstore.com/cmknuxtv508k601gn2q7p60iw_1000197872.webp,ACTIVE,,https://lolishop.wuiltstore.com/ar/product/all/نوته-وسط-هارد-كفر-مغناطيس,Global,2026-01-21T13:05:36.541Z,2026-01-21T14:21:47.776Z,,,,
نوته-وسط-هارد-كفر-مغناطيس,,,,,لون,أبيض ,,,,,,Available,85,80,,,https://assets.wuiltstore.com/cmknuxr4z08k401gnbrtm7teo_1000197876.webp,,,https://lolishop.wuiltstore.com/ar/product/all/نوته-وسط-هارد-كفر-مغناطيس,,,,,,,
نوته-وسط-هارد-كفر-مغناطيس,,,,,لون,احمر ,,,,,,Available,85,80,,,https://assets.wuiltstore.com/cmknuxpwv08k301gnf5637y6c_1000197888.webp,,,https://lolishop.wuiltstore.com/ar/product/all/نوته-وسط-هارد-كفر-مغناطيس,,,,,,,
⁨‫هايلايتر-جليتر-‫4-ألوان⁩,هايلايتر جليتر 4 ألوان ,,هايلايتر جليتر 4 ألوان ,,لون,برتقالي ,,,,,,Available,95,85,,https://assets.wuiltstore.com/cmknrauvu08ca01gn0tevhuww_1000197792.webp https://assets.wuiltstore.com/cmknratoq08c901gng8byaytp_1000197793.webp https://assets.wuiltstore.com/cmknravze08cb01gn5vdx692l_1000197790.webp https://assets.wuiltstore.com/cmknray2c08cd01gnben80wz2_1000197787.webp https://assets.wuiltstore.com/cmknrawzw08cc01gn224435or_1000197791.webp,,ACTIVE,,https://lolishop.wuiltstore.com/ar/product/all/⁨‫هايلايتر-جليتر-‫4-ألوان⁩,Global,2026-01-21T11:23:52.931Z,2026-01-21T14:13:47.077Z,,,,
⁨‫هايلايتر-جليتر-‫4-ألوان⁩,,,,,لون,موف,,,,,,Available,95,85,,,,,,https://lolishop.wuiltstore.com/ar/product/all/⁨‫هايلايتر-جليتر-‫4-ألوان⁩,,,,,,,
⁨‫هايلايتر-جليتر-‫4-ألوان⁩,,,,,لون,اخضر ,,,,,,Available,95,85,,,,,,https://lolishop.wuiltstore.com/ar/product/all/⁨‫هايلايتر-جليتر-‫4-ألوان⁩,,,,,,,
⁨‫هايلايتر-جليتر-‫4-ألوان⁩,,,,,لون,أزرق ,,,,,,Available,95,85,,,,,,https://lolishop.wuiltstore.com/ar/product/all/⁨‫هايلايتر-جليتر-‫4-ألوان⁩,,,,,,,
نوته-جهاز-عروسة,نوته جهاز عروسة ,,نوته جهاز عروسة ,,,,,,,,,Available,60,55,,https://assets.wuiltstore.com/cmknw3vmo08nx01gncqv84y3r_1000197967.webp https://assets.wuiltstore.com/cmknw3wyj08ny01gncdtefgr8_1000197968.webp https://assets.wuiltstore.com/cmknw3y8w08nz01gndc2t96px_1000197969.webp https://assets.wuiltstore.com/cmknw3zkg08o001gn2uw09mco_1000197972.webp https://assets.wuiltstore.com/cmknw40uv08o101gn643w37dt_1000197975.webp https://assets.wuiltstore.com/cmknw427g08o201gncfxj8pxo_1000197970.webp https://assets.wuiltstore.com/cmknw43i108o301gn2wc5c1xb_1000197971.webp https://assets.wuiltstore.com/cmknw44rk08o401gnhhyr376v_1000197974.webp https://assets.wuiltstore.com/cmknw465408o501gna3iwbt74_1000197973.webp,,ACTIVE,دفاتر ونوت بوك,https://lolishop.wuiltstore.com/ar/product/all/نوته-جهاز-عروسة,Global,2026-01-21T13:38:26.930Z,2026-01-21T13:38:27.015Z,,,,
نوته-سلك-كفر-شفاف-بلاستيك,نوته سلك كفر شفاف بلاستيك ,,نوته سلك كفر شفاف بلاستيك ,,,,,,,,,Available,60,50,,https://assets.wuiltstore.com/cmknvpyyw08mm01gn64wl5omy_1000197936.webp https://assets.wuiltstore.com/cmknvq00u08mn01gn74te7uo7_1000197937.webp https://assets.wuiltstore.com/cmknvq15j08mo01gn5g907t2h_1000197938.webp https://assets.wuiltstore.com/cmknvq3mj08mq01gn6axz70hz_1000197939.webp https://assets.wuiltstore.com/cmknvq2bp08mp01gn4hbg58xh_1000197940.webp,,ACTIVE,دفاتر ونوت بوك,https://lolishop.wuiltstore.com/ar/product/all/نوته-سلك-كفر-شفاف-بلاستيك,Global,2026-01-21T13:27:38.253Z,2026-01-21T13:27:38.310Z,,,,
أقلام-كرومي-فرداني,أقلام كرومي فرداني,,أقلام كرومي فرداني,,,,,,,,,Available,20,15,,https://assets.wuiltstore.com/cmkn6th5t07n901gnd7054gb0_IMG_20260104_150301_014_7465.webp https://assets.wuiltstore.com/cmkn6ti8007na01gnbiz4h9fa_IMG_20260104_150301_561_1705.webp https://assets.wuiltstore.com/cmkn6tjb607nb01gn0f64cct7_IMG_20260104_150301_173_1212.webp https://assets.wuiltstore.com/cmkn6tkg007nc01gn41ic42od_IMG_20260104_150301_658_6155.webp https://assets.wuiltstore.com/cmkn6tmmy07ne01gn8m5s9b1e_IMG_20260104_150300_915_9800.webp https://assets.wuiltstore.com/cmkn6tlje07nd01gn8bisccur_IMG_20260104_150301_553_6088.webp,,ACTIVE,أقلام ,https://lolishop.wuiltstore.com/ar/product/all/أقلام-كرومي-فرداني,Global,2026-01-21T01:50:31.269Z,2026-01-21T01:50:31.313Z,,,,
أقلام-يونيكورن-فرداني,أقلام يونيكورن فرداني,,أقلام يونيكورن فرداني,,,,,,,,,Available,20,15,,https://assets.wuiltstore.com/cmkn6q53007mu01gn3ofge3yb_IMG_20260104_150121_754_4663.webp https://assets.wuiltstore.com/cmkn6q62i07mv01gn0p5x7tjv_IMG_20260104_150125_527_7701.webp https://assets.wuiltstore.com/cmkn6q71207mw01gn26od2rmm_IMG_20260104_150122_339_7642.webp https://assets.wuiltstore.com/cmkn6q7yj07mx01gnbobl2f7s_IMG_20260104_150122_261_2213.webp https://assets.wuiltstore.com/cmkn6q9up07mz01gna5fpg1a4_IMG_20260104_150122_050_4182.webp https://assets.wuiltstore.com/cmkn6q8wp07my01gnh55shk68_IMG_20260104_150125_566_3411.webp,,ACTIVE,أقلام ,https://lolishop.wuiltstore.com/ar/product/all/أقلام-يونيكورن-فرداني,Global,2026-01-21T01:47:55.748Z,2026-01-21T01:47:55.810Z,,,,
⁨‫آله-حاسبة⁩,آله حاسبة 🌱,,آله حاسبة 🌱,,,,,,,,,Available,130,115,,https://assets.wuiltstore.com/cmkn0sdia077y01gn4a8o4cra_IMG20251230223534_4725.webp https://assets.wuiltstore.com/cmkn0sey5077z01gn04hlh6wb_IMG20251230223410_8029.webp https://assets.wuiltstore.com/cmkn0shbb078101gn6ohmbcxv_IMG20251230223442_2139.webp https://assets.wuiltstore.com/cmkn0sg6d078001gnau2q2w2o_IMG20251230223540_7919.webp,,ACTIVE,منتجات أخري,https://lolishop.wuiltstore.com/ar/product/all/⁨‫آله-حاسبة⁩,Global,2026-01-20T23:01:42.191Z,2026-01-20T23:01:42.256Z,,,,
أقلام-جيل-شي-ان,أقلام جيل شي ان,,أقلام جيل شي ان,,,,,,,,,Available,20,15,,https://assets.wuiltstore.com/cmkn0dnfx076r01gndksbflxp_IMG_20260104_145639_132_9159.webp https://assets.wuiltstore.com/cmkn0dodq076s01gn9k2afh8z_IMG_20260104_145638_507_4767.webp https://assets.wuiltstore.com/cmkn0dpep076t01gn6finf8t6_IMG_20260104_145638_686_3199.webp https://assets.wuiltstore.com/cmkn0dqc8076u01gnh3ktfewx_IMG_20260104_145639_035_2208.webp https://assets.wuiltstore.com/cmkn0draa076v01gnfqplg1fj_IMG_20260104_145638_566_3104.webp https://assets.wuiltstore.com/cmkn0dt8p076x01gncc0b5mew_IMG_20260104_145639_196_2748.webp https://assets.wuiltstore.com/cmkn0ds98076w01gnhan27krp_IMG_20260104_145639_126_2790.webp,,ACTIVE,أقلام ,https://lolishop.wuiltstore.com/ar/product/all/أقلام-جيل-شي-ان,Global,2026-01-20T22:50:15.318Z,2026-01-20T22:50:15.363Z,,,,
أقلام-باندا-فرداني,أقلام باندا فرداني,,أقلام باندا فرداني,,,,,,,,,Available,20,15,,https://assets.wuiltstore.com/cmkmylp24071701gn6zo2a34d_IMG_20260104_150720_556_1250.webp https://assets.wuiltstore.com/cmkmylq24071801gn2q7sc7gg_IMG_20260104_150712_117_7947.webp https://assets.wuiltstore.com/cmkmylr1n071901gndr5d5tll_IMG_20260104_150711_951_5080.webp https://assets.wuiltstore.com/cmkmyls1c071a01gn7mhh8flx_IMG_20260104_150711_995_7127.webp https://assets.wuiltstore.com/cmkmylt10071b01gnhnn5hbn3_IMG_20260104_150712_562_7176.webp https://assets.wuiltstore.com/cmkmylu09071c01gnaeie8fih_IMG_20260104_150720_774_7016.webp https://assets.wuiltstore.com/cmkmylv38071d01gnd1kccw1e_IMG_20260104_150720_387_4429.webp https://assets.wuiltstore.com/cmkmylx6p071f01gnhc05dzis_IMG_20260104_150720_264_2132.webp https://assets.wuiltstore.com/cmkmylw5p071e01gnag0e9h1h_IMG_20260104_150720_288_7226.webp,,ACTIVE,أقلام ,https://lolishop.wuiltstore.com/ar/product/all/أقلام-باندا-فرداني,Global,2026-01-20T22:00:30.919Z,2026-01-20T22:00:30.971Z,,,,
أستيكة-رائد-فضاء,أستيكة رائد فضاء,,أستيكة رائد فضاء,,,,,,,,,Available,15,10,,https://assets.wuiltstore.com/cmkmxyakq06y401gn3yu59en3_IMG20260111094659_5321.webp https://assets.wuiltstore.com/cmkmxy54906xz01gndbom7ows_IMG20260111094538_9223.webp https://assets.wuiltstore.com/cmkmxy66g06y001gnbvqxbu3t_IMG20260111094600_3477.webp https://assets.wuiltstore.com/cmkmxy78o06y101gn68od447m_IMG20260111094603_1047.webp https://assets.wuiltstore.com/cmkmxy8g806y201gncu4ygzcj_IMG20260111094618_6249.webp https://assets.wuiltstore.com/cmkmxy9jv06y301gn0ybpdu2d_IMG20260111094623_5052.webp https://assets.wuiltstore.com/cmkmxyci106y601gn7s0x93yz_IMG20260111094714_7757.webp https://assets.wuiltstore.com/cmkmxybi806y501gngdehhitk_IMG20260111094706_5972.webp,,ACTIVE,أستيكة وبراية ,https://lolishop.wuiltstore.com/ar/product/all/أستيكة-رائد-فضاء,Global,2026-01-20T21:42:12.525Z,2026-01-20T21:42:32.503Z,,,,
أستيكة-استيتش,أستيكة استيتش,,أستيكة استيتش,,استيتش,لبني,,,,,,Available,15,10,,https://assets.wuiltstore.com/cmkmxuptc06xq01gn5h69ewgk_IMG20260111094343_4750.webp https://assets.wuiltstore.com/cmkmxuqwn06xr01gnchwo5ovc_IMG20260111094127_3234.webp https://assets.wuiltstore.com/cmkmxuryf06xs01gnbfn9ec01_IMG20260111094143_3168.webp https://assets.wuiltstore.com/cmkmxut1u06xt01gnb67o9oku_IMG20260111094155_7383.webp https://assets.wuiltstore.com/cmkmxuv9v06xv01gn24485caj_IMG20260111094356_9362.webp https://assets.wuiltstore.com/cmkmxuu3q06xu01gn9dxk6aew_IMG20260111094417_3809.webp,,ACTIVE,أستيكة وبراية ,https://lolishop.wuiltstore.com/ar/product/all/أستيكة-استيتش,Global,2026-01-20T21:39:32.673Z,2026-01-20T21:39:32.730Z,,,,
أستيكة-استيتش,,,,,استيتش,ازرق,,,,,,Available,15,10,,,,,,https://lolishop.wuiltstore.com/ar/product/all/أستيكة-استيتش,,,,,,,
أستيكة-استيتش,,,,,استيتش,بينك,,,,,,Available,15,10,,,,,,https://lolishop.wuiltstore.com/ar/product/all/أستيكة-استيتش,,,,,,,
أستيكة-كرومي,أستيكة كرومي,,أستيكة كرومي,,أستيكة,اسود ,,,,,,Available,15,10,,https://assets.wuiltstore.com/cmkmxsqxe06xg01gn05h5gg0z_IMG20260111094334_3889.webp https://assets.wuiltstore.com/cmkmxsryr06xh01gn09eq5why_IMG20260111094307_2621.webp https://assets.wuiltstore.com/cmkmxsu3o06xj01gn7t7rb1f1_IMG20260111094247_6751.webp https://assets.wuiltstore.com/cmkmxst0r06xi01gndo8pcdc2_IMG20260111094322_8041.webp,,ACTIVE,أستيكة وبراية ,https://lolishop.wuiltstore.com/ar/product/all/أستيكة-كرومي,Global,2026-01-20T21:38:00.702Z,2026-01-20T21:38:00.763Z,,,,
أستيكة-كرومي,,,,,أستيكة,موف,,,,,,Available,15,10,,,,,,https://lolishop.wuiltstore.com/ar/product/all/أستيكة-كرومي,,,,,,,
⁨‫براية-‫2-فتحة-استيتش⁩,براية 2 فتحة استيتش,,براية 2 فتحة استيتش,,استيتش,أزرق,,,,,,Available,25,20,,https://assets.wuiltstore.com/cmkltd9f904rm01gnbtrjdky0_IMG_20260119_222040_666.webp https://assets.wuiltstore.com/cmkltdaca04rn01gn220kdzjn_IMG_20260119_222040_279.webp https://assets.wuiltstore.com/cmkltdbaf04ro01gnaeioauga_IMG_20260119_222040_028.webp https://assets.wuiltstore.com/cmkltdc7w04rp01gnfgti8rxd_IMG_20260119_222040_454.webp https://assets.wuiltstore.com/cmkltdd8804rq01gn8bpb18d4_IMG_20260119_222040_371.webp https://assets.wuiltstore.com/cmkltdf8a04rs01gn2oz95rgy_IMG_20260119_222039_894.webp https://assets.wuiltstore.com/cmkltde8404rr01gn9zpb93y2_IMG_20260119_222040_018.webp,,ACTIVE,أستيكة وبراية ,https://lolishop.wuiltstore.com/ar/product/all/⁨‫براية-‫2-فتحة-استيتش⁩,Global,2026-01-20T02:46:13.638Z,2026-01-20T02:46:13.722Z,,,,
⁨‫براية-‫2-فتحة-استيتش⁩,,,,,استيتش,لبني,,,,,,Available,25,20,,,,,,https://lolishop.wuiltstore.com/ar/product/all/⁨‫براية-‫2-فتحة-استيتش⁩,,,,,,,
⁨‫براية-‫2-فتحة-استيتش⁩,,,,,استيتش,بينك,,,,,,Available,25,20,,,,,,https://lolishop.wuiltstore.com/ar/product/all/⁨‫براية-‫2-فتحة-استيتش⁩,,,,,,,
⁨‫أستيكة-‫m-‫g-‫2-‫1⁩,أستيكة M.G 2*1,,أستيكة M.G 2*1,,استيكة رول,لبني,,,,,,Available,50,45,,https://assets.wuiltstore.com/cmkllwhxp04az01gn0ng63v3d_IMG_20260119_221526_228.webp https://assets.wuiltstore.com/cmkllwivs04b001gn98jcblz8_IMG_20260119_221527_136.webp https://assets.wuiltstore.com/cmkllwjrx04b101gna72u6mhk_IMG_20260119_221526_529.webp https://assets.wuiltstore.com/cmkllwkm204b201gn9nvw8kbu_IMG_20260119_221527_163.webp https://assets.wuiltstore.com/cmkllwmjw04b401gncojraizk_IMG_20260119_221526_971.webp https://assets.wuiltstore.com/cmkllwljn04b301gn7da23dbw_IMG_20260119_221526_847.webp,,ACTIVE,أستيكة وبراية ,https://lolishop.wuiltstore.com/ar/product/all/⁨‫أستيكة-‫m-‫g-‫2-‫1⁩,Global,2026-01-19T23:17:14.197Z,2026-01-19T23:17:14.257Z,,,,
⁨‫أستيكة-‫m-‫g-‫2-‫1⁩,,,,,استيكة رول,ببنك,,,,,,Available,50,45,,,,,,https://lolishop.wuiltstore.com/ar/product/all/⁨‫أستيكة-‫m-‫g-‫2-‫1⁩,,,,,,,
براية-بوبي,براية بوبي,,براية بوبي,,بوبي,أصفر,,,,,,Available,20,15,,https://assets.wuiltstore.com/cmkllredp04ab01gng0ix2lnc_IMG_20260119_201417_037.webp https://assets.wuiltstore.com/cmkllrfc504ac01gnfwgy9d4v_IMG_20260119_201417_451.webp https://assets.wuiltstore.com/cmkllrg9k04ad01gnamne5zz3_IMG_20260119_201417_249.webp https://assets.wuiltstore.com/cmkllrh7k04ae01gn933r679m_IMG_20260119_201417_341.webp https://assets.wuiltstore.com/cmkllri5j04af01gn6vo2ei8u_IMG_20260119_201416_966.webp,,ACTIVE,أستيكة وبراية ,https://lolishop.wuiltstore.com/ar/product/all/براية-بوبي,Global,2026-01-19T23:13:16.326Z,2026-01-19T23:13:16.382Z,,,,
براية-بوبي,,,,,بوبي,أخضر,,,,,,Available,20,15,,,,,,https://lolishop.wuiltstore.com/ar/product/all/براية-بوبي,,,,,,,
براية-كرومي,براية كرومي,,براية كرومي,,كرومي,موف,,,,,,Available,20,15,,https://assets.wuiltstore.com/cmklloh1y049y01gn23du7p8a_IMG_20260119_201516_971.webp https://assets.wuiltstore.com/cmklloi1d049z01gnfyci7wla_IMG_20260119_201516_430.webp https://assets.wuiltstore.com/cmklloiyk04a001gndc5masy3_IMG_20260119_201516_866.webp https://assets.wuiltstore.com/cmkllojwp04a101gneq8ig0ou_IMG_20260119_201516_782.webp https://assets.wuiltstore.com/cmkllokuc04a201gnaatqetwp_IMG_20260119_201516_969.webp https://assets.wuiltstore.com/cmklloluw04a301gn9ts2grai_IMG_20260119_201517_250.webp https://assets.wuiltstore.com/cmkllomrz04a401gn4modfaqn_IMG_20260119_201516_534.webp https://assets.wuiltstore.com/cmklloosd04a601gn88oh1922_IMG_20260119_201517_327.webp https://assets.wuiltstore.com/cmkllontk04a501gn2boz3ulu_IMG_20260119_201516_912.webp,,ACTIVE,أستيكة وبراية ,https://lolishop.wuiltstore.com/ar/product/all/براية-كرومي,Global,2026-01-19T23:10:59.841Z,2026-01-19T23:10:59.892Z,,,,
براية-كرومي,,,,,كرومي,اسود,,,,,,Available,20,15,,,,,,https://lolishop.wuiltstore.com/ar/product/all/براية-كرومي,,,,,,,
براية-كرومي,,,,,كرومي,بينك,,,,,,Available,20,15,,,,,,https://lolishop.wuiltstore.com/ar/product/all/براية-كرومي,,,,,,,
براية-بوكيمون,براية بوكيمون,,براية بوكيمون,,,,,,,,,Available,20,15,,https://assets.wuiltstore.com/cmklkq653045n01gnfcmycoo0_IMG_20260119_201532_694.webp https://assets.wuiltstore.com/cmklkq56w045m01gnbinv3smt_IMG_20260119_201531_990.webp,,ACTIVE,أستيكة وبراية ,https://lolishop.wuiltstore.com/ar/product/all/براية-بوكيمون,Global,2026-01-19T22:44:18.125Z,2026-01-19T22:44:18.202Z,,,,
براية-رائد-فضاء,براية رائد فضاء,,براية رائد فضاء,,فضائي,لبني,,,,,,Available,20,15,,https://assets.wuiltstore.com/cmklkgwbz044r01gn3k19fb30_IMG_20260119_201532_215.webp https://assets.wuiltstore.com/cmklkgx9l044s01gnd2ls13mr_IMG_20260119_201416_998.webp https://assets.wuiltstore.com/cmklkgy7m044t01gn1nu93ynf_IMG_20260119_201417_106.webp https://assets.wuiltstore.com/cmklkgz5e044u01gn4h1k0v6t_IMG_20260119_201416_958.webp https://assets.wuiltstore.com/cmklkh02p044v01gn0m3u1u6t_IMG_20260119_201417_575.webp https://assets.wuiltstore.com/cmklkh1wn044x01gnbioneziv_IMG_20260119_201416_766.webp https://assets.wuiltstore.com/cmklkh0yu044w01gn5nrrcbvc_IMG_20260119_201413_099.webp,,ACTIVE,أستيكة وبراية ,https://lolishop.wuiltstore.com/ar/product/all/براية-رائد-فضاء,Global,2026-01-19T22:37:06.772Z,2026-01-19T22:37:06.845Z,,,,
براية-رائد-فضاء,,,,,فضائي,أخضر,,,,,,Available,20,15,,,,,,https://lolishop.wuiltstore.com/ar/product/all/براية-رائد-فضاء,,,,,,,
براية-رائد-فضاء,,,,,فضائي,أبيض,,,,,,Available,20,15,,,,,,https://lolishop.wuiltstore.com/ar/product/all/براية-رائد-فضاء,,,,,,,
براية-رائد-فضاء,,,,,فضائي,بينك,,,,,,Available,20,15,,,,,,https://lolishop.wuiltstore.com/ar/product/all/براية-رائد-فضاء,,,,,,,
براية-أرنوب,براية أرنوب ,,براية أرنوب ,,براية ارنوب,بينك,,,,,,Available,20,15,,https://assets.wuiltstore.com/cmklkb5lb044e01gndljrbfa2_IMG_20260119_201532_598.webp https://assets.wuiltstore.com/cmklkb6im044f01gn8e5o5brz_IMG_20260119_201532_743.webp https://assets.wuiltstore.com/cmklkb7i7044g01gn08y27uxf_IMG_20260119_201532_576.webp https://assets.wuiltstore.com/cmklkb8fm044h01gn9tl1axky_IMG_20260119_201532_016.webp https://assets.wuiltstore.com/cmklkb9ct044i01gnaz0janq9_IMG_20260119_201532_754.webp https://assets.wuiltstore.com/cmklkbab2044j01gn7t4o3c6u_IMG_20260119_201532_589.webp https://assets.wuiltstore.com/cmklkbb8r044k01gn71vxdl79_IMG_20260119_201532_279.webp,,ACTIVE,أستيكة وبراية ,https://lolishop.wuiltstore.com/ar/product/all/براية-أرنوب,Global,2026-01-19T22:32:38.787Z,2026-01-19T22:32:38.861Z,,,,
براية-أرنوب,,,,,براية ارنوب,اخضر,,,,,,Available,20,15,,,,,,https://lolishop.wuiltstore.com/ar/product/all/براية-أرنوب,,,,,,,
براية-أرنوب,,,,,براية ارنوب,لبني,,,,,,Available,20,15,,,,,,https://lolishop.wuiltstore.com/ar/product/all/براية-أرنوب,,,,,,,
براية-أرنوب,,,,,براية ارنوب,أبيض,,,,,,Available,20,15,,,,,,https://lolishop.wuiltstore.com/ar/product/all/براية-أرنوب,,,,,,,
مقلمة-مخططة, مقلمة مخططة,, مقلمة مخططة,,مقلمة شفافة,ازرق,,,,,,Available,28,23,,https://assets.wuiltstore.com/cmklhh5ln03um01gn9g15hux1_IMG_20260119_200417_489.webp https://assets.wuiltstore.com/cmklhh6xd03un01gnbhqd5nyg_IMG_20260119_200417_226.webp https://assets.wuiltstore.com/cmklhh86k03uo01gn7psvfyx9_IMG_20260119_200417_663.webp https://assets.wuiltstore.com/cmklhhal203uq01gnh94l8ad1_IMG_20260119_200416_694.webp https://assets.wuiltstore.com/cmklhh9du03up01gn7lz96f04_IMG_20260119_200416_756.webp,,ACTIVE,مقالم مدرسية,https://lolishop.wuiltstore.com/ar/product/all/مقلمة-مخططة,Global,2026-01-19T21:13:19.796Z,2026-01-19T21:13:19.872Z,,,,
مقلمة-مخططة,,,,,مقلمة شفافة,أحمر,,,,,,Available,28,23,,,,,,https://lolishop.wuiltstore.com/ar/product/all/مقلمة-مخططة,,,,,,,
مقلمة-مخططة,,,,,مقلمة شفافة,أورنج,,,,,,Available,28,23,,,,,,https://lolishop.wuiltstore.com/ar/product/all/مقلمة-مخططة,,,,,,,
مقلمة-مخططة,,,,,مقلمة شفافة,اصفر,,,,,,Available,28,23,,,,,,https://lolishop.wuiltstore.com/ar/product/all/مقلمة-مخططة,,,,,,,
مقلمة-مخططة,,,,,مقلمة شفافة,موف,,,,,,Available,28,23,,,,,,https://lolishop.wuiltstore.com/ar/product/all/مقلمة-مخططة,,,,,,,
مقلمة-سادة,مقلمة سادة,,مقلمة سادة,,مقلمة,ازرق,,,,,,Available,28,23,,https://assets.wuiltstore.com/cmklhdi0703tz01gna5ijfsxk_IMG_20260119_200420_614.webp https://assets.wuiltstore.com/cmklhdj4b03u001gn84scgeny_IMG_20260119_200420_969.webp https://assets.wuiltstore.com/cmklhdk9v03u101gnd07l8hgw_IMG_20260119_200417_263.webp https://assets.wuiltstore.com/cmklhdldb03u201gn0psp6pnz_IMG_20260119_200417_562.webp https://assets.wuiltstore.com/cmklhdmjy03u301gn8mrt4pnv_IMG_20260119_200416_899.webp https://assets.wuiltstore.com/cmklhdnps03u401gnen3k5pml_IMG_20260119_200417_172.webp https://assets.wuiltstore.com/cmklhdoql03u501gn1dvchiot_IMG_20260119_200416_784.webp,,ACTIVE,مقالم مدرسية,https://lolishop.wuiltstore.com/ar/product/all/مقلمة-سادة,Global,2026-01-19T21:10:29.240Z,2026-01-19T21:10:29.316Z,,,,
مقلمة-سادة,,,,,مقلمة,أورنج,,,,,,Available,28,23,,,,,,https://lolishop.wuiltstore.com/ar/product/all/مقلمة-سادة,,,,,,,
مقلمة-سادة,,,,,مقلمة,اصفر,,,,,,Available,28,23,,,,,,https://lolishop.wuiltstore.com/ar/product/all/مقلمة-سادة,,,,,,,
مقلمة-سادة,,,,,مقلمة,أحمر,,,,,,Available,28,23,,,,,,https://lolishop.wuiltstore.com/ar/product/all/مقلمة-سادة,,,,,,,
مقلمة-سادة,,,,,مقلمة,اخضر,,,,,,Available,28,23,,,,,,https://lolishop.wuiltstore.com/ar/product/all/مقلمة-سادة,,,,,,,
مقلمة-سادة,,,,,مقلمة,أبيض,,,,,,Available,28,23,,,,,,https://lolishop.wuiltstore.com/ar/product/all/مقلمة-سادة,,,,,,,
أستيكة-باندا,أستيكة باندا ,,أستيكة باندا ,,,,,,,,,Available,25,20,,https://assets.wuiltstore.com/cmklguvr203rx01gnbc2p7o4l_IMG_20260119_194511_895.webp https://assets.wuiltstore.com/cmklguuqc03rw01gn39yd1suv_IMG_20260119_194511_758.webp,,ACTIVE,أستيكة وبراية ,https://lolishop.wuiltstore.com/ar/product/all/أستيكة-باندا,Global,2026-01-19T20:55:59.418Z,2026-01-19T20:55:59.480Z,,,,
أستيكة-جزرة-بكفر,أستيكة جزرة بكفر,,أستيكة جزرة بكفر,,أستيكة,لبني,,,,,,Available,25,20,,https://assets.wuiltstore.com/cmklgt4gf03rp01gn5gozesbu_IMG_20260119_194511_614.webp https://assets.wuiltstore.com/cmklgt5di03rq01gna9bo90lw_IMG_20260119_194511_347.webp https://assets.wuiltstore.com/cmklgt6ai03rr01gn8lcialig_IMG_20260119_194511_907.webp https://assets.wuiltstore.com/cmklgt78b03rs01gngzc0ciue_IMG_20260119_194511_827.webp https://assets.wuiltstore.com/cmklgt85x03rt01gn3ia0hvv5_IMG_20260119_194512_071.webp https://assets.wuiltstore.com/cmklgta0u03rv01gna9vy253h_IMG_20260119_194511_464.webp https://assets.wuiltstore.com/cmklgt93203ru01gn4ymr5bal_IMG_20260119_194511_833.webp,,ACTIVE,أستيكة وبراية ,https://lolishop.wuiltstore.com/ar/product/all/أستيكة-جزرة-بكفر,Global,2026-01-19T20:54:32.227Z,2026-01-19T20:54:32.273Z,,,,
أستيكة-جزرة-بكفر,,,,,أستيكة,أورنج,,,,,,Available,25,20,,,,,,https://lolishop.wuiltstore.com/ar/product/all/أستيكة-جزرة-بكفر,,,,,,,
أستيكة-جزرة-بكفر,,,,,أستيكة,بينك,,,,,,Available,25,20,,,,,,https://lolishop.wuiltstore.com/ar/product/all/أستيكة-جزرة-بكفر,,,,,,,
أستيكة-جزرة-بكفر,,,,,أستيكة,أصفر,,,,,,Available,25,20,,,,,,https://lolishop.wuiltstore.com/ar/product/all/أستيكة-جزرة-بكفر,,,,,,,
أستيكة-أيس-كريم,أستيكة أيس كريم ,,أستيكة أيس كريم ,,,,,,,,,Available,15,13,,https://assets.wuiltstore.com/cmklgneuh03qq01gn2c1x7fw6_IMG_20260119_194515_290.webp https://assets.wuiltstore.com/cmklgnfo003qr01gn7u5wa9qw_IMG_20260119_194515_442.webp https://assets.wuiltstore.com/cmklgnhbz03qt01gn6a8g7hxc_IMG_20260119_194514_975.webp https://assets.wuiltstore.com/cmklgngit03qs01gn2afs98ft_IMG_20260119_194515_501.webp,,ACTIVE,أستيكة وبراية ,https://lolishop.wuiltstore.com/ar/product/all/أستيكة-أيس-كريم,Global,2026-01-19T20:50:12.285Z,2026-01-19T20:50:12.338Z,,,,
أستيكة-أفوكادو,أستيكة أفوكادو,,أستيكة أفوكادو,,,,,,,,,Available,12,10,,https://assets.wuiltstore.com/cmklgl8qv03qd01gnhsed09ym_IMG_20260119_194514_618.webp https://assets.wuiltstore.com/cmklgl7u703qc01gn41fb48jj_IMG_20260119_194515_208.webp,,ACTIVE,أستيكة وبراية ,https://lolishop.wuiltstore.com/ar/product/all/أستيكة-أفوكادو,Global,2026-01-19T20:48:29.819Z,2026-01-19T20:48:29.892Z,,,,
⁨‫أستيكة-ايموشن-‫4-‫1⁩,أستيكة ايموشن 4 * 1,,أستيكة ايموشن 4 * 1,,,,,,,,,Available,12,10,,https://assets.wuiltstore.com/cmklgjf3f03q301gn95zufdqp_IMG_20260119_194515_496.webp https://assets.wuiltstore.com/cmklgjh2c03q501gn8355ggc5_IMG_20260119_194515_419.webp https://assets.wuiltstore.com/cmklgjg0n03q401gn6aoqd589_IMG_20260119_194515_331.webp,,ACTIVE,أستيكة وبراية ,https://lolishop.wuiltstore.com/ar/product/all/⁨‫أستيكة-ايموشن-‫4-‫1⁩,Global,2026-01-19T20:47:05.947Z,2026-01-19T20:47:05.992Z,,,,
⁨‫براية-أوريو-‫3-أشكال⁩,براية أوريو 3 أشكال,,براية أوريو 3 أشكال,,براية اوريو,مثلث,,,,,,Available,20,15,,https://assets.wuiltstore.com/cmklg9gsp03oj01gn6wu9hn0k_IMG20260114161145.webp https://assets.wuiltstore.com/cmklg9il003ok01gngn1zeg8k_IMG20260114161155.webp https://assets.wuiltstore.com/cmklg9k7803ol01gnf3higth8_IMG20260114161142.webp https://assets.wuiltstore.com/cmklg9lqa03om01gn17wm4atd_IMG20260114161132.webp https://assets.wuiltstore.com/cmklg9n8v03on01gnf212chc6_IMG20260114161123.webp https://assets.wuiltstore.com/cmklg9oys03oo01gnabtdc7mx_IMG20260114160839.webp https://assets.wuiltstore.com/cmklg9qmu03op01gn2k3mchus_IMG20260114160758.webp https://assets.wuiltstore.com/cmklg9ses03oq01gn9bst84jb_IMG20260114160751.webp https://assets.wuiltstore.com/cmklg9tz103or01gn3b0a4p4e_IMG20260114160734.webp https://assets.wuiltstore.com/cmklg9vky03os01gngb3d7z6x_IMG20260114160717.webp https://assets.wuiltstore.com/cmklg9x5r03ot01gn0f6a90fg_IMG20260114160703.webp https://assets.wuiltstore.com/cmklg9yq003ou01gn01605a69_IMG20260114160652.webp,,ACTIVE,أستيكة وبراية ,https://lolishop.wuiltstore.com/ar/product/all/⁨‫براية-أوريو-‫3-أشكال⁩,Global,2026-01-19T20:39:21.357Z,2026-01-19T20:39:21.439Z,,,,
⁨‫براية-أوريو-‫3-أشكال⁩,,,,,براية اوريو,مستطيل,,,,,,Available,20,15,,,,,,https://lolishop.wuiltstore.com/ar/product/all/⁨‫براية-أوريو-‫3-أشكال⁩,,,,,,,
⁨‫براية-أوريو-‫3-أشكال⁩,,,,,براية اوريو,مدورة ,,,,,,Available,20,15,,,,,,https://lolishop.wuiltstore.com/ar/product/all/⁨‫براية-أوريو-‫3-أشكال⁩,,,,,,,
أسورة-أطفال-استيتش,أسورة أطفال استيتش ,,أسورة أطفال استيتش ,,,,,,,,,6,35,30,,https://assets.wuiltstore.com/cmklaminw038k01gn6t4rag88_IMG20260114161413.webp https://assets.wuiltstore.com/cmklamkew038l01gnejmi0kuo_IMG20260114161916.webp https://assets.wuiltstore.com/cmklamm0o038m01gnbiphempg_IMG20260114162208.webp https://assets.wuiltstore.com/cmklamno8038n01gn3ezc7mht_IMG20260114162321.webp https://assets.wuiltstore.com/cmklampcc038o01gn7j9lehqi_IMG20260114162316.webp https://assets.wuiltstore.com/cmklamrac038p01gn8ytx13u6_IMG20260114162312.webp https://assets.wuiltstore.com/cmklamt2r038q01gnda25ck99_IMG20260114162251.webp https://assets.wuiltstore.com/cmklamuum038r01gnhq2y2gzz_IMG20260114162213.webp https://assets.wuiltstore.com/cmklamwkb038s01gn9jaa1nza_IMG20260114161912.webp https://assets.wuiltstore.com/cmklamy80038t01gnf49ngioh_IMG20260114161857.webp https://assets.wuiltstore.com/cmklamzuw038u01gn15bn0q9b_IMG20260114161804.webp https://assets.wuiltstore.com/cmklan1h0038v01gngmixgsa7_IMG20260114161759.webp https://assets.wuiltstore.com/cmklan4t5038x01gn5xzwbokm_IMG20260114161421.webp https://assets.wuiltstore.com/cmklan366038w01gnhggzbjsn_IMG20260114161416.webp,,ACTIVE,ألعاب ,https://lolishop.wuiltstore.com/ar/product/all/أسورة-أطفال-استيتش,Global,2026-01-19T18:01:32.608Z,2026-01-19T18:01:32.748Z,,,,
⁨‫دفاتر-الأديب-‫80-ورقة-وسط⁩,دفاتر الأديب 80 ورقة وسط,"<p>دفاتر الأديب 80 ورقة وسط</p>
<p>كفر بلاستيك&nbsp;</p>",دفاتر الأديب 80 ورقة وسط,دفاتر الأديب 80 ورقة وسطكفر بلاستيك ,دفتر الاديب,أسعد الناس,,,,,,Available,50,45,,https://assets.wuiltstore.com/cmkl03ucu02f501gnfube65dh_IMG20260114195348.webp https://assets.wuiltstore.com/cmkl03w4f02f601gnfu16h6tj_IMG20260114195425_BURST000_COVER.webp https://assets.wuiltstore.com/cmkl03y2b02f701gnc7q50ttf_IMG20260114195410.webp https://assets.wuiltstore.com/cmkl03zuf02f801gne2z37lra_IMG20260114195336.webp https://assets.wuiltstore.com/cmkl041p402f901gn4tmfeu12_IMG20260114195321.webp https://assets.wuiltstore.com/cmkl043l502fa01gn0tel6zu3_IMG20260114195302.webp https://assets.wuiltstore.com/cmkl045eb02fb01gnahndhvft_IMG20260114195241.webp https://assets.wuiltstore.com/cmkl0490702fd01gn8pro0whd_IMG20260114195221.webp https://assets.wuiltstore.com/cmkl0473b02fc01gn00pdez1l_IMG20260114195123.webp,,ACTIVE,دفاتر ونوت بوك,https://lolishop.wuiltstore.com/ar/product/all/⁨‫دفاتر-الأديب-‫80-ورقة-وسط⁩,Global,2026-01-19T13:07:05.054Z,2026-01-19T13:07:05.147Z,,,,
⁨‫دفاتر-الأديب-‫80-ورقة-وسط⁩,,,,,دفتر الاديب,النجاح السريع,,,,,,Available,50,45,,,,,,https://lolishop.wuiltstore.com/ar/product/all/⁨‫دفاتر-الأديب-‫80-ورقة-وسط⁩,,,,,,,
⁨‫دفاتر-الأديب-‫80-ورقة-وسط⁩,,,,,دفتر الاديب,كن أنت,,,,,,Available,50,45,,,,,,https://lolishop.wuiltstore.com/ar/product/all/⁨‫دفاتر-الأديب-‫80-ورقة-وسط⁩,,,,,,,
⁨‫دفاتر-الأديب-‫80-ورقة-وسط⁩,,,,,دفتر الاديب,impossible,,,,,,Available,50,45,,,,,,https://lolishop.wuiltstore.com/ar/product/all/⁨‫دفاتر-الأديب-‫80-ورقة-وسط⁩,,,,,,,
⁨‫دفاتر-الأديب-‫80-ورقة-وسط⁩,,,,,دفتر الاديب,فلسطين,,,,,,Available,50,45,,,,,,https://lolishop.wuiltstore.com/ar/product/all/⁨‫دفاتر-الأديب-‫80-ورقة-وسط⁩,,,,,,,
⁨‫دفاتر-الأديب-‫80-ورقة-وسط⁩,,,,,دفتر الاديب,be abee,,,,,,Available,50,45,,,,,,https://lolishop.wuiltstore.com/ar/product/all/⁨‫دفاتر-الأديب-‫80-ورقة-وسط⁩,,,,,,,
دفاتر-شي-أن-استيتش,دفاتر شي أن استيتش,,دفاتر شي أن استيتش,,,,,,,,,Available,55,45,,https://assets.wuiltstore.com/cmkkz9c4p02eb01gnfps3hrs2_IMG20260114162438.webp https://assets.wuiltstore.com/cmkkz9dzh02ec01gn4bhc83u6_IMG20260114162607.webp https://assets.wuiltstore.com/cmkkz9fy102ed01gn3swr2sey_IMG20260114162557.webp https://assets.wuiltstore.com/cmkkz9hs102ee01gngc496s0k_IMG20260114162548.webp https://assets.wuiltstore.com/cmkkz9jid02ef01gn3mo51j2v_IMG20260114162529.webp https://assets.wuiltstore.com/cmkkz9l9s02eg01gnfj7r6aqe_IMG20260114162447.webp https://assets.wuiltstore.com/cmkkz9owf02ei01gn9eydazhg_IMG20260114162430.webp https://assets.wuiltstore.com/cmkkz9n2h02eh01gn1bqxbd1t_IMG20260114162428.webp,,ACTIVE,دفاتر ونوت بوك,https://lolishop.wuiltstore.com/ar/product/all/دفاتر-شي-أن-استيتش,Global,2026-01-19T12:43:21.812Z,2026-01-19T12:43:21.860Z,,,,
دفاتر-شي-أن-سينما-رول,دفاتر شي أن سينما رول,,دفاتر شي أن سينما رول,,,,,,,,,Available,55,45,,https://assets.wuiltstore.com/cmkkz6s9t02dz01gnew3n9wye_IMG20260114163002.webp https://assets.wuiltstore.com/cmkkz6u6n02e001gn7uwe55dq_IMG20260114162948.webp https://assets.wuiltstore.com/cmkkz6w8n02e101gn0mgzb0vy_IMG20260114162935.webp https://assets.wuiltstore.com/cmkkz6y3102e201gn2wixc9ck_IMG20260114162926.webp https://assets.wuiltstore.com/cmkkz700z02e301gn9xxtglwt_IMG20260114162917.webp https://assets.wuiltstore.com/cmkkz71yz02e401gn0lr4ac0z_IMG20260114162901.webp https://assets.wuiltstore.com/cmkkz73rb02e501gnhr0qg7op_IMG20260114162848.webp https://assets.wuiltstore.com/cmkkz75ij02e601gn8xh6eo1y_IMG20260114162836.webp https://assets.wuiltstore.com/cmkkz77cm02e701gngzef85zt_IMG20260114162808.webp https://assets.wuiltstore.com/cmkkz7asi02e901gn0dwz8wic_IMG20260114162749.webp https://assets.wuiltstore.com/cmkkz791e02e801gn1iud11k3_IMG20260114162737.webp,,ACTIVE,دفاتر ونوت بوك,https://lolishop.wuiltstore.com/ar/product/all/دفاتر-شي-أن-سينما-رول,Global,2026-01-19T12:41:20.619Z,2026-01-19T12:41:20.693Z,,,,
دفاتر-شي-أن-دب,دفاتر شي أن دب,,دفاتر شي أن دب,,,,,,,,,Available,55,45,,https://assets.wuiltstore.com/cmkkz2f4o02d101gn4x0he8r1_IMG20260114195745.webp https://assets.wuiltstore.com/cmkkz2grm02d201gnfsu74jxv_IMG20260114195819.webp https://assets.wuiltstore.com/cmkkz2ici02d301gn3aw5hpuo_IMG20260114195810.webp https://assets.wuiltstore.com/cmkkz2k3502d401gn1ec23jkz_IMG20260114195803.webp https://assets.wuiltstore.com/cmkkz2lpn02d501gn0b6g8p0k_IMG20260114195757.webp https://assets.wuiltstore.com/cmkkz2nh502d601gnhw6udt44_IMG20260114195736.webp https://assets.wuiltstore.com/cmkkz2qxm02d801gnhinq61ay_IMG20260114195729.webp https://assets.wuiltstore.com/cmkkz2p7202d701gn62xj8ynr_IMG20260114195720.webp,,ACTIVE,دفاتر ونوت بوك,https://lolishop.wuiltstore.com/ar/product/all/دفاتر-شي-أن-دب,Global,2026-01-19T12:37:59.097Z,2026-01-19T12:37:59.140Z,,,,
دفاتر-شي-أن-دبدوب,دفاتر شي أن دبدوب,,دفاتر شي أن دبدوب,,,,,,,,,Available,55,45,,https://assets.wuiltstore.com/cmkkz03b402cs01gn2mw18uun_IMG20260114195711.webp https://assets.wuiltstore.com/cmkkz056k02ct01gn83f42y69_IMG20260114195701.webp https://assets.wuiltstore.com/cmkkz06x702cu01gngmn406rr_IMG20260114195651.webp https://assets.wuiltstore.com/cmkkz08lr02cv01gn02ce60le_IMG20260114195643.webp https://assets.wuiltstore.com/cmkkz0acu02cw01gn85w12xzt_IMG20260114195546.webp https://assets.wuiltstore.com/cmkkz0c7302cx01gn25xjeaqq_IMG20260114195532.webp https://assets.wuiltstore.com/cmkkz0dvi02cy01gnhg3lew7q_IMG20260114195519.webp https://assets.wuiltstore.com/cmkkz0hcv02d001gn65j42rng_IMG20260114195503.webp https://assets.wuiltstore.com/cmkkz0fkz02cz01gn3qda2r7n_IMG20260114195425_BURST001.webp,,ACTIVE,دفاتر ونوت بوك,https://lolishop.wuiltstore.com/ar/product/all/دفاتر-شي-أن-دبدوب,Global,2026-01-19T12:36:10.457Z,2026-01-19T12:36:10.496Z,,,,
دفتر-شي-أن-كرومي,دفتر شي أن كرومي,,دفتر شي أن كرومي,,,,,,,,,Available,55,45,,https://assets.wuiltstore.com/cmkkyt56m02bx01gn3blzhxni_IMG20260114200414.webp https://assets.wuiltstore.com/cmkkyt72d02by01gn7m1u94ca_IMG20260114200406.webp https://assets.wuiltstore.com/cmkkyt8ym02bz01gn3vf44mti_IMG20260114200340.webp https://assets.wuiltstore.com/cmkkytavi02c001gn8wte2m4g_IMG20260114200244.webp https://assets.wuiltstore.com/cmkkyted802c201gn344w8g6y_IMG20260114200113.webp https://assets.wuiltstore.com/cmkkytcm502c101gndkfwgg4q_IMG20260114200039.webp,,ACTIVE,دفاتر ونوت بوك,https://lolishop.wuiltstore.com/ar/product/all/دفتر-شي-أن-كرومي,Global,2026-01-19T12:30:46.220Z,2026-01-19T12:33:33.726Z,,,,
دفاتر-شي-أن-كيتي-وميلودي,دفاتر شي أن كيتي وميلودي,,دفاتر شي أن كيتي وميلودي,,دفتر ميلودي,كيتي,,,,,,Available,55,45,,https://assets.wuiltstore.com/cmkkywcfq02c601gnbt2yfu5e_IMG20260114200349.webp https://assets.wuiltstore.com/cmkkyweg102c701gn9g0edi2x_IMG20260114200358.webp https://assets.wuiltstore.com/cmkkywg7302c801gncx2d4llq_IMG20260114200332.webp https://assets.wuiltstore.com/cmkkywi2h02c901gn1xwxcfp4_IMG20260114200312.webp https://assets.wuiltstore.com/cmkkywlmb02cb01gn7lvtfdai_IMG20260114200159.webp https://assets.wuiltstore.com/cmkkywjy202ca01gn3ccbe2ql_IMG20260114200132.webp,,ACTIVE,دفاتر ونوت بوك,https://lolishop.wuiltstore.com/ar/product/all/دفاتر-شي-أن-كيتي-وميلودي,Global,2026-01-19T12:33:15.639Z,2026-01-19T12:33:15.703Z,,,,
دفاتر-شي-أن-كيتي-وميلودي,,,,,دفتر ميلودي,ميلودي,,,,,,Available,55,45,,,,,,https://lolishop.wuiltstore.com/ar/product/all/دفاتر-شي-أن-كيتي-وميلودي,,,,,,,
دفتر-شي-أن-ديناصور,دفتر شي أن ديناصور,,دفتر شي أن ديناصور,,دفتر ديناصور,اخضر ف لبني,,,,,,Available,45,,,https://assets.wuiltstore.com/cmkkg195001sf01gn9plgcb8j_IMG20260114200431.webp https://assets.wuiltstore.com/cmkkg1azt01sg01gnbmd489au_IMG20260114200450.webp https://assets.wuiltstore.com/cmkkg1crq01sh01gncue88hqy_IMG20260114200441.webp https://assets.wuiltstore.com/cmkkg1edt01si01gn46eqf1fr_IMG20260114200422.webp https://assets.wuiltstore.com/cmkkg1g2601sj01gngt3m00ro_IMG20260114195959.webp https://assets.wuiltstore.com/cmkkg1hnb01sk01gndfvl9e1q_IMG20260114195948.webp https://assets.wuiltstore.com/cmkkg1j8m01sl01gn9wq9f7ik_IMG20260114195921.webp https://assets.wuiltstore.com/cmkkg1l3i01sm01gnhtf183xz_IMG20260114195918_BURST000_COVER.webp https://assets.wuiltstore.com/cmkkg1oe101so01gnh0nq8htv_IMG20260114195918_BURST001.webp https://assets.wuiltstore.com/cmkkg1mre01sn01gnerf08o7y_IMG20260114195907.webp,,ACTIVE,دفاتر ونوت بوك,https://lolishop.wuiltstore.com/ar/product/all/دفتر-شي-أن-ديناصور,Global,2026-01-19T03:45:11.895Z,2026-01-19T03:45:11.965Z,,,,
دفتر-شي-أن-ديناصور,,,,,دفتر ديناصور,اصفر,,,,,,Available,45,,,,,,,https://lolishop.wuiltstore.com/ar/product/all/دفتر-شي-أن-ديناصور,,,,,,,
دفتر-شي-أن-ديناصور,,,,,دفتر ديناصور,موف,,,,,,Available,45,,,,,,,https://lolishop.wuiltstore.com/ar/product/all/دفتر-شي-أن-ديناصور,,,,,,,
دفتر-شي-أن-ديناصور,,,,,دفتر ديناصور,أخضر,,,,,,Available,45,,,,,,,https://lolishop.wuiltstore.com/ar/product/all/دفتر-شي-أن-ديناصور,,,,,,,
منظم-كتب,منظم كتب ,,منظم كتب ,,سبت,بينك,,,,,,Available,55,50,,https://assets.wuiltstore.com/cmkkbgk0v01kk01gn521panuk_IMG20260116214532.webp https://assets.wuiltstore.com/cmkkbgm3a01kl01gncb00gh2o_IMG20260116214514.webp https://assets.wuiltstore.com/cmkkbgc9y01kg01gn7e3x7zci_IMG20260116214552.webp https://assets.wuiltstore.com/cmkkbge8n01kh01gnfbopd3tr_IMG20260116214607.webp https://assets.wuiltstore.com/cmkkbgg6h01ki01gn8hs02d5n_IMG20260116214556.webp https://assets.wuiltstore.com/cmkkbgi4g01kj01gn1nan8ug6_IMG20260116214535.webp https://assets.wuiltstore.com/cmkkbgo7d01km01gnekq52eyz_IMG20260116214518.webp,,ACTIVE,منظمات مكتب,https://lolishop.wuiltstore.com/ar/product/all/منظم-كتب,Global,2026-01-19T01:36:57.784Z,2026-01-19T01:54:52.200Z,,,,
منظم-كتب,,,,,سبت,ابيض,,,,,,Available,55,50,,,,,,https://lolishop.wuiltstore.com/ar/product/all/منظم-كتب,,,,,,,
سبت-رفايع-كبير,سبت رفايع كبير,,سبت رفايع كبير,,سبت,بيج,,,,,,Available,50,45,,https://assets.wuiltstore.com/cmkkb694o01k401gn9bhxf678_IMG20260116221509.webp https://assets.wuiltstore.com/cmkkb64un01k201gn7k752jil_IMG20260116221526.webp https://assets.wuiltstore.com/cmkkb66xs01k301gn9vwdg3df_IMG20260116221523.webp https://assets.wuiltstore.com/cmkkb6b6e01k501gndb25c6j2_IMG20260116221514.webp,,ACTIVE,منظمات مكتب,https://lolishop.wuiltstore.com/ar/product/all/سبت-رفايع-كبير,None,2026-01-19T01:29:01.474Z,2026-01-19T01:33:31.425Z,,,,
سبت-رفايع-كبير,,,,,سبت,بني,,,,,,Available,50,45,,,,,,https://lolishop.wuiltstore.com/ar/product/all/سبت-رفايع-كبير,,,,,,,
